sale_id,contract_year_month,sigungu_code,legal_dong,partial_lot_number,housing_type,sale_price,land_area,total_floor_area,built_year,match_confidence,source_kind,building_id
57f26439a040baa2f94bad11,202201,41111,연무동,6*,다가구,24000.0,92.0,164.16,1993.0,low,official_rtms,
c81e6da42eda2b01d2415a73,202201,41111,연무동,1**,단독,21000.0,71.0,73.26,1980.0,low,official_rtms,
291fe0054ae49f2119db738d,202201,41111,연무동,6*,다가구,27000.0,102.0,159.47,1994.0,low,official_rtms,
e0f590a4cd6da1866cd56a8b,202201,41111,연무동,6*,단독,15000.0,79.0,28.39,1964.0,low,official_rtms,
af0d42aa5246b50eb2ffe6e4,202201,41111,영화동,4**,다가구,56000.0,139.2,316.35,1996.0,low,official_rtms,
a3129c585950c05c7c63a7e8,202201,41111,영화동,4**,단독,66000.0,155.9,298.18,1991.0,low,official_rtms,
54d503ecc470c0da72913957,202201,41111,영화동,4**,단독,180000.0,206.5,602.19,1991.0,low,official_rtms,
7d9df8cf29a8905a3059060f,202201,41111,영화동,4**,단독,95000.0,181.8,361.8,2011.0,high,official_rtms,HUB-903b568c6fc0e9c3685e
d2fb44bcaeef576fecacfa9e,202201,41111,영화동,4**,다가구,90000.0,266.2,405.84,2012.0,high,official_rtms,HUB-b3aa73e9134d9b015208
e175a289957a5665bab7f1d5,202201,41111,정자동,6*,다가구,164000.0,402.2,977.79,1993.0,low,official_rtms,
a06a1c1e8e5c9c81d98712a2,202201,41111,정자동,3*,단독,95000.0,274.3,316.29,1990.0,unmatched,official_rtms,
0427cc834a6e22bdb93032a5,202201,41111,조원동,7**,다가구,84900.0,202.2,440.73,2004.0,low,official_rtms,
c11bd15fbb25153875180f47,202201,41111,조원동,7**,다가구,73900.0,134.2,254.32,2012.0,low,official_rtms,
87559b751097ea42c3174ccd,202201,41111,조원동,8**,다가구,96000.0,215.1,486.34,2003.0,low,official_rtms,
fa374b8d11ab952085ee1425,202201,41113,고색동,3*,단독,340000.0,812.0,304.32,1986.0,low,official_rtms,
f6077724bac759ff36052b0b,202201,41113,고색동,2**,단독,29310.0,125.0,87.03,1985.0,low,official_rtms,
6cfc3b55d1d954926da3c705,202201,41113,곡반정동,5**,다가구,118000.0,214.7,462.33,2004.0,low,official_rtms,
80e6d5e5a64bf6da2b81fabd,202201,41113,곡반정동,5**,다가구,145000.0,324.9,788.38,2007.0,low,official_rtms,
fa4b5858454e3f4494d011c9,202201,41113,곡반정동,5**,다가구,250000.0,526.2,1167.03,2004.0,low,official_rtms,
62183b28e88ad8a8a7361493,202201,41113,권선동,1***,단독,106000.0,249.7,566.45,2001.0,low,official_rtms,
9eafe19e6d6c9ba5c3f19229,202201,41113,서둔동,3**,단독,44700.0,86.0,31.74,1971.0,medium,official_rtms,HUB-23294159b2f7f217d4ba
9addd6717df0d2487af16ae4,202201,41113,세류동,1***,단독,25000.0,137.7,113.64,1986.0,low,official_rtms,
ffa5b812616b7cd79658c906,202201,41113,세류동,1***,단독,78000.0,154.7,493.43,1993.0,high,official_rtms,HUB-40f155ae5d1f481578ea
37c2fc91a76d84adf46d116f,202201,41113,세류동,1***,단독,26000.0,137.7,113.64,1986.0,low,official_rtms,
fe567b96d454ff02e3b0e18d,202201,41113,세류동,2**,다가구,54000.0,159.5,202.54,1983.0,unmatched,official_rtms,
d18b398754637282cc8dbb0d,202201,41113,입북동,3**,단독,81000.0,635.0,154.62,1993.0,unmatched,official_rtms,
019c17e84bf4925c382af30f,202201,41113,호매실동,1***,다가구,165000.0,273.9,494.86,2017.0,low,official_rtms,
fdc3f0268434918c8f09035f,202201,41115,고등동,1*,단독,55000.0,141.0,248.94,1999.0,low,official_rtms,
1dede6aa7d376cc154ffd52c,202201,41115,고등동,1*,단독,52500.0,190.0,87.37,1977.0,low,official_rtms,
9f92f35296e307c3e93f6a71,202201,41115,고등동,9*,다가구,164850.0,447.0,681.87,1999.0,unmatched,official_rtms,
40d46bb927db2c4ec5f3767d,202201,41115,우만동,5**,다가구,250000.0,496.3,1169.31,2002.0,low,official_rtms,
a5ddae6f90e48acff89c3a72,202201,41115,우만동,4**,다가구,39000.0,146.2,135.61,1986.0,low,official_rtms,
5384b1ee8d9a81f46a6985d7,202201,41115,우만동,5**,다가구,77000.0,160.0,379.98,1991.0,low,official_rtms,
8d4c1315fc1f9d38b7098627,202201,41115,우만동,5**,다가구,56500.0,205.0,385.32,1999.0,low,official_rtms,
7a42e005dc9f5cc49d70f2fa,202201,41115,인계동,7**,단독,23120.0,60.0,20.5,1999.0,unmatched,official_rtms,
a8882d69a8f66c18f901536c,202201,41115,장안동,3**,다가구,75000.0,140.0,238.25,1989.0,low,official_rtms,
570703c9d314059b9e056f74,202201,41115,지동,1**,다가구,45000.0,169.0,210.94,1990.0,low,official_rtms,
770c86a822362ef7996531ae,202201,41115,지동,1**,다가구,30500.0,92.0,132.91,1994.0,high,official_rtms,HUB-38bb7550a774ee707552
f54e1a08c92a08865e782477,202201,41115,지동,1**,단독,45000.0,208.0,156.27,1978.0,low,official_rtms,
20718c077a697c853a1c89a1,202201,41115,지동,2**,단독,28300.0,101.0,56.23,2018.0,low,official_rtms,
64ecbf27624a77770f2ca2e8,202201,41115,화서동,1**,다가구,88000.0,158.0,279.27,1995.0,low,official_rtms,
1e1933795ecc561c0ffb0663,202201,41115,화서동,1**,다가구,41000.0,131.6,210.42,1990.0,low,official_rtms,
ba197dfa8ff1aac31da9889d,202201,41117,망포동,*,다가구,330000.0,369.0,857.89,2020.0,high,official_rtms,HUB-9c5a04c5f0c2d1c532fd
fd86878bea26f178d6d844c4,202201,41117,매탄동,1**,다가구,180000.0,274.1,480.118,2019.0,high,official_rtms,HUB-96581d42ee26c9cd7631
6800c77d70a6149c5572c150,202201,41117,매탄동,4**,다가구,105000.0,264.0,587.28,2003.0,unmatched,official_rtms,
6b266e02df6505f58fd5a3c0,202201,41117,매탄동,1***,다가구,92000.0,210.0,456.29,2002.0,low,official_rtms,
3014a0316e1fb40455f10c47,202202,41111,송죽동,2**,다가구,80000.0,148.0,262.69,2018.0,unmatched,official_rtms,
457dec68e0a749df50e7b46f,202202,41111,송죽동,4**,단독,65000.0,180.7,293.61,1989.0,low,official_rtms,
62fc215db17686a3011412ab,202202,41111,연무동,1**,다가구,75000.0,115.0,211.98,2018.0,low,official_rtms,
70d53b5e7cbcbd1c75b3d24c,202202,41111,연무동,2**,다가구,215000.0,298.7,589.51,2021.0,low,official_rtms,
99e76b490582f30caa167726,202202,41111,연무동,2**,단독,82000.0,162.9,184.28,1984.0,low,official_rtms,
10825aeed864d0801a63e802,202202,41111,영화동,3*,단독,14500.0,56.0,33.19,1974.0,low,official_rtms,
18a2fd629bf228170965a3e6,202202,41111,영화동,3*,단독,20000.0,93.0,31.93,1974.0,low,official_rtms,
c8f77da2cd0932413f4ee18a,202202,41111,정자동,4*,다가구,178000.0,199.2,396.66,2021.0,unmatched,official_rtms,
f11b7e465b2e708b723dc1d4,202202,41111,조원동,4**,다가구,44000.0,164.0,263.94,1989.0,high,official_rtms,HUB-a81d59ff5d20162e800d
2599e41b15c4eb0d45df6a7f,202202,41111,조원동,4**,단독,33800.0,113.0,135.61,1987.0,low,official_rtms,
e777385f1639effc8fb2b89c,202202,41111,조원동,4**,다가구,39300.0,135.0,223.18,1988.0,high,official_rtms,HUB-83455cd4525597e80b11
6220be05359fa232e8f28126,202202,41111,조원동,4**,단독,49000.0,113.0,132.2,1987.0,low,official_rtms,
d7a09be6f818f12f57aa821d,202202,41111,조원동,6**,단독,13000.0,33.0,42.05,1991.0,medium,official_rtms,HUB-980a05a2ee393cf2758f
62bc3e3113ed5e972ecfaae7,202202,41113,구운동,3**,단독,93960.0,259.0,345.23,1997.0,low,official_rtms,
58ee322ea5f0aa2f867e5e84,202202,41113,구운동,5**,단독,41000.0,184.7,299.4,1991.0,unmatched,official_rtms,
a0f87fc9b30ad545bbdba393,202202,41113,구운동,5**,다가구,75000.0,202.9,356.4,1990.0,unmatched,official_rtms,
7f9609d7ace240e53d80ef4e,202202,41113,권선동,1***,단독,81000.0,225.2,183.35,1988.0,low,official_rtms,
368a83e79a8dd9c99bbde229,202202,41113,권선동,1***,단독,98000.0,249.9,364.2,1991.0,low,official_rtms,
b2210404b8dc6c984ecebf15,202202,41113,서둔동,1**,다가구,143000.0,449.0,146.48,1978.0,low,official_rtms,
81a1d11d800ab2c2abcf5781,202202,41113,세류동,4**,다가구,23500.0,119.9,113.42,1987.0,low,official_rtms,
7b9bd6af0463593cdf451d55,202202,41113,세류동,3**,단독,55000.0,142.9,229.7,1989.0,unmatched,official_rtms,
24054347d44d86ef7ce716ee,202202,41113,탑동,7**,다가구,62000.0,131.2,372.15,2004.0,unmatched,official_rtms,
a1bef8ab8fcfcfbf23bf8883,202202,41113,탑동,2**,다가구,74500.0,185.0,457.42,2008.0,high,official_rtms,HUB-05b175b732a783a3c0c0
446e337406132b48ddbe838d,202202,41113,평동,4*,단독,115000.0,338.0,50.68,1970.0,low,official_rtms,
a2c3721f6696ce0b5b6170a5,202202,41113,호매실동,4**,단독,280000.0,633.0,1376.46,1998.0,low,official_rtms,
7ca0641d58d37a3090795b94,202202,41115,고등동,9*,단독,56000.0,139.0,29.42,1956.0,unmatched,official_rtms,
a3c8e5d918a3d876a469b1c5,202202,41115,신풍동,3*,단독,140000.0,248.0,163.45,1999.0,low,official_rtms,
1b39b1c5968254dc15c29ea2,202202,41115,신풍동,3*,단독,34000.0,83.0,40.33,1965.0,high,official_rtms,HUB-285c0510986bad0b08ee
0291cfe3fbf29fe83ba39ba0,202202,41115,인계동,9**,다가구,119000.0,286.4,645.52,1996.0,unmatched,official_rtms,
cd1d66123748e8151b15b084,202202,41115,인계동,1***,단독,80000.0,169.8,179.49,1988.0,low,official_rtms,
5f3fd9081736924a3b41c1c3,202202,41115,장안동,8*,다가구,140000.0,234.0,322.97,1995.0,low,official_rtms,
6a836606389d050ce0654261,202202,41115,지동,2**,단독,33000.0,112.0,52.09,1975.0,low,official_rtms,
e300b75c77440cf6eda90709,202202,41115,지동,4**,다가구,150000.0,197.4,299.87,1994.0,low,official_rtms,
b479be0e04f64a7849dab994,202202,41115,지동,4**,다가구,200168.0,599.9,248.46,1994.0,low,official_rtms,
33862ab2d3766cdeab1007dd,202202,41115,지동,2**,단독,28000.0,182.0,85.23,1999.0,low,official_rtms,
c58c8905462a60585cd81e2d,202202,41115,지동,1**,단독,21000.0,112.0,52.89,1971.0,low,official_rtms,
ef2b72c57ff03feac2edf219,202202,41115,지동,3**,단독,55500.0,164.7,139.17,1999.0,medium,official_rtms,HUB-62b53fe4e1193555a48a
98b46298818c58636d53d4a5,202202,41115,화서동,2**,단독,16400.0,149.0,142.56,1999.0,low,official_rtms,
2e910f39731f2b75e4639c81,202202,41117,매탄동,8**,단독,82400.0,214.9,417.4,1990.0,unmatched,official_rtms,
626d0378394d1a1ab3e0e820,202202,41117,매탄동,1**,다가구,59000.0,219.3,234.99,1989.0,high,official_rtms,HUB-8b988b102ce1f5f45ce8
782094676e98796f18af41bd,202202,41117,매탄동,1***,다가구,90000.0,196.0,415.3,2002.0,high,official_rtms,HUB-93930723d10211db1cc3
45550c8e76cd3bea25083444,202202,41117,영통동,1***,단독,102200.0,255.9342,172.77,2017.0,low,official_rtms,
e6e1c218bbc0c2e7ccec92bd,202202,41117,이의동,1***,다가구,212000.0,269.3,483.89,2014.0,low,official_rtms,
8a54347f3ad001f291f67152,202203,41111,송죽동,4**,단독,67500.0,180.2,273.57,1989.0,low,official_rtms,
a0243144b925008806b4640e,202203,41111,연무동,2**,단독,49000.0,133.5,137.8,1983.0,low,official_rtms,
260843762de7606974b63584,202203,41111,연무동,5*,단독,25000.0,86.0,147.67,1991.0,low,official_rtms,
d05c2b9bde59866394e70475,202203,41111,연무동,6*,단독,15800.0,104.0,157.8,1995.0,low,official_rtms,
df2ddddd3034748614136f36,202203,41111,영화동,3**,단독,88000.0,218.3,294.69,1988.0,low,official_rtms,
b9dc66a76784dbab561d9620,202203,41111,영화동,3**,단독,55200.0,164.4,97.92,1982.0,low,official_rtms,
f8fc95bb93a68545499c3448,202203,41111,영화동,4**,단독,43000.0,197.4,156.15,1977.0,low,official_rtms,
c6e0d7bce990166479b721aa,202203,41111,율전동,1**,단독,60000.0,167.0,239.78,1993.0,low,official_rtms,
5c1bf275ac307d71dcd0c2dd,202203,41111,율전동,1**,단독,79000.0,204.0,327.36,1997.0,low,official_rtms,
8c609ef36ba8b1ceab4cccf5,202203,41111,율전동,1**,단독,50000.0,185.0,230.8,1994.0,high,official_rtms,HUB-571f1879c7a70991fcf9
9d1b3b992133806b91f1b959,202203,41111,율전동,1**,다가구,52500.0,223.0,227.22,1990.0,low,official_rtms,
b83d87065e0ca43bbf40e3e2,202203,41111,율전동,2**,다가구,59000.0,159.0,227.19,1993.0,unmatched,official_rtms,
ec0fd31460c47d7088272852,202203,41111,조원동,7**,다가구,88000.0,157.7,253.7,2016.0,low,official_rtms,
8f82c8874dc081e48d173099,202203,41111,천천동,5**,다가구,101000.0,203.8,312.01,2002.0,unmatched,official_rtms,
dc194983c28c413933012880,202203,41111,파장동,5**,다가구,57000.0,121.7,202.64,1988.0,unmatched,official_rtms,
45bb0e1026e60fea192b876c,202203,41111,파장동,5**,다가구,45000.0,147.8,219.6,1988.0,unmatched,official_rtms,
e0960b6b1dae11d43ea431b4,202203,41111,파장동,5**,단독,174500.0,333.0,795.02,1994.0,unmatched,official_rtms,
8e5a92821dac60c4970a0630,202203,41111,파장동,5**,다가구,68000.0,214.0,295.74,1994.0,unmatched,official_rtms,
05635e03cdf21e86df57228d,202203,41113,고색동,4**,단독,43500.0,164.0,88.89,1979.0,low,official_rtms,
5ff96c256e8d39576c072ade,202203,41113,곡반정동,6**,다가구,63500.0,173.6,401.05,2006.0,low,official_rtms,
5422dd2c0cb8bb31b632d4ad,202203,41113,곡반정동,5**,다가구,210000.0,251.2,962.04,2008.0,low,official_rtms,
eb804d8cea165860eaeeb7ab,202203,41113,구운동,9**,단독,82250.0,240.6,502.5,2002.0,medium,official_rtms,HUB-81e14598c5fdc3592afc
faa48f45e976376127a2c7b0,202203,41113,구운동,5**,단독,138700.0,224.9,396.9,1991.0,unmatched,official_rtms,
c0fdec01eed6332c85d460e3,202203,41113,권선동,9**,다가구,94000.0,259.7,487.32,1990.0,low,official_rtms,
c2b9296af859481d24656fce,202203,41113,세류동,1***,단독,47000.0,145.5,247.68,1990.0,low,official_rtms,
c1a228e599df134b9af5f67e,202203,41113,세류동,2**,단독,50000.0,150.5,96.6,1980.0,unmatched,official_rtms,
9fb8475bd15566d7e626eb94,202203,41113,세류동,2**,단독,50000.0,150.5,164.72,1992.0,unmatched,official_rtms,
555c927537d46c8d58e1e4ec,202203,41113,세류동,9**,다가구,48400.0,133.0,223.2,1993.0,low,official_rtms,
4efc133a003afbd68b8ce398,202203,41113,세류동,1***,다가구,30000.0,141.3,190.26,1988.0,low,official_rtms,
98aab89ed411ce5b947bafe9,202203,41113,세류동,1**,단독,522300.0,1017.0,75.01,1973.0,low,official_rtms,
e063630ba28cd268c9c3716c,202203,41113,세류동,1**,단독,595000.0,1157.0,75.01,,low,official_rtms,
e579f4e5536e75901860eb85,202203,41113,탑동,3**,단독,29900.0,108.0,53.1,1988.0,low,official_rtms,
42408ca7cc1e2aae8f8d8c6c,202203,41113,탑동,3**,단독,37000.0,125.0,61.1,1988.0,low,official_rtms,
e13390fc07e427f0efb59503,202203,41113,탑동,1*,단독,35000.0,161.0,228.19,1993.0,low,official_rtms,
0b3cdb2b3bf7a96abad24f44,202203,41115,고등동,4*,다가구,53000.0,144.2,250.665,1996.0,low,official_rtms,
69dea725c2032bb348ec4046,202203,41115,고등동,2**,단독,35200.0,73.0,127.44,1997.0,unmatched,official_rtms,
ac1250a2cc4ceb61b2b0564c,202203,41115,고등동,8*,단독,30000.0,129.8,131.83,1982.0,low,official_rtms,
8119e7a17bed951a8fd32b4b,202203,41115,고등동,1*,단독,52500.0,158.0,79.44,1976.0,low,official_rtms,
0666d055277484d6be74bc2e,202203,41115,고등동,1*,단독,49400.0,163.3,79.73,1976.0,low,official_rtms,
6cdabcca05530a899cb44914,202203,41115,남수동,1*,단독,46000.0,96.0,94.99,1979.0,low,official_rtms,
acdcb93c9bd0807ae2b2b1df,202203,41115,남창동,9*,단독,50000.0,154.0,294.82,1985.0,unmatched,official_rtms,
94fa71a8d4e4c4e19b9a04df,202203,41115,매교동,1**,다가구,135000.0,149.0,648.22,1990.0,low,official_rtms,
a9620150824f9b2151221e27,202203,41115,매산로2가,8*,단독,26500.0,99.0,35.87,1965.0,low,official_rtms,
20059f747e0ed7623bb4e614,202203,41115,매산로2가,7*,단독,593150.0,676.0,159.5,1999.0,low,official_rtms,
d40bc2c2589d87c1bd503ac2,202203,41115,매산로2가,7*,단독,507790.0,579.0,260.44,1999.0,low,official_rtms,
b57cf1614e435814a1a9e556,202203,41115,우만동,5**,다가구,35000.0,118.9,114.4,1986.0,low,official_rtms,
99ef19599b535357ddefe14f,202203,41115,우만동,4**,다가구,30000.0,145.2,111.51,1987.0,low,official_rtms,
cef870ac45130a6516b2ca74,202203,41115,인계동,2**,단독,36100.0,104.0,125.46,1997.0,high,official_rtms,HUB-97e2750406d0fa845711
c4c359d88fbeed0610ba4dab,202203,41115,인계동,9**,다가구,51500.0,138.9,140.21,1988.0,unmatched,official_rtms,
bfa53a548b5e82fa2e3e3c5c,202203,41115,인계동,9**,다가구,49000.0,133.3,199.08,1991.0,unmatched,official_rtms,
9ffc23c98bdbf218ab9e56fe,202203,41115,인계동,1***,단독,80000.0,169.8,179.49,1988.0,low,official_rtms,
41b852faee66d2e10b06a61f,202203,41115,인계동,2**,단독,36338.0,104.0,125.46,1997.0,high,official_rtms,HUB-97e2750406d0fa845711
c867ac0740c6ebd05b18e497,202203,41115,인계동,9**,단독,405000.0,652.6,1865.13,1988.0,unmatched,official_rtms,
90c5ff2e66e2401814c62a1a,202203,41115,장안동,9*,다가구,90000.0,175.0,258.78,1995.0,unmatched,official_rtms,
db85b65f59b166039e7dbc8e,202203,41115,장안동,1**,단독,45000.0,83.0,83.31,1968.0,low,official_rtms,
1c5cd2747af3ccaa0b48e174,202203,41115,장안동,3**,단독,120000.0,198.0,160.26,1976.0,low,official_rtms,
60368a164f3f66e4eb9ec727,202203,41115,지동,2**,단독,35000.0,132.0,61.95,1970.0,low,official_rtms,
f17911abd9ab0f72986bb843,202203,41115,지동,2**,단독,29800.0,137.0,115.41,1979.0,low,official_rtms,
c8aeea705fb7ce541c668963,202203,41115,화서동,1**,다가구,39700.0,143.0,190.92,1995.0,low,official_rtms,
b50d0bb34a1c843b63f07680,202203,41115,화서동,1**,단독,33750.0,112.4,66.25,1985.0,low,official_rtms,
11b602e9c7681d0f807392c3,202203,41115,화서동,1**,다가구,40000.0,149.0,190.92,1995.0,low,official_rtms,
3a95ae80ee8403b1d6ec3ae0,202203,41115,화서동,1**,단독,450000.0,460.5,1482.6,1999.0,low,official_rtms,
49372e26b84ed10b80e2a07c,202203,41117,매탄동,1**,다가구,160000.0,229.6,432.16,2019.0,low,official_rtms,
276aa7e9df98104a09b57414,202203,41117,매탄동,2**,단독,67000.0,217.0,276.9,1990.0,low,official_rtms,
1c09730855350a88df4acbe3,202203,41117,매탄동,1***,다가구,89000.0,278.6,503.5,2002.0,low,official_rtms,
e9aafa43c02d584844af75d1,202203,41117,매탄동,8**,다가구,175000.0,502.7,421.11,1993.0,unmatched,official_rtms,
545180935e538894c75c9973,202203,41117,영통동,1***,다가구,86000.0,189.8,324.84,1999.0,low,official_rtms,
184d95d1a83739c23d086064,202204,41111,영화동,2**,단독,57400.0,139.0,165.03,1985.0,low,official_rtms,
e15a778724f2efe8685d3dd3,202204,41111,영화동,3*,단독,23800.0,86.0,33.72,1974.0,low,official_rtms,
0a63c65a44d3498448b20d72,202204,41111,영화동,4**,단독,49000.0,126.4,222.75,1997.0,low,official_rtms,
96de5b3876bac53395eea131,202204,41111,영화동,4**,단독,105000.0,303.8,201.28,1979.0,low,official_rtms,
865d973566298319bf9d4cc9,202204,41111,영화동,4**,단독,44800.0,150.3,144.48,1983.0,low,official_rtms,
6c494124f35d382eb7eedf46,202204,41111,율전동,4**,단독,91000.0,199.0,245.36,1988.0,medium,official_rtms,HUB-67504965c55953b7fdd3
a9cb31733320448394c85e48,202204,41111,율전동,4**,단독,59000.0,158.0,163.4,1982.0,medium,official_rtms,HUB-67504965c55953b7fdd3
0c922fb0adefb1af57839526,202204,41111,정자동,3*,다가구,61000.0,206.1,355.26,1993.0,unmatched,official_rtms,
e3cd5e1e504c140d4985a405,202204,41111,정자동,4*,단독,63500.0,149.3,166.07,1983.0,unmatched,official_rtms,
369ef1aaac85caaf6fa66415,202204,41111,조원동,7**,단독,70000.0,175.2,414.12,1989.0,low,official_rtms,
b4d8a135860581f88b8f7930,202204,41111,조원동,7**,단독,39000.0,123.0,147.41,1988.0,low,official_rtms,
f6a5f6f0527af9b036e39b1a,202204,41111,조원동,6**,단독,22000.0,66.0,49.4,1996.0,medium,official_rtms,HUB-980a05a2ee393cf2758f
f940cfb39f044164e451dabf,202204,41111,조원동,4**,다가구,123000.0,362.0,474.6,2016.0,high,official_rtms,HUB-0514a2fdbe711d2f25f1
d98d537cc7622c8cbe232f8f,202204,41111,조원동,5**,다가구,82500.0,248.0,250.17,1981.0,low,official_rtms,
b59938ac40118a5422d5f46c,202204,41111,조원동,8**,다가구,88000.0,237.7,501.36,2002.0,low,official_rtms,
1cce19c874daae26a77f35fb,202204,41111,조원동,7**,단독,63000.0,206.9,162.48,1984.0,low,official_rtms,
4795084918aab92f0c7a53e8,202204,41111,천천동,2**,단독,60200.0,144.0,199.23,1991.0,high,official_rtms,HUB-ba9222e1690913d4ab66
d182e23061e3039c2d885888,202204,41111,파장동,5**,다가구,132000.0,186.5,390.41,2022.0,unmatched,official_rtms,
f1f7f2d83c9b9f91195ccbcd,202204,41113,고색동,4*,단독,29500.0,106.0,117.78,1983.0,low,official_rtms,
c5f37ec75721e3424d636b9e,202204,41113,곡반정동,5**,단독,139500.0,207.4,823.6,2008.0,low,official_rtms,
e9d295c4d52b2cf956455e2b,202204,41113,구운동,9**,단독,100000.0,218.1,402.61,2010.0,medium,official_rtms,HUB-81e14598c5fdc3592afc
bcb95d2c5d407a0a8ac68dac,202204,41113,구운동,9**,단독,69000.0,237.5,502.9,2003.0,medium,official_rtms,HUB-81e14598c5fdc3592afc
1132d212fec0edc5a3d92a46,202204,41113,구운동,5**,단독,17000.0,134.9,162.18,1989.0,unmatched,official_rtms,
61d87beaec8249548a5ee93e,202204,41113,구운동,5**,다가구,52500.0,202.7,289.37,1991.0,unmatched,official_rtms,
089b7a1d5d85232bbbc72c56,202204,41113,구운동,5**,단독,28000.0,97.2,164.88,2014.0,unmatched,official_rtms,
dd8ee0cd9992509efd5f75ca,202204,41113,권선동,1***,단독,198700.0,392.2,779.58,1988.0,low,official_rtms,
69f43dfea71c87cbf7fbc510,202204,41113,서둔동,9*,다가구,70000.0,191.0,326.04,1996.0,low,official_rtms,
f7a5c8ceab03a4947ba0219a,202204,41113,서둔동,2*,다가구,66000.0,158.0,247.85,2011.0,unmatched,official_rtms,
86c1b534f344d32045a6552e,202204,41113,세류동,4**,단독,50000.0,179.4,255.1,1991.0,low,official_rtms,
d435f125c810cef41b1fc3f9,202204,41113,세류동,1**,단독,53000.0,164.0,82.02,1979.0,low,official_rtms,
bd4774413607fbb20e39e5d9,202204,41113,세류동,1**,단독,45000.0,166.0,126.9,1979.0,low,official_rtms,
abb02bc64d6de32bb34a2e42,202204,41113,세류동,6**,단독,27200.0,112.0,44.36,1974.0,medium,official_rtms,HUB-6e8fa741dcbeca8e1534
31d3764acff7a176daf72a49,202204,41113,세류동,4**,다가구,180000.0,192.1,467.42,2019.0,low,official_rtms,
1561bc3ae3c62134ea8b2345,202204,41113,세류동,1***,단독,35000.0,116.0,69.08,1994.0,low,official_rtms,
5b94aa780690f87baea0396e,202204,41113,세류동,2**,다가구,30000.0,144.0,211.01,1989.0,unmatched,official_rtms,
3ef3f7241ffa967a6beff47e,202204,41113,세류동,4**,단독,52500.0,151.0,83.43,1978.0,low,official_rtms,
64a29c19bc5cc124423bf325,202204,41113,세류동,4**,단독,85000.0,182.0,164.8,1982.0,low,official_rtms,
1e4e041767e77b5bcf801ca9,202204,41113,세류동,1***,다가구,38000.0,155.0,150.84,1981.0,low,official_rtms,
a30064be16e24d7198e0eb87,202204,41113,세류동,4**,단독,31700.0,156.7,189.3,1984.0,low,official_rtms,
04b5c4daf82a93a528c597d8,202204,41113,세류동,9*,단독,70000.0,167.0,245.39,1994.0,low,official_rtms,
4afa875808e0b4d3b240637a,202204,41113,세류동,4**,단독,32500.0,156.0,153.54,1988.0,low,official_rtms,
e32074d2b0e0594877fdd0f5,202204,41113,세류동,2**,단독,80000.0,307.0,39.34,1955.0,unmatched,official_rtms,
ef7d77baedeacd41cf9a8a93,202204,41113,세류동,2**,단독,60000.0,165.0,54.21,1944.0,unmatched,official_rtms,
7056bf33f3037253f5323c96,202204,41113,세류동,2**,단독,25000.0,66.0,31.97,1947.0,unmatched,official_rtms,
6d38fd0d0bdc2be53c50a649,202204,41113,세류동,2**,다가구,97000.0,202.0,160.53,1981.0,unmatched,official_rtms,
7db67082dc2dccc78d1bec37,202204,41113,세류동,1***,단독,191100.0,452.0,239.22,1985.0,low,official_rtms,
c179e0d20248fc65edddbf1a,202204,41113,탑동,8**,단독,62300.0,235.2,280.44,2003.0,unmatched,official_rtms,
057f2389ee8792525f7a882b,202204,41113,호매실동,1***,다가구,171000.0,250.7,494.56,2016.0,low,official_rtms,
8bc74986f553e13fe29e53e5,202204,41113,호매실동,1***,단독,149000.0,249.3,448.78,2015.0,low,official_rtms,
6f73e4e454465a8f68265276,202204,41115,남창동,5*,다가구,65000.0,222.0,338.58,1994.0,low,official_rtms,
75ef6cf7cc6627230bfe932a,202204,41115,남창동,9*,단독,39000.0,188.0,149.85,1975.0,unmatched,official_rtms,
415e1e004a4adb053368bacb,202204,41115,매산로2가,8*,단독,4500.0,33.0,49.59,1969.0,low,official_rtms,
e5c69bb15ee65a05c81826b6,202204,41115,매향동,1*,단독,35800.0,210.0,136.5,1975.0,low,official_rtms,
2cd5dbd4fca42c2c077b2858,202204,41115,신풍동,2**,단독,122000.0,255.0,125.95,1968.0,low,official_rtms,
9cdaae805f93365d205be4aa,202204,41115,우만동,4**,다가구,93000.0,152.4,395.37,1992.0,low,official_rtms,
c67ba5f96f18c8683680f986,202204,41115,우만동,4**,단독,48500.0,157.7,223.19,1988.0,low,official_rtms,
c919b78b12269919211c8621,202204,41115,인계동,7**,다가구,39600.0,159.0,176.03,1995.0,unmatched,official_rtms,
b33eae8379473dd77f2f058d,202204,41115,인계동,2**,단독,11000.0,127.0,47.35,1976.0,low,official_rtms,
5dec99c11a628ed780ba76b5,202204,41115,장안동,2*,단독,80000.0,142.0,49.59,1969.0,low,official_rtms,
e6c47c2b740baff0c03634dc,202204,41115,지동,1**,단독,39000.0,125.0,165.96,1989.0,low,official_rtms,
121d8745b533a05ed8ee4f73,202204,41115,지동,1**,다가구,43000.0,175.0,131.57,1976.0,low,official_rtms,
aab79045c2200e178e58bc57,202204,41115,지동,3**,단독,15500.0,145.0,48.89,1960.0,medium,official_rtms,HUB-62b53fe4e1193555a48a
6c02dade40a577b52486bd90,202204,41117,매탄동,5**,단독,126000.0,263.0,716.8,2010.0,low,official_rtms,
a7d22419d42c59b133a7c128,202204,41117,매탄동,1**,단독,51500.0,173.5,256.17,1988.0,low,official_rtms,
eafd430646ae1313bb04d063,202204,41117,매탄동,1**,다가구,91000.0,231.0,362.52,1996.0,low,official_rtms,
4ee403e9fec88e60ff90ec0e,202204,41117,매탄동,2**,단독,58500.0,196.1,278.52,1989.0,low,official_rtms,
60d732b1d6f5e67f649ab3c5,202204,41117,매탄동,1***,단독,59000.0,180.6,237.06,1991.0,high,official_rtms,HUB-a5c75a4720e3ac6e7d0e
9caf0bca0b4e1577b98ded2a,202204,41117,영통동,9**,단독,105000.0,255.4,499.65,2001.0,low,official_rtms,
76105025f0b8bdd978662c24,202204,41117,영통동,1***,다가구,167000.0,211.7,380.24,2002.0,low,official_rtms,
7c3f6286f3a511999b979411,202204,41117,원천동,2*,다가구,145000.0,209.0,359.8,2008.0,high,official_rtms,HUB-c30b7088e7b6655478f0
0b3956fb8e42a3ee36e69a08,202205,41111,송죽동,4**,단독,37800.0,107.4,182.61,1989.0,low,official_rtms,
111632091ed8ad849d13cfc0,202205,41111,송죽동,2**,다가구,32000.0,109.0,189.15,1995.0,unmatched,official_rtms,
d61060226ab4d3f4640e9467,202205,41111,연무동,2**,단독,55000.0,190.0,114.54,1981.0,low,official_rtms,
b5aaf7e5a0c09a807cf769a5,202205,41111,연무동,2**,단독,130000.0,186.4,218.7,1984.0,low,official_rtms,
93f772326538891ff3a2f1d4,202205,41111,연무동,6*,단독,23400.0,86.0,24.56,1964.0,low,official_rtms,
c541d9efd49dce468f0f71a1,202205,41111,연무동,2**,단독,44000.0,118.5,116.01,1984.0,low,official_rtms,
21d23c365986bc2cb68238e0,202205,41111,연무동,1**,단독,22000.0,40.0,34.51,1964.0,low,official_rtms,
45580facefbd8f1ee3a835ee,202205,41111,영화동,4**,단독,41700.0,172.4,146.78,1982.0,high,official_rtms,HUB-5b4dd1289149d390185b
14caf36007560f5fe1c97380,202205,41111,영화동,4**,단독,43100.0,178.2,140.8,1982.0,low,official_rtms,
f3d9e5e78aab028eba25fb4b,202205,41111,영화동,1**,단독,49000.0,158.0,178.29,1987.0,high,official_rtms,HUB-1939ed05d5b612dca0f4
671af54715b283243225ac5c,202205,41111,영화동,9*,다가구,112000.0,270.0,636.75,1996.0,high,official_rtms,HUB-f239739a0dd49a0124e3
ee31cb76a4135ac56fb68fd6,202205,41111,영화동,3*,단독,29000.0,92.0,80.48,2008.0,high,official_rtms,HUB-4ef7f1d565686e124cb2
6ea1e7ec9fb3bde05a2f1846,202205,41111,영화동,1**,단독,27500.0,102.0,83.98,1994.0,low,official_rtms,
ebc078be89e1e37fbc5328b3,202205,41111,율전동,4**,단독,60000.0,158.0,163.4,1982.0,medium,official_rtms,HUB-67504965c55953b7fdd3
523113eac92fc8e684247509,202205,41111,율전동,4**,다가구,180000.0,189.0,368.54,2018.0,medium,official_rtms,HUB-67504965c55953b7fdd3
d8f8a5170a81050f5d24d71a,202205,41111,이목동,8**,단독,23600.0,142.0,48.26,1972.0,low,official_rtms,
cc67e1413c8a708e0dc5df9b,202205,41111,정자동,4**,단독,50500.0,284.0,94.9,1985.0,unmatched,official_rtms,
5b9d4401b54e20098de4c8ce,202205,41111,조원동,4**,단독,46500.0,199.0,298.96,1988.0,high,official_rtms,HUB-b7b137533347d20b8a4b
e93d7d465bdd7e01cfed93cc,202205,41111,조원동,8**,다가구,84000.0,234.1,502.68,2002.0,low,official_rtms,
faa46ad90a43016a2910cd0c,202205,41111,조원동,7**,단독,50000.0,197.1,232.92,1985.0,low,official_rtms,
d918134f88f8eebb4459ceff,202205,41111,조원동,6**,단독,21500.0,59.0,78.29,1997.0,medium,official_rtms,HUB-980a05a2ee393cf2758f
6b915868450308eeae85bc6c,202205,41111,조원동,8**,단독,84000.0,217.0,486.84,2002.0,low,official_rtms,
d9cf5b26e6eb116fb6002e70,202205,41111,천천동,2**,단독,74250.0,182.0,243.51,1990.0,low,official_rtms,
0227b1e4ebdad8cf25fb6899,202205,41111,파장동,5**,단독,43000.0,153.5,253.05,1989.0,unmatched,official_rtms,
2c07e6f71b70e9b097a44f0b,202205,41113,고색동,8*,단독,46800.0,159.0,199.71,1999.0,unmatched,official_rtms,
890925c0d46e155681c28f83,202205,41113,곡반정동,5**,다가구,107500.0,228.7,566.41,2007.0,high,official_rtms,HUB-86dacaf6663a52759be8
d43ce51f662b1d465488a9d9,202205,41113,구운동,4**,다가구,124500.0,272.6,537.46,1990.0,low,official_rtms,
e4b6ad8dc597cdbd41b6b44b,202205,41113,권선동,9**,다가구,133000.0,249.9,520.06,2007.0,low,official_rtms,
bb15490ff931b0283e790cfc,202205,41113,서둔동,3*,단독,25000.0,100.0,121.6,1980.0,medium,official_rtms,HUB-23294159b2f7f217d4ba
b180b093ab0063aeed1ae34c,202205,41113,세류동,5**,단독,68200.0,203.4,272.78,1990.0,unmatched,official_rtms,
6d2f53313af28e7fc5672f7d,202205,41113,세류동,6**,다가구,52900.0,174.0,296.2,2002.0,medium,official_rtms,HUB-6e8fa741dcbeca8e1534
b688c02cb2dbc10d94d17d2e,202205,41113,세류동,1***,단독,66000.0,184.0,269.88,1989.0,high,official_rtms,HUB-e9c427adfa998b322579
1d3adfd7b44745ec95af2cc9,202205,41113,세류동,1***,단독,57000.0,157.0,240.48,1989.0,low,official_rtms,
9fd8a0bc08f75b634712c0a3,202205,41113,세류동,4**,단독,52000.0,151.1,187.74,1984.0,low,official_rtms,
b361a9511acec91afcffa2d7,202205,41113,세류동,5**,단독,34900.0,105.0,146.05,1980.0,unmatched,official_rtms,
7f9116125f2c01f8f420a9f3,202205,41113,세류동,5**,다가구,70000.0,206.0,328.72,1998.0,unmatched,official_rtms,
283a35705ddfbbe7d6066271,202205,41113,세류동,5**,다가구,69000.0,218.9,272.78,1990.0,unmatched,official_rtms,
669ecdc61a6628a5a053cc59,202205,41113,세류동,1***,단독,20000.0,116.0,49.59,1971.0,low,official_rtms,
9a67799e7dadf81f1bf4886c,202205,41113,세류동,1**,단독,24900.0,67.0,101.2,1976.0,high,official_rtms,HUB-a871ff8a5176d3e64e53
c21af9160dbd5fb9e0e3bb13,202205,41113,탑동,3**,단독,40500.0,132.0,148.62,1995.0,low,official_rtms,
9a0a432bb1c30d7660edffdd,202205,41113,탑동,3**,단독,48000.0,132.0,165.99,1989.0,low,official_rtms,
6a7947b42461ee62a4107b68,202205,41113,평리동,2**,단독,125000.0,379.0,328.65,2015.0,low,official_rtms,
6e8e5cba5d871dacf1bba5a5,202205,41115,남창동,1**,다가구,40000.0,129.0,141.32,1973.0,low,official_rtms,
ef74f7564588bb28e0e68e32,202205,41115,남창동,6*,다가구,87500.0,217.0,391.58,1995.0,high,official_rtms,HUB-0df0a80b2cfc41d8ad86
e8806e08fe819a86367ee8c1,202205,41115,남창동,1**,단독,18300.0,40.0,20.63,1975.0,low,official_rtms,
8eb6ea9d8017d1bf77f913c2,202205,41115,매산로3가,9*,단독,44900.0,149.0,51.9,1969.0,low,official_rtms,
bfcc01dae2b747a8f21ed165,202205,41115,매산로3가,7*,단독,21500.0,122.0,45.62,1969.0,unmatched,official_rtms,
5c317137e21963d1882412be,202205,41115,신풍동,1**,다가구,71680.0,158.0,276.45,1997.0,low,official_rtms,
701a81d713966e328ab38432,202205,41115,우만동,4**,단독,69000.0,165.9,267.75,1989.0,high,official_rtms,HUB-f47d2f6f411601c74898
9d00fd3069e84e288572395e,202205,41115,인계동,8**,다가구,50000.0,132.0,152.19,1994.0,unmatched,official_rtms,
7506f27b61eee0ff5b3498cf,202205,41115,인계동,7**,단독,37000.0,119.0,48.93,1970.0,unmatched,official_rtms,
cd3fb4da3b119f445caf021f,202205,41115,인계동,9**,단독,75000.0,180.1,233.09,1988.0,unmatched,official_rtms,
a7dd4ad4fa5d65b792b491c4,202205,41115,장안동,2*,단독,110000.0,108.0,134.06,1996.0,high,official_rtms,HUB-6f94aa4dbd72e386b8a3
db87a3c29d13f0f5efbc0ebb,202205,41115,장안동,5*,단독,180000.0,226.0,139.14,1979.0,low,official_rtms,
d74f6778e593c1945eb4b809,202205,41115,지동,2**,단독,37000.0,182.0,71.4,1999.0,low,official_rtms,
bfc5bbfdd8607336bd7fe4b0,202205,41115,지동,2**,단독,19000.0,150.0,59.93,1974.0,low,official_rtms,
3b406fb1edcfecfa95ad9220,202205,41115,지동,2**,단독,21700.0,141.0,130.96,1978.0,low,official_rtms,
154e22857301b8c7289925bb,202205,41115,지동,1**,단독,58000.0,116.0,155.13,1985.0,low,official_rtms,
cb9b918e408a081f190d5ce7,202205,41115,지동,1**,단독,70000.0,233.0,491.8,1991.0,high,official_rtms,HUB-471c83f70fd49aed6aa8
5ff1120550cc91f32cdab5af,202205,41115,지동,2**,다가구,30000.0,195.0,193.41,1997.0,low,official_rtms,
b3cd3ae0da897ae81569e8ee,202205,41115,지동,3**,단독,11000.0,155.0,49.59,1999.0,medium,official_rtms,HUB-62b53fe4e1193555a48a
0cb8d1ead8549fa411cd562f,202205,41115,화서동,3**,다가구,80000.0,206.0,183.15,1989.0,low,official_rtms,
c0b5ec5d7070dbf6f4a2f691,202205,41115,화서동,*,단독,356400.0,871.0,283.77,1992.0,low,official_rtms,
2f74e337137378aa442b7056,202205,41115,화서동,2**,다가구,42000.0,134.0,164.16,1981.0,low,official_rtms,
1ffa813f9e0743e374d2e91c,202205,41115,화서동,1**,다가구,82000.0,174.9,254.7,1988.0,low,official_rtms,
060920f656cd5fe464b51c0d,202205,41115,화서동,8*,다가구,34500.0,211.0,149.76,1978.0,unmatched,official_rtms,
2de282b17a8ea61799b4d60f,202205,41115,화서동,1**,다가구,37000.0,188.4,145.55,1983.0,low,official_rtms,
d417d6de6f728c3ddd2af5bf,202205,41115,화서동,8*,다가구,69000.0,208.0,349.68,1995.0,unmatched,official_rtms,
781bb760d564ae43a478e485,202205,41117,매탄동,1**,다가구,75200.0,194.7,550.86,1989.0,low,official_rtms,
9dcafa23368aab3e440cb3ae,202205,41117,매탄동,1***,다가구,112000.0,250.2,442.8,2002.0,low,official_rtms,
9cb34406c26c15cc5aeee2fb,202205,41117,매탄동,1**,다가구,61000.0,201.6,260.07,1993.0,low,official_rtms,
ede3ec8ebe9d24d4656b935b,202205,41117,매탄동,4**,다가구,207000.0,338.0,991.4,2008.0,unmatched,official_rtms,
d81d2ec565f991b111654bcd,202205,41117,매탄동,5**,단독,108500.0,285.0,608.64,2003.0,low,official_rtms,
61cfd3b2d1f6bc72932b2655,202205,41117,매탄동,1**,단독,64000.0,211.9,263.98,1990.0,high,official_rtms,HUB-2085241543b1d757edca
aedd4b96dd09962ddfea1102,202205,41117,영통동,9**,다가구,78000.0,255.6,503.61,2001.0,low,official_rtms,
08f7b4e0eb4357d74305b58c,202205,41117,원천동,3**,다가구,152500.0,389.0,650.4,2006.0,low,official_rtms,
0d4973a4e5dd7fa94f558732,202205,41117,원천동,6*,다가구,180000.0,271.0,503.84,2002.0,high,official_rtms,HUB-d1bb540b29911ecd8a87
7a0e0e4ddcc4ba17e3c220d3,202205,41117,하동,9**,다가구,253000.0,251.2,447.29,2017.0,low,official_rtms,
e08883248a029928bcb90085,202206,41111,연무동,2**,단독,22500.0,94.8,96.25,2002.0,low,official_rtms,
8f4d92bd434c9f3e1a7f5581,202206,41111,연무동,2**,단독,35500.0,100.9,166.52,1988.0,low,official_rtms,
e7074143f1629cc3774e25d8,202206,41111,영화동,2**,단독,60000.0,139.0,165.03,1985.0,low,official_rtms,
eb17ee647ef8cc5629e01fa2,202206,41111,영화동,3*,다가구,29500.0,146.0,130.08,1996.0,high,official_rtms,HUB-b830a10b70d3a51eccbd
cb3c1df780e59ca8b89f11b6,202206,41111,영화동,4*,다가구,88000.0,192.0,357.67,2010.0,high,official_rtms,HUB-903b568c6fc0e9c3685e
50498ea568db868260d91127,202206,41111,영화동,1**,단독,58000.0,136.0,213.11,2016.0,low,official_rtms,
4bc55f0080b44d41fe09ad43,202206,41111,영화동,3**,단독,76000.0,163.3,279.2,2012.0,high,official_rtms,HUB-738d007d42b561805e30
10ff242fe77ff41148566b12,202206,41111,영화동,4**,다가구,85000.0,160.1,373.3,1997.0,low,official_rtms,
f9d0f870ff16ab0611e3eb81,202206,41111,영화동,3**,다가구,146000.0,151.9,280.85,2022.0,high,official_rtms,HUB-738d007d42b561805e30
d84dceb06f7344f9a164c239,202206,41111,영화동,4**,다가구,91500.0,160.9,320.35,2011.0,low,official_rtms,
eb205a20cd2b496ef680a91d,202206,41111,영화동,4**,단독,35000.0,164.5,259.52,1990.0,low,official_rtms,
2a9aa673310e7dcc55e5dc30,202206,41111,율전동,3**,다가구,68000.0,124.0,141.58,1984.0,unmatched,official_rtms,
763456f61c97edc6758f2f18,202206,41111,율전동,4**,단독,67000.0,148.0,151.31,1982.0,medium,official_rtms,HUB-67504965c55953b7fdd3
9f229ffafc4613f11e63b94a,202206,41111,조원동,7**,단독,70000.0,175.2,414.12,1989.0,low,official_rtms,
5b1b34a480e50e21a8ca0ec7,202206,41111,조원동,7**,다가구,55000.0,135.2,176.44,1985.0,low,official_rtms,
5b475199cbea63ec0a8e3a26,202206,41111,조원동,7**,단독,64800.0,153.8,168.98,1984.0,low,official_rtms,
ce5570afc68bca03eac4936e,202206,41111,파장동,3**,단독,39000.0,111.0,68.4,1981.0,medium,official_rtms,HUB-47d1b32ad7d90882d29f
79f0143af474aaf39dc2c7ec,202206,41111,하광교동,1**,단독,120000.0,833.0,198.82,2005.0,low,official_rtms,
ad953c6cc5d3af5dfd3c7054,202206,41113,곡반정동,5**,다가구,85000.0,214.1,491.71,2005.0,low,official_rtms,
bfc6a804b17ee9236b409dae,202206,41113,곡반정동,5**,다가구,110000.0,236.2,490.82,2005.0,low,official_rtms,
43a271581e8abcf65521c1b1,202206,41113,구운동,5**,다가구,29000.0,131.4,124.78,1990.0,unmatched,official_rtms,
b28e0a93ffe798846cf70fd4,202206,41113,구운동,5**,다가구,49000.0,174.4,248.44,1989.0,unmatched,official_rtms,
4180e1a192ea25545d93fe60,202206,41113,구운동,9**,단독,160000.0,259.3,568.89,2002.0,medium,official_rtms,HUB-81e14598c5fdc3592afc
fccb0785c2e7cee155f247bf,202206,41113,권선동,9**,다가구,73000.0,202.8,225.37,1986.0,low,official_rtms,
7942765ea7e008eaaf8aacc4,202206,41113,권선동,9**,다가구,78700.0,171.9,169.3,1994.0,low,official_rtms,
7e7614647303c3c856f2e19c,202206,41113,권선동,9**,다가구,56700.0,148.2,157.47,1988.0,high,official_rtms,HUB-235e4b53f107d479a57c
7975f8bffd3e7eadc6f67fc3,202206,41113,권선동,1***,단독,47000.0,168.3,272.76,1990.0,low,official_rtms,
6c6e2c5df8b2cecd7801cbdd,202206,41113,권선동,1***,단독,240000.0,269.6,497.31,2002.0,low,official_rtms,
a5c594d092e5a13e2d055fd1,202206,41113,금곡동,1***,단독,147000.0,276.0,172.62,2014.0,low,official_rtms,
2379419cbb48ee01b90f36e0,202206,41113,서둔동,2**,다가구,133000.0,202.0,396.35,2019.0,unmatched,official_rtms,
935d070f85fcc4df30d5845e,202206,41113,서둔동,1**,다가구,124000.0,441.0,650.48,1995.0,low,official_rtms,
cbed5888cf2b8bd7c55b9a19,202206,41113,서둔동,1*,다가구,44000.0,130.0,77.53,1985.0,high,official_rtms,HUB-fda24912908e73bd7982
8db68a5418bf9aa0997ad0a3,202206,41113,세류동,4**,다가구,56000.0,200.6,390.22,2004.0,low,official_rtms,
bd8ee2a244016e23fd844709,202206,41113,세류동,1***,단독,51000.0,102.6,173.6,1988.0,high,official_rtms,HUB-9f51085646fe90d5e0ea
fe80797449117eb536444745,202206,41113,세류동,2**,다가구,77700.0,188.9,320.08,1995.0,unmatched,official_rtms,
f0762f1b55409f6505e2a4b3,202206,41113,세류동,2**,다가구,66617.0,169.4,160.79,1982.0,unmatched,official_rtms,
bc722feadeeba729936a5bd3,202206,41113,세류동,2**,단독,69179.0,169.4,98.54,1980.0,unmatched,official_rtms,
431827dd364d2168db31c3b3,202206,41113,세류동,1***,단독,76500.0,169.7,262.12,1989.0,low,official_rtms,
fbc2c92ca444042f20894fd3,202206,41113,세류동,1***,단독,61000.0,169.9,262.12,1989.0,low,official_rtms,
ce2b5c1ce311b852ad214fe5,202206,41113,세류동,1**,단독,45000.0,166.0,126.9,1979.0,low,official_rtms,
f244744f2cbdecdd15b92953,202206,41113,세류동,1**,단독,53000.0,164.0,82.02,1979.0,low,official_rtms,
be5c2f8ec2daaa86daaf4e39,202206,41113,세류동,1***,단독,95000.0,199.5,379.29,1991.0,high,official_rtms,HUB-347e7193e4999c140ebb
51bc67a78c97e9a0581f93dd,202206,41113,세류동,1***,단독,36500.0,112.4,126.54,1989.0,low,official_rtms,
2d4b3c3bd87b7e56bef3db0a,202206,41113,세류동,1***,단독,30500.0,135.0,197.91,1993.0,low,official_rtms,
1874e15e3b6b3fda5299449c,202206,41113,세류동,2**,다가구,30000.0,153.2,152.58,1985.0,unmatched,official_rtms,
e2c71bb014e592f1e6929089,202206,41113,세류동,1***,단독,15000.0,50.9,34.55,1984.0,low,official_rtms,
6a83b70db10cc37a4ffc7c79,202206,41113,세류동,9**,단독,45000.0,126.0,161.04,1987.0,high,official_rtms,HUB-f77eae64e5c362c13ad5
d1b9c3112812af36b3d72462,202206,41113,오목천동,1***,단독,82000.0,565.0,98.48,1939.0,low,official_rtms,
735b4175e99be7bbbfe9f7be,202206,41113,탑동,1*,다가구,30500.0,149.0,160.17,1986.0,high,official_rtms,HUB-33d76eb5c6da4b69a2cc
ed839949333c5109a2e2476e,202206,41113,탑동,3**,다가구,84000.0,161.0,480.5,2004.0,low,official_rtms,
8d75e713d57c528519c5ee63,202206,41113,탑동,2**,다가구,40000.0,182.0,166.88,1994.0,low,official_rtms,
962d8abeb2216f2257ce2d0e,202206,41113,탑동,8**,단독,30000.0,121.9,175.38,2002.0,unmatched,official_rtms,
98b74257211dfd96aabc5a9c,202206,41113,탑동,3*,다가구,78500.0,180.0,332.7,2017.0,low,official_rtms,
d7540e537d7cbd48f808928f,202206,41113,평동,2*,단독,14000.0,99.0,44.17,1977.0,low,official_rtms,
d996b5e8203d4cb7f44f6022,202206,41113,호매실동,1***,다가구,172500.0,284.6,559.09,2016.0,low,official_rtms,
3d7d9a5cc81cee114c68f061,202206,41115,남수동,3*,단독,20000.0,49.0,50.25,1943.0,unmatched,official_rtms,
b1f780271881f570188be5c0,202206,41115,매산로3가,9*,다가구,77000.0,146.0,357.47,1992.0,low,official_rtms,
af0164dc5b4f8d2420e821a9,202206,41115,우만동,4**,단독,61000.0,165.3,245.82,1988.0,low,official_rtms,
2e03b55754991ea1df4a6ad2,202206,41115,우만동,4**,다가구,53000.0,197.2,257.19,1990.0,low,official_rtms,
889702465d2da93fc161ed81,202206,41115,우만동,5**,단독,64835.0,163.6,71.41,1975.0,low,official_rtms,
7be53f50e26529199d4f8b82,202206,41115,우만동,5**,단독,74500.0,164.7,92.74,1975.0,low,official_rtms,
16e565cd619ae911e55c8891,202206,41115,우만동,5**,단독,58000.0,147.7,71.41,1975.0,low,official_rtms,
60de8b1aee3f7d7dc40a9cf8,202206,41115,우만동,5**,단독,66000.0,144.3,56.57,1975.0,low,official_rtms,
9779e9275229f4de80219ec6,202206,41115,우만동,5**,단독,44000.0,145.6,86.25,1975.0,low,official_rtms,
479ab0e2589c3bedb95e90b9,202206,41115,우만동,5**,단독,109000.0,136.9368,387.12,1988.0,low,official_rtms,
6d28d3672e7b3dfeb0aac061,202206,41115,우만동,5**,단독,50000.0,160.0,71.41,1975.0,low,official_rtms,
0ec619f05c0e2c11b6c9e868,202206,41115,우만동,5**,다가구,250000.0,496.3,1093.71,2002.0,low,official_rtms,
d9f2bd251c4093bdd5f7c855,202206,41115,인계동,7**,단독,38000.0,106.0,48.93,1970.0,unmatched,official_rtms,
ed88bddcce01d7b1a8698975,202206,41115,인계동,1***,다가구,97000.0,182.2,300.32,1988.0,low,official_rtms,
790528de005cf1519cf10d30,202206,41115,인계동,7**,단독,41000.0,172.0,43.31,1970.0,unmatched,official_rtms,
503e5d4da0ab900ed1aaad11,202206,41115,지동,2**,단독,20000.0,76.0,65.8,1996.0,low,official_rtms,
3f00a507c022663a8df0efe9,202206,41115,지동,1**,단독,49700.0,176.0,181.78,1990.0,high,official_rtms,HUB-3d4500a3faf5b24bc1b0
9e7794480c4d0c369a3588f5,202206,41115,지동,2**,단독,14000.0,38.87,38.87,1976.0,low,official_rtms,
931a2a444a1804f9b1ce3658,202206,41115,화서동,8*,다가구,50000.0,147.9,229.91,1994.0,unmatched,official_rtms,
5227efe9a0c2db0c5eb6a4c1,202206,41115,화서동,8*,다가구,60500.0,169.2,278.13,1994.0,unmatched,official_rtms,
d8dd7460eea889a021986a40,202206,41115,화서동,2**,단독,40000.0,112.0,171.87,1989.0,low,official_rtms,
5d3a6db21932f3b742d9fc12,202206,41117,매탄동,1***,다가구,68000.0,191.0,304.65,1989.0,low,official_rtms,
79a1edbbd833e9f77064e30e,202206,41117,매탄동,1***,다가구,62500.0,185.9,302.94,1992.0,low,official_rtms,
8cb32105e89b30720bf17fa7,202206,41117,매탄동,1**,다가구,89500.0,293.8,431.01,1990.0,low,official_rtms,
8154bef798b20aa11cfc6386,202206,41117,매탄동,4**,다가구,141720.0,199.0,377.48,2017.0,unmatched,official_rtms,
a24a1c98d1b095a0ee12f066,202206,41117,매탄동,1**,다가구,78430.0,204.4,263.7,1990.0,low,official_rtms,
6f09dc876ab07a27c84508b3,202206,41117,신동,9**,다가구,292000.0,362.9,724.59,2015.0,medium,official_rtms,HUB-8085d78e02a8a7e29e7a
0528464055080669be4e900e,202207,41111,연무동,2**,단독,48900.0,219.7,203.38,1984.0,low,official_rtms,
66850385e485c25f07cd63fc,202207,41111,연무동,2**,단독,50000.0,128.9,114.19,1983.0,low,official_rtms,
584ce85628350d2d51e4754c,202207,41111,영화동,3**,단독,53500.0,163.3,95.1,1978.0,low,official_rtms,
5be4a6efe3247b7659e9970f,202207,41111,영화동,4**,단독,56800.0,223.3,149.48,1977.0,low,official_rtms,
cf88e7873de66543a1ca5eff,202207,41111,율전동,3**,다가구,141000.0,491.0,333.93,1995.0,unmatched,official_rtms,
0a9d3c8c4f4eaff93f950dfe,202207,41111,율전동,2**,다가구,170000.0,245.0,521.92,2003.0,unmatched,official_rtms,
06293b634cd276c4e55cf12c,202207,41111,정자동,7*,단독,45000.0,166.0,157.58,1980.0,low,official_rtms,
c4f04208ff03bb66573ba75b,202207,41111,정자동,7*,단독,72500.0,166.0,157.58,1980.0,low,official_rtms,
94940c94ac23887459730f02,202207,41111,파장동,5**,다가구,47000.0,203.0,180.03,1983.0,unmatched,official_rtms,
3cd66629f5e236c9b5a2e044,202207,41111,파장동,5**,단독,59000.0,190.3,166.76,1984.0,unmatched,official_rtms,
a76b871df6eeb3f26bacf447,202207,41111,파장동,5**,단독,51000.0,122.3,159.38,1985.0,unmatched,official_rtms,
d754fe2b290ddf8110928ea5,202207,41113,고색동,2**,단독,33500.0,145.0,77.47,1984.0,low,official_rtms,
1f3dbced02d026dc9ffe6c6f,202207,41113,서둔동,3*,단독,38000.0,137.0,63.21,1980.0,medium,official_rtms,HUB-23294159b2f7f217d4ba
b86aba30fc513da231262cfd,202207,41113,서둔동,1**,다가구,59000.0,175.0,134.88,1971.0,low,official_rtms,
0d8821125e1a3c175eb89c07,202207,41113,세류동,1***,단독,45000.0,94.4,114.41,1986.0,low,official_rtms,
2a95b3d90d610aaa6276ded6,202207,41113,세류동,1***,단독,51000.0,100.7,126.18,1986.0,low,official_rtms,
88e290e96cdf7b330eb0c40a,202207,41113,평동,3*,단독,94000.0,311.0,96.46,1982.0,unmatched,official_rtms,
b9fb731d9f8a53b845dd9053,202207,41115,고등동,2**,단독,70500.0,104.0,313.92,1991.0,unmatched,official_rtms,
f911672ced83ae76d13e82d5,202207,41115,매산로3가,8*,단독,78900.0,189.0,272.67,2002.0,unmatched,official_rtms,
2418c106cc60ba4d25df674b,202207,41115,매산로3가,8*,단독,79000.0,195.0,272.67,2002.0,unmatched,official_rtms,
3157760e85b0ff5100068a84,202207,41115,매산로3가,6*,다가구,58000.0,138.0,118.68,1970.0,unmatched,official_rtms,
c8188abc6982e61a1ddc9c6f,202207,41115,우만동,1**,다가구,45000.0,140.0,207.84,2002.0,high,official_rtms,HUB-40aa2bf1127149a232e9
eac52a4a38c60a0b87855597,202207,41115,인계동,1**,다가구,55800.0,137.0,243.48,1997.0,high,official_rtms,HUB-472d987e2dd669ce3f02
71b5789df868e3ebc5de1c25,202207,41115,인계동,7**,단독,90000.0,170.0,84.56,1978.0,unmatched,official_rtms,
d09a82b7dcb63c728e60a8ea,202207,41115,지동,4**,다가구,22500.0,95.7,127.11,1985.0,low,official_rtms,
75b35b6394bca3cacaceb32e,202207,41115,지동,2**,단독,12000.0,68.0,57.75,1974.0,low,official_rtms,
b65d265e63bd88d5574bc493,202207,41115,화서동,4*,단독,47200.0,145.0,62.71,1974.0,low,official_rtms,
a983e629ef04bab7d7f5dde8,202207,41115,화서동,4*,단독,49635.0,187.0,65.63,1974.0,low,official_rtms,
4ca6b839dd2573cce40d57e1,202207,41115,화서동,4*,단독,41300.0,152.0,92.22,1984.0,low,official_rtms,
07af974a1cb3ea9b9b2df21a,202207,41117,망포동,3**,다가구,198000.0,432.0,1028.99,2004.0,low,official_rtms,
b0409f0757fa4be344da830e,202207,41117,매탄동,1***,단독,67000.0,184.7,327.96,1991.0,high,official_rtms,HUB-2d8ec8f670a7a9b1ee0a
a8a6e179952adaa3b08a6511,202207,41117,매탄동,1***,다가구,67000.0,180.1,307.61,2014.0,low,official_rtms,
821a4672c6373ac7557daa65,202207,41117,매탄동,8**,단독,65000.0,197.4,324.24,1991.0,unmatched,official_rtms,
3b976d42e072d8b8772aeeaf,202207,41117,영통동,9**,다가구,120500.0,210.4,470.36,2001.0,low,official_rtms,
dd0a3a98e82dfec5b17a70b7,202207,41117,원천동,4**,다가구,105000.0,245.0,563.18,2004.0,low,official_rtms,
2b0de96db240482353cf3d26,202208,41111,연무동,2**,단독,40000.0,136.1,133.03,1982.0,low,official_rtms,
bcfeb4309b46910d2e234a67,202208,41111,연무동,2**,다가구,115000.0,135.4,276.53,2020.0,low,official_rtms,
3a7e565bc60823a36bc0fa36,202208,41111,영화동,4**,다가구,49000.0,201.4,288.04,1994.0,low,official_rtms,
e86e9f7cfe45f77174bd6641,202208,41111,영화동,4**,단독,122500.0,257.1,84.69,1977.0,low,official_rtms,
8879087e925cebceceacfe8d,202208,41111,영화동,4**,단독,84500.0,165.7,329.1,2008.0,low,official_rtms,
382f0f5e940fd53a30c3c7d7,202208,41111,영화동,1**,단독,52000.0,141.0,134.2,1983.0,low,official_rtms,
46088e545d12e891e6ce48ca,202208,41111,율전동,1**,단독,60000.0,167.0,239.78,1993.0,low,official_rtms,
de56dbf237ec3701e6666adb,202208,41111,율전동,1**,단독,79000.0,204.0,327.36,1997.0,low,official_rtms,
978bc9e79cc6f43940ce57a8,202208,41111,율전동,2**,단독,182000.0,215.0,521.53,2012.0,unmatched,official_rtms,
c286c3d091b0bdec2aa02db3,202208,41111,정자동,4*,다가구,50000.0,142.9,149.76,1983.0,unmatched,official_rtms,
2f9e825f137c9a502f045f00,202208,41111,정자동,4*,다가구,35000.0,163.8,144.64,1984.0,unmatched,official_rtms,
b1093bf210e944f190e46851,202208,41111,정자동,4*,다가구,109000.0,171.0,326.74,2017.0,unmatched,official_rtms,
d548eeaf67b262ca9fcb4571,202208,41111,천천동,4**,다가구,119500.0,229.5,384.41,2006.0,unmatched,official_rtms,
c72db4d95b90bb2fe919f056,202208,41111,파장동,4**,다가구,47500.0,139.0,199.27,1994.0,low,official_rtms,
8667516531b30e3e957ca4c6,202208,41111,파장동,6**,다가구,40000.0,131.9,223.75,1991.0,unmatched,official_rtms,
54f6114a2b90585a41a9fb78,202208,41113,구운동,5**,다가구,34000.0,99.6,117.36,1989.0,unmatched,official_rtms,
c1ba2a1c1a086fa568cdf0cc,202208,41113,권선동,9**,다가구,78700.0,171.9,169.3,1994.0,low,official_rtms,
5e5499f4d2808711865c013e,202208,41113,권선동,9**,다가구,56700.0,148.2,157.47,1988.0,high,official_rtms,HUB-235e4b53f107d479a57c
f0ab3ed505944355660422cb,202208,41113,권선동,1***,단독,87000.0,201.6,328.29,1997.0,low,official_rtms,
7f79fdc7304ead9870dd13cb,202208,41113,서둔동,1**,단독,31000.0,63.0,63.21,1999.0,low,official_rtms,
d8d704a5bea3a9af01b465d9,202208,41113,서둔동,1**,단독,32000.0,121.0,81.05,1979.0,high,official_rtms,HUB-fda24912908e73bd7982
f383723bce1e70b8e434a13a,202208,41113,서둔동,1**,다가구,78000.0,258.0,165.82,1980.0,low,official_rtms,
e83751081666b807ead8fa6b,202208,41113,서둔동,1**,단독,51600.0,228.0,45.29,1973.0,low,official_rtms,
f1d721653d05e183722162d4,202208,41113,서둔동,1**,단독,24500.0,116.0,41.98,1970.0,low,official_rtms,
146d7940ba5f58cfa3b8fafd,202208,41113,서둔동,1**,단독,59300.0,231.0,55.21,1971.0,low,official_rtms,
a80873e261f13333e796b94f,202208,41113,서둔동,1**,단독,43000.0,142.0,41.29,1961.0,low,official_rtms,
d8f5eaa5851b9897839c8637,202208,41113,서둔동,1**,단독,29000.0,126.0,58.81,1969.0,low,official_rtms,
d8d790d9a4e9a8be307ddbae,202208,41113,세류동,5**,다가구,27000.0,167.0,166.62,1981.0,unmatched,official_rtms,
1eb69bb90349733cd533986a,202208,41113,세류동,8**,단독,19000.0,117.0,35.01,1977.0,low,official_rtms,
e4094264ab2f60d5f3fb8754,202208,41113,세류동,9**,단독,70000.0,152.0,261.5,2010.0,low,official_rtms,
9ca11cff76cc523da60df5e9,202208,41113,세류동,4**,단독,48000.0,160.1,214.61,1979.0,low,official_rtms,
80181d5e1a90a9278f2b804f,202208,41113,탑동,3**,단독,37000.0,132.0,142.96,1995.0,low,official_rtms,
5fe62e540119e1326c425749,202208,41113,호매실동,1***,다가구,163500.0,254.1,492.9,2016.0,low,official_rtms,
ef71ea26ef89ce23ed7c8b2c,202208,41115,남수동,1*,단독,23100.0,104.0,47.0,1974.0,low,official_rtms,
c125432f6625b29b55f97b51,202208,41115,남창동,9*,단독,158010.0,367.0,299.3,1984.0,unmatched,official_rtms,
95cedd122985455e48e71833,202208,41115,남창동,5*,다가구,65000.0,214.0,338.58,1994.0,high,official_rtms,HUB-27f301ffd83163fa69f1
dbb558b6cd722944d584f6c2,202208,41115,우만동,5**,단독,56800.0,124.9,153.35,1987.0,low,official_rtms,
306665519ac8e319d9f696c9,202208,41115,우만동,5**,다가구,170000.0,275.9,1067.48,1992.0,low,official_rtms,
9120355e85841b62350fd4ec,202208,41115,인계동,7**,단독,59000.0,112.0,119.7,1970.0,unmatched,official_rtms,
0b327ae4202e9eb173d78690,202208,41115,지동,2**,다가구,51500.0,140.0,316.12,1996.0,low,official_rtms,
9e444fc5241b1f6bbc3bdd4e,202208,41115,지동,2**,단독,40000.0,211.0,97.12,1979.0,low,official_rtms,
bdd8144f16b3851fc084927e,202208,41115,지동,1**,단독,37000.0,127.0,84.79,1986.0,low,official_rtms,
45f49199f10f0108befb0c91,202208,41115,지동,2**,단독,35500.0,187.0,71.4,1969.0,low,official_rtms,
cc6e4ba894bed08c1835290f,202208,41115,화서동,*,단독,356400.0,871.0,283.77,1992.0,low,official_rtms,
fae9806b4d6ea4de44fc454d,202208,41115,화서동,2**,단독,30800.0,208.0,142.79,1980.0,low,official_rtms,
53fe0522bcdc5ec915ef6c53,202208,41117,매탄동,8**,다가구,160000.0,488.8,625.08,1997.0,unmatched,official_rtms,
e22f059623eed3027543a7f6,202208,41117,매탄동,1**,다가구,243000.0,274.2,486.37,2021.0,high,official_rtms,HUB-96581d42ee26c9cd7631
fdb78e5be394bdcb36af321a,202208,41117,매탄동,2**,다가구,53000.0,200.8,322.65,1995.0,low,official_rtms,
a2c12d83142a2c71f976e4a5,202208,41117,매탄동,8**,다가구,160000.0,473.0,625.08,1997.0,unmatched,official_rtms,
e39281d4700f552c9e29ade5,202209,41111,상광교동,3**,단독,89500.0,285.0,150.88,2007.0,low,official_rtms,
3612522f12df8d42ba72e23a,202209,41111,송죽동,9*,다가구,72700.0,206.0,362.91,1997.0,high,official_rtms,HUB-32ce4feee650633cf1f1
ad9633e15dc91b140fda7388,202209,41111,연무동,2**,다가구,50000.0,116.4,187.25,1987.0,low,official_rtms,
1e192165baf7f4f025ae8c4c,202209,41111,연무동,1**,단독,13500.0,63.0,53.73,1973.0,low,official_rtms,
c555790880740216df005e07,202209,41111,연무동,6*,단독,20600.0,99.0,24.56,1964.0,low,official_rtms,
af949c61eff759fe9eb2305a,202209,41111,영화동,3*,다가구,46500.0,168.0,168.89,1997.0,low,official_rtms,
1469d805d0d12d026e264c31,202209,41111,정자동,7*,다가구,29350.0,144.0,225.0,1989.0,low,official_rtms,
dfbec0dd21d134492a59aff2,202209,41111,천천동,3**,다가구,148500.0,294.8,628.94,1995.0,high,official_rtms,HUB-38324bfcd9bb1ff4f678
3db6a790c992a583b65fd9df,202209,41113,곡반정동,5**,다가구,65000.0,175.0,370.24,2004.0,low,official_rtms,
6f583694939ae7821119c274,202209,41113,곡반정동,5**,다가구,155000.0,205.7,985.5,2008.0,low,official_rtms,
5a05db24b19bffc26840b026,202209,41113,권선동,1***,단독,58800.0,192.7,199.7,1991.0,low,official_rtms,
3c2f1a930d577003fe8b60d9,202209,41113,세류동,1***,다가구,64900.0,180.4,316.14,2022.0,low,official_rtms,
19c1a0d8ef7b456219b863db,202209,41113,세류동,1***,단독,64800.0,181.3,162.1,1984.0,low,official_rtms,
9745a509eb8cc5095afbd009,202209,41113,세류동,4**,다가구,53000.0,166.0,122.18,1979.0,low,official_rtms,
fa8557478fee643d543675ef,202209,41113,세류동,2**,단독,25000.0,129.0,60.16,1977.0,unmatched,official_rtms,
0207135cb22f5f20de0b8d9c,202209,41113,세류동,8**,단독,39500.0,114.0,95.8,1984.0,low,official_rtms,
2d99187c366a0bc5b16916bf,202209,41115,고등동,7*,단독,65000.0,166.4,247.9,1988.0,low,official_rtms,
21599a9d8f8328b0569b258a,202209,41115,고등동,7*,다가구,66000.0,168.4,247.9,1988.0,low,official_rtms,
985c7478cb3c6988cb2c1c86,202209,41115,고등동,5*,단독,40000.0,131.6,72.5,1975.0,low,official_rtms,
0c43f1d247596c443970ef5e,202209,41115,우만동,5**,다가구,89000.0,232.1,317.3,1988.0,low,official_rtms,
11e5f8ef0433ecce37c721a8,202209,41115,우만동,5**,단독,67000.0,207.3,298.75,1988.0,low,official_rtms,
b1dce3d0e291e8a708d164d1,202209,41115,인계동,2**,다가구,240000.0,534.0,1160.824,1987.0,high,official_rtms,HUB-67b4947eead140f1e4fe
4ab9b1188afaeb15f91c4181,202209,41115,인계동,2**,단독,45000.0,126.0,38.98,1957.0,low,official_rtms,
656ff6ff883c0273b6e756e1,202209,41115,지동,2**,다가구,35000.0,99.0,179.26,2014.0,low,official_rtms,
d68c13419328535cd3dca1eb,202209,41115,지동,2**,단독,39500.0,254.0,130.64,1983.0,low,official_rtms,
cf183ff85e6cbdf5564d6f0c,202209,41115,지동,3**,다가구,66500.0,185.0,197.82,1994.0,medium,official_rtms,HUB-62b53fe4e1193555a48a
4b941d58f5e1227f03ee34d1,202209,41115,화서동,6*,단독,70700.0,185.6,151.44,1983.0,unmatched,official_rtms,
e1a5d9d16083483ee67e178e,202209,41117,망포동,5**,단독,199500.0,549.0,357.04,2003.0,low,official_rtms,
1494d65575e8765900e740ca,202209,41117,매탄동,1**,다가구,150000.0,204.9,429.1,2018.0,low,official_rtms,
4e28440a70715f1339e4c55b,202209,41117,매탄동,8**,다가구,66000.0,234.0,266.91,1993.0,unmatched,official_rtms,
92ffadb6f94b81be9adee005,202209,41117,원천동,4**,다가구,101000.0,265.0,503.16,2007.0,low,official_rtms,
960014181cf0622ca223ae98,202210,41111,송죽동,4**,다가구,60000.0,175.1,329.06,1990.0,low,official_rtms,
c8c8a43ac984eea13b351706,202210,41111,송죽동,4**,단독,50000.0,135.7,225.01,1989.0,low,official_rtms,
8b663d3b5b1d23e6b661d32a,202210,41111,송죽동,1**,다가구,25000.0,128.0,196.73,1991.0,high,official_rtms,HUB-f8ebc222db2b12e8f056
d871d05e9fee9470e49c7737,202210,41111,영화동,2**,단독,20000.0,86.0,52.89,1969.0,low,official_rtms,
e0272aa788ed9c0dfbf31c21,202210,41111,이목동,5*,단독,178600.0,660.0,195.52,2008.0,high,official_rtms,HUB-d2c2cda93ab5fde0c1ce
d74a519439b2ffd110e4bf17,202210,41111,정자동,5*,단독,40000.0,135.7,130.18,1983.0,high,official_rtms,HUB-f63336050396dde540fa
e049b7b3bddd27ee3cbe2a32,202210,41111,정자동,3*,단독,42500.0,186.3,278.45,1989.0,unmatched,official_rtms,
12bc07eb250f3bf78489627f,202210,41111,조원동,7**,다가구,168000.0,170.6,399.38,2022.0,low,official_rtms,
3613ffbd8e65864fdb48fe47,202210,41111,파장동,5**,다가구,41500.0,118.4,195.21,1987.0,unmatched,official_rtms,
542fcb8be12d348ffdc5b1e6,202210,41111,파장동,3**,다가구,84500.0,160.0,293.99,2016.0,medium,official_rtms,HUB-47d1b32ad7d90882d29f
456b4c58291b2a338a1940f1,202210,41113,서둔동,2**,단독,60000.0,184.0,421.94,2022.0,unmatched,official_rtms,
f7a1cc75c95729430eb005e4,202210,41113,세류동,4**,단독,34640.0,113.1,87.67,2023.0,low,official_rtms,
9977649b1bba7be6cacdbbd6,202210,41113,세류동,4**,다가구,55000.0,166.0,122.18,1979.0,low,official_rtms,
a584cebff5177d969c3e8dee,202210,41113,세류동,4**,단독,35150.0,123.4,87.67,1982.0,low,official_rtms,
1dca1e217f2a81b3ea2844b4,202210,41113,세류동,4**,단독,33200.0,116.3,86.48,1982.0,low,official_rtms,
08a044a6c38162070156ec91,202210,41113,세류동,5**,다가구,82000.0,248.1,340.42,1996.0,unmatched,official_rtms,
0b073ae0cd1358efb580161e,202210,41113,세류동,4**,단독,33100.0,129.5,86.48,1982.0,low,official_rtms,
ed269d4af6f2005ccc3db7ec,202210,41113,세류동,1***,단독,19000.0,125.7,205.2,2022.0,low,official_rtms,
01c7419b659ff59f809dbf1a,202210,41113,세류동,1***,다가구,66300.0,181.0,316.85,2022.0,low,official_rtms,
93bba28e04ae753ddb0298be,202210,41113,탑동,*,단독,30000.0,156.0,156.94,2022.0,low,official_rtms,
61d889453bf8a92b1b7d72bf,202210,41115,고등동,4*,단독,61000.0,238.0,135.18,1979.0,low,official_rtms,
4272d5e66fe9aa683d4f35f7,202210,41115,고등동,7*,다가구,66000.0,168.4,247.9,1988.0,low,official_rtms,
3f97c8cc77fa3d9eeadcb2fe,202210,41115,북수동,2**,단독,62000.0,129.0,58.18,1963.0,low,official_rtms,
5a85bf1f0b04c66c900c1d5b,202210,41115,지동,2**,단독,18200.0,75.0,61.71,1976.0,low,official_rtms,
a9bc3a41d131ce2a6309f937,202210,41115,화서동,1**,다가구,44500.0,145.5,181.98,1991.0,low,official_rtms,
ce293007e5b86f8cc93bd3f4,202210,41115,화서동,8*,다가구,60500.0,169.2,278.13,1994.0,unmatched,official_rtms,
57dac4e71d0955a5437e20ce,202210,41115,화서동,8*,다가구,50000.0,147.9,229.91,1994.0,unmatched,official_rtms,
5b5c1bfd5fd93367d34d6195,202210,41117,매탄동,1***,다가구,115000.0,224.0,470.94,2002.0,low,official_rtms,
04a3ad13dfc5c967fac23549,202210,41117,매탄동,8**,단독,69000.0,193.7,462.6,1995.0,unmatched,official_rtms,
c8b924857897e643dc8314c6,202210,41117,매탄동,1**,단독,50000.0,161.0,244.65,1990.0,low,official_rtms,
051da8da67a7d9b97f2a0a10,202210,41117,매탄동,1**,다가구,70000.0,201.6,372.74,1991.0,low,official_rtms,
96198e39f2946e04d87d4dfc,202210,41117,영통동,1***,다가구,115000.0,206.1,410.78,2001.0,low,official_rtms,
e614bdff42b43e6772863c29,202211,41111,연무동,1**,단독,26500.0,71.0,23.37,1970.0,low,official_rtms,
8c21b4a039c610635d9158e7,202211,41111,연무동,2**,단독,43000.0,122.8,144.9,1981.0,low,official_rtms,
abf38cbafca565ff88ce6d56,202211,41111,연무동,1**,단독,24500.0,119.0,45.95,1971.0,low,official_rtms,
5073dbe3f9ccb46195879ee1,202211,41111,율전동,1**,단독,73000.0,198.0,254.41,1992.0,low,official_rtms,
c288f427b4e849cbf54e539b,202211,41111,율전동,1**,다가구,68200.0,185.0,252.81,1992.0,high,official_rtms,HUB-e1c0247c5c0051bfa0cd
ddad6d1eda2629d7bdbbe05a,202211,41111,정자동,6*,단독,38000.0,147.1,159.58,1984.0,low,official_rtms,
1053245d3de9d145ec5ffcb4,202211,41111,조원동,6**,단독,20800.0,126.0,56.2,1972.0,medium,official_rtms,HUB-980a05a2ee393cf2758f
7c2182390f73baf7fbeed325,202211,41111,파장동,5**,단독,78000.0,154.2,695.94,1995.0,unmatched,official_rtms,
beb49f7b09280109af94fd77,202211,41111,파장동,6**,다가구,40000.0,131.9,223.75,1991.0,unmatched,official_rtms,
9a395e138e731e7a2b508422,202211,41111,파장동,6**,단독,65000.0,185.8,291.79,1991.0,unmatched,official_rtms,
704ba0c0aa82bd709a08338c,202211,41111,하광교동,1**,단독,85000.0,197.0,198.0,1997.0,low,official_rtms,
a4af09b6b98065f84e5b379c,202211,41113,세류동,1***,다가구,36000.0,142.3,179.22,1988.0,low,official_rtms,
d74b2872cd53aebc816428b2,202211,41113,세류동,1***,다가구,25000.0,118.7,154.65,1990.0,low,official_rtms,
70cc3be9172557d3f3e8f98b,202211,41113,세류동,5**,단독,30500.0,178.1,191.06,2022.0,unmatched,official_rtms,
13fbc15a823819372e5632e5,202211,41115,고등동,1**,다가구,53000.0,141.0,232.66,1990.0,high,official_rtms,HUB-944643bac896f83f9601
805a6df3618f3eb75fb3b22f,202211,41115,우만동,4**,다가구,51700.0,129.7,222.87,1993.0,low,official_rtms,
84d79ef2ac14ffe231d86bac,202211,41115,인계동,9**,단독,360000.0,327.7,704.79,1990.0,unmatched,official_rtms,
b3aa8e53d6074502de21d6c8,202211,41115,지동,2**,단독,22800.0,122.0,49.59,1971.0,low,official_rtms,
f9c39fd7fde02aae6cb3992b,202211,41115,지동,1**,다가구,24800.0,86.0,136.05,1991.0,low,official_rtms,
4a583c035e5bbbc3ba3e5b1f,202211,41115,지동,1**,단독,21500.0,106.0,50.58,1970.0,low,official_rtms,
bc9d5fa220407337b477e784,202211,41115,지동,2**,다가구,76900.0,173.0,273.36,1997.0,low,official_rtms,
c5cf58b644f825c9fe9d133d,202211,41115,화서동,4*,단독,31000.0,125.0,123.1,1981.0,high,official_rtms,HUB-4d0074733f2223df175c
e10ef1ce89d48b3e3e4d2697,202211,41115,화서동,4*,단독,50000.0,131.0,88.67,1981.0,low,official_rtms,
237250630b625b3de1faf46b,202211,41115,화서동,4*,단독,76000.0,231.0,65.79,1973.0,low,official_rtms,
b939b3b356d4be56804a848c,202211,41115,화서동,1**,단독,14000.0,62.0,82.17,1992.0,low,official_rtms,
72afa963a8339ab338ae9ca3,202211,41117,망포동,4**,다가구,90000.0,244.0,355.47,2002.0,medium,official_rtms,HUB-f1be58464d80125d9f22
2516846370240c99d4f661b1,202211,41117,매탄동,4**,다가구,210000.0,331.0,746.37,2019.0,unmatched,official_rtms,
d22ceb566e021424eac6fa58,202211,41117,매탄동,1***,다가구,93000.0,197.6,437.48,2002.0,low,official_rtms,
c13cf00df6217a9557bcf376,202212,41111,연무동,6*,단독,20600.0,99.0,24.56,1964.0,low,official_rtms,
9a70156fdc95075adfd6e93d,202212,41111,영화동,2**,단독,58900.0,139.0,165.03,1985.0,low,official_rtms,
580407b78a6acdeb8d179aae,202212,41111,영화동,4**,다가구,62000.0,149.9,318.75,2002.0,low,official_rtms,
69b581c1584728d2f08932ac,202212,41111,영화동,2**,단독,59500.0,150.0,165.03,1985.0,low,official_rtms,
f7bb75c9ddd19f4a0c65bd93,202212,41111,정자동,4**,다가구,138000.0,173.0,511.26,2003.0,unmatched,official_rtms,
33f937d16ba04d4470d888ac,202212,41113,입북동,2**,단독,40000.0,433.0,162.05,2022.0,low,official_rtms,
13a883238503f6ec1af6a7c0,202212,41115,고등동,1**,단독,20500.0,113.0,180.94,1987.0,high,official_rtms,HUB-7056f6c200e2aa833a7f
1cdd3d48e4feb762f3b884f4,202212,41115,장안동,1**,단독,15000.0,106.0,49.82,1968.0,low,official_rtms,
de59b03bd7a4c835ee618b98,202212,41115,지동,4**,단독,40000.0,123.2,250.06,1985.0,low,official_rtms,
be6c02c5a6c2b5e25764678f,202212,41115,지동,2**,단독,30000.0,131.0,126.05,1980.0,low,official_rtms,
7af3dab556d4b759f7ef4c6a,202212,41117,매탄동,8**,다가구,38000.0,105.5,219.7,2005.0,unmatched,official_rtms,
88dcd92db3984bc13578cfea,202212,41117,원천동,4**,다가구,114000.0,248.0,551.14,2004.0,low,official_rtms,
0ad6029a494f559d2d090ca0,202301,41111,연무동,6*,다가구,91500.0,221.0,395.61,2011.0,low,official_rtms,
7e67f589090df6af9580688d,202301,41111,영화동,4**,다가구,73500.0,243.5,252.93,2005.0,high,official_rtms,HUB-b32effd2398743287995
b05074e87318bf422cb3cf9b,202301,41111,정자동,2*,단독,37000.0,214.6,104.06,1982.0,low,official_rtms,
28b09497d488fe66966e4e13,202301,41111,정자동,4*,다가구,37000.0,157.6,129.67,2003.0,unmatched,official_rtms,
4b85eb580bb8317fe21a091a,202301,41111,천천동,5**,단독,79000.0,214.4,363.34,2003.0,unmatched,official_rtms,
58b9024d0a7cfcd4e29be37a,202301,41113,구운동,9**,단독,175000.0,430.7,995.34,2023.0,medium,official_rtms,HUB-81e14598c5fdc3592afc
6c8a24a881e0c7ce818dd6a7,202301,41113,서둔동,2**,단독,133000.0,202.0,396.35,2023.0,unmatched,official_rtms,
65784334b496d2e68c998344,202301,41113,세류동,1***,단독,45000.0,94.4,114.41,2023.0,low,official_rtms,
0b9bbecb4ea70dd3c580b7d2,202301,41115,고등동,*,단독,89000.0,252.9,486.42,1994.0,low,official_rtms,
556a30ad3d7f94fad8cdf18f,202301,41117,매탄동,1***,다가구,71700.0,191.0,304.65,1989.0,low,official_rtms,
f6b0bbed105f35cfa0fe57cd,202301,41117,매탄동,1***,다가구,104000.0,222.7,521.3,2002.0,high,official_rtms,HUB-9348ad996e9d42ee8b4f
fb279410418f58846fe0cec4,202302,41111,연무동,6*,단독,16000.0,96.0,49.07,1964.0,low,official_rtms,
22c4fa5c5853f0caafc21cc1,202302,41111,연무동,1**,단독,28500.0,71.0,23.7,1970.0,low,official_rtms,
1330794226feeadbe59db21f,202302,41111,연무동,2**,단독,33000.0,139.6,103.62,1983.0,low,official_rtms,
7c4e6bfba8401b2d5708f6e6,202302,41111,영화동,7*,단독,33945.0,69.0,126.15,1989.0,unmatched,official_rtms,
7025bd47a65ea698a113fc5d,202302,41111,영화동,1**,단독,21000.0,96.0,30.74,1962.0,low,official_rtms,
ae4f44935ad5be5babc68546,202302,41111,정자동,4*,단독,30000.0,169.5,162.48,1983.0,unmatched,official_rtms,
84540f8639b7551558c8f28f,202302,41111,파장동,5**,단독,44500.0,158.0,327.48,1991.0,unmatched,official_rtms,
81fa9d906815913f7c3cf2bf,202302,41113,구운동,4**,단독,63500.0,190.8,288.5,1990.0,low,official_rtms,
228a8ed7cbd97a3815cde61a,202302,41113,구운동,4**,단독,28500.0,132.8,198.0,2023.0,low,official_rtms,
4b57e95dcd8851791f348dc0,202302,41113,오목천동,1***,단독,21400.0,200.0,145.56,1995.0,low,official_rtms,
09278e5359270be2d4ba1ca8,202302,41113,오목천동,1***,단독,37000.0,306.0,60.48,2015.0,low,official_rtms,
8b085d982d9a968d05061e8e,202302,41115,지동,2**,단독,24000.0,81.0,118.7,1995.0,low,official_rtms,
e805b67aada416daa1f09c28,202302,41115,지동,2**,단독,26000.0,266.0,112.99,1980.0,low,official_rtms,
087fe3585265f8ede8641d27,202302,41115,화서동,1**,단독,43000.0,113.6,110.63,1986.0,low,official_rtms,
bcc352a551ab8766e537e557,202302,41115,화서동,*,단독,356400.0,871.0,283.77,1992.0,low,official_rtms,
d81af667d6cdfafdb14cadee,202303,41111,연무동,2**,단독,57500.0,98.8,153.04,1984.0,low,official_rtms,
f357c7e8724d1dececb6895c,202303,41111,연무동,6*,단독,24800.0,53.0,24.56,1964.0,low,official_rtms,
dfabe9a9cb9e5b718d158b2a,202303,41111,연무동,1*,단독,89000.0,223.0,298.56,1991.0,high,official_rtms,HUB-d59c5f9392b24ed1977e
7250f9e158dcbd00c97887f2,202303,41111,연무동,1**,다가구,74500.0,115.0,211.98,2018.0,low,official_rtms,
114b3c1bac55e1e679cb79df,202303,41111,영화동,8*,단독,16900.0,69.0,59.5,1972.0,medium,official_rtms,HUB-e5216dea8eb5ca7cdce1
aad7c6fc04f698b100eb50e7,202303,41111,영화동,4**,단독,40000.0,152.2,139.6,1987.0,low,official_rtms,
04149b87192b3269a32a3479,202303,41111,율전동,4**,단독,149000.0,215.0,493.19,1996.0,medium,official_rtms,HUB-67504965c55953b7fdd3
83b643435a58a417ee939b8d,202303,41111,정자동,3*,단독,80000.0,187.1,345.39,2008.0,unmatched,official_rtms,
b9eeac2dcdef1947e0ade2a3,202303,41111,정자동,7*,단독,32000.0,139.1,164.94,1987.0,low,official_rtms,
72d1d41f80e7711c04c529ec,202303,41111,조원동,7**,단독,32000.0,121.1,127.32,1984.0,low,official_rtms,
396af30e613a0edce87f7867,202303,41111,조원동,7**,다가구,200500.0,239.5,456.8686,2022.0,low,official_rtms,
f8787b4166ee52ec962e54bc,202303,41113,고색동,3**,단독,42200.0,129.0,142.05,1980.0,low,official_rtms,
f2ea2e76f63854b1ead82423,202303,41113,곡반정동,5**,다가구,163000.0,324.9,788.38,2007.0,low,official_rtms,
f8b01d68673bee032aab4ded,202303,41113,권선동,9**,다가구,38000.0,110.7,188.54,1990.0,low,official_rtms,
69dfaa94d3b42df50b19a113,202303,41113,서둔동,1**,단독,55000.0,153.0,265.86,1996.0,low,official_rtms,
213a700c5ea93a96b0a8ee47,202303,41113,서둔동,3*,단독,39500.0,137.0,63.21,1980.0,medium,official_rtms,HUB-23294159b2f7f217d4ba
ce5a64eb02f6926807e59c1b,202303,41113,세류동,1**,단독,9000.0,10.0,30.51,2023.0,low,official_rtms,
af9c96d155d27eb41f144e24,202303,41113,세류동,4**,단독,20000.0,136.0,49.59,1970.0,low,official_rtms,
1384112cca7b6ef2ffeb132e,202303,41113,세류동,1***,단독,24000.0,116.0,49.59,1971.0,low,official_rtms,
bfa81498b97234863f75a3de,202303,41113,오목천동,1***,단독,25890.0,200.0,145.56,1995.0,low,official_rtms,
58bd2e8a5586b382766087ff,202303,41113,오목천동,1***,단독,31000.0,306.0,60.48,2015.0,low,official_rtms,
d73e28327f27fd969f4bb0be,202303,41115,고등동,6*,다가구,37500.0,260.0,301.87,1989.0,low,official_rtms,
645baed1e25ff41e50334399,202303,41115,고등동,4*,단독,38000.0,139.7,97.95,1981.0,low,official_rtms,
a47d552876c7c698d7cc47e5,202303,41115,남수동,1*,다가구,47000.0,118.0,193.12,1994.0,low,official_rtms,
13a7e9cb8c327574f67421f5,202303,41115,남수동,1*,다가구,48000.0,123.0,193.12,1994.0,high,official_rtms,HUB-305443b0123bbf6e267e
df40705ed5a238ccce1b85ba,202303,41115,우만동,5**,단독,69000.0,164.7,92.74,1975.0,low,official_rtms,
d8c9d06b0dfe6838789325a1,202303,41115,우만동,4**,단독,38000.0,150.7,239.9,1988.0,low,official_rtms,
22d2cccc456a1ca3e60a3e23,202303,41115,지동,4**,다가구,75000.0,239.9,365.72,2003.0,low,official_rtms,
bd500c7d833c0945c389224f,202303,41115,지동,2**,단독,40000.0,188.0,148.5,1997.0,low,official_rtms,
6b263248811c8718d7f47f5f,202303,41115,지동,4**,다가구,77000.0,264.9,365.72,2003.0,low,official_rtms,
2457e09e5af6f9a3fd3599bc,202303,41115,지동,1**,단독,29000.0,204.0,80.43,1977.0,low,official_rtms,
96835255b2af2486a26322a1,202303,41117,매탄동,4**,다가구,208000.0,331.0,746.37,2019.0,unmatched,official_rtms,
4fac3f64e48660970325b57c,202303,41117,이의동,1***,다가구,295000.0,277.5,564.81,2015.0,low,official_rtms,
a065a8cde0bf0668153cd84e,202304,41111,연무동,1**,단독,46000.0,76.0,50.02,1974.0,low,official_rtms,
c11e62925a37c28b022102f0,202304,41111,연무동,1*,단독,89000.0,223.0,298.56,1991.0,high,official_rtms,HUB-d59c5f9392b24ed1977e
f4ab1ab505aa440e33558f8d,202304,41111,영화동,1**,단독,42000.0,119.0,59.5,1964.0,low,official_rtms,
7bf9a6157ee6369c0278aea2,202304,41111,영화동,3*,단독,31500.0,135.0,158.76,1983.0,low,official_rtms,
b273f29af0b6b12872b7d3c2,202304,41111,정자동,4*,다가구,77500.0,141.1,349.82,2011.0,unmatched,official_rtms,
9f4b1c3cdbc8632eb5f51524,202304,41111,조원동,6**,단독,14000.0,80.0,47.5,2015.0,medium,official_rtms,HUB-980a05a2ee393cf2758f
fb419fae478a3e60f37b44dc,202304,41111,파장동,5**,단독,40000.0,139.1,223.53,1989.0,unmatched,official_rtms,
3bab30917f9c1ba7b2c20bec,202304,41111,파장동,1*,단독,332600.0,1653.0,794.0,2012.0,high,official_rtms,HUB-51c4c09a54be1f78688e
3ce92cedf5daad99008a925f,202304,41113,구운동,5**,다가구,52000.0,187.3,240.2,1989.0,unmatched,official_rtms,
c17e3ff5edf8967c28ae3e8f,202304,41113,구운동,9**,단독,83000.0,216.8,488.16,2003.0,medium,official_rtms,HUB-81e14598c5fdc3592afc
6c08478244021daa9848de81,202304,41113,구운동,5**,다가구,134000.0,204.6,385.23,2017.0,unmatched,official_rtms,
8a801362a49f9ec318365014,202304,41113,구운동,5**,단독,24000.0,93.7,120.65,1990.0,unmatched,official_rtms,
20d65ce13656a9d0dc68131e,202304,41113,권선동,1***,단독,100000.0,208.0,369.72,1996.0,low,official_rtms,
1823c3c69e03bf1f175c10bf,202304,41113,세류동,1***,단독,29000.0,114.7,141.0,1986.0,low,official_rtms,
d10745b92107eb905a854d1c,202304,41115,고등동,9*,단독,30000.0,109.0,66.18,1975.0,unmatched,official_rtms,
311c8e4c13661f4c941734dc,202304,41115,장안동,2*,단독,182500.0,242.0,185.26,1986.0,low,official_rtms,
165dcc2abb015fedb2677011,202304,41115,지동,2**,단독,49000.0,222.0,103.87,0.0,low,official_rtms,
971845ad0296842843f14a49,202304,41115,지동,2**,단독,11500.0,38.0,37.62,1980.0,low,official_rtms,
cca9dd8c07f2e31f2b4bafc8,202304,41115,지동,2**,단독,8500.0,38.0,37.62,1980.0,low,official_rtms,
618779cd19e924a60c901443,202304,41115,지동,1**,단독,22000.0,99.0,128.96,1993.0,low,official_rtms,
e124ef4bf0465bc4adf64356,202304,41115,지동,2**,단독,19000.0,70.0,63.47,1954.0,low,official_rtms,
784753274613bb12546c5e44,202304,41115,화서동,1**,다가구,127000.0,250.6,625.2,2005.0,high,official_rtms,HUB-1fb464607591fdc43935
9d102307c3b8e4f8f2e4259a,202304,41115,화서동,1**,다가구,210000.0,322.0,491.66,1998.0,low,official_rtms,
8ddc0ef6b5c8e7a364f78e7e,202304,41115,화서동,7*,다가구,70000.0,152.0,323.22,2006.0,low,official_rtms,
0976f3b95d57825a352ff327,202304,41117,매탄동,5*,다가구,139000.0,330.0,660.32,2018.0,low,official_rtms,
c6acfa8f57b19a2102a46bc7,202304,41117,영통동,1***,다가구,113700.0,206.2,446.84,2000.0,low,official_rtms,
7700fc7c6756f67b97fe44ac,202305,41111,연무동,1**,단독,17000.0,57.0,31.44,1970.0,low,official_rtms,
9ab3f489417f7516f685dcb6,202305,41111,연무동,2**,단독,29000.0,124.0,159.92,1988.0,low,official_rtms,
8cdf160c67aa071b621a8e40,202305,41111,영화동,7*,단독,34915.0,69.0,126.15,1989.0,unmatched,official_rtms,
efa0668a03f008728822a6bd,202305,41111,율전동,2**,단독,220400.0,201.0,398.48,2020.0,unmatched,official_rtms,
0983c045c42072056a2d0b45,202305,41111,율전동,1**,단독,134000.0,308.0,642.76,2001.0,low,official_rtms,
506887f7860b0f3fbad104e5,202305,41111,정자동,2*,단독,48000.0,159.6,279.63,1994.0,low,official_rtms,
1f553ddac7fa783a1cb45813,202305,41111,정자동,6*,단독,38000.0,147.1,159.58,1984.0,low,official_rtms,
875051b9f86137dd8bed77fb,202305,41111,조원동,8**,다가구,73000.0,239.8,502.68,2002.0,low,official_rtms,
872088f4046513a1a6ad0c07,202305,41111,파장동,2**,다가구,77000.0,161.0,305.53,2013.0,high,official_rtms,HUB-499b9c68a3bd2a23fbf0
af06dbf15b9353e1d5b30bc5,202305,41113,곡반정동,5**,다가구,75000.0,260.4,555.66,2006.0,high,official_rtms,HUB-7c13edc54ef6d99ce6f5
3cfd0cee208a101367ad575f,202305,41113,구운동,5**,단독,49500.0,193.9,309.84,1991.0,unmatched,official_rtms,
2bc9025bbde4749f49f912e8,202305,41113,구운동,9**,단독,60000.0,137.6,296.99,2004.0,medium,official_rtms,HUB-81e14598c5fdc3592afc
3b41b46f0f9269162d13abc2,202305,41113,권선동,1***,다가구,118000.0,246.7,516.23,2001.0,low,official_rtms,
8228a9646e89ffe138096b28,202305,41113,서둔동,1**,단독,33000.0,132.0,94.87,1975.0,low,official_rtms,
4fa55b74ecd2f411cbb91b01,202305,41113,세류동,1***,단독,43000.0,148.0,82.81,2023.0,low,official_rtms,
b3883af065548f143132b3d5,202305,41113,세류동,1***,단독,25700.0,134.1,198.6,1991.0,low,official_rtms,
06f1e2d7d2b2bd34f3b336e5,202305,41113,세류동,1***,다가구,28000.0,108.0,131.98,1995.0,low,official_rtms,
c4f38ad0e70181cc61dbb00e,202305,41113,세류동,4**,다가구,17200.0,91.4,114.57,1987.0,low,official_rtms,
8a7220b07ab23ae2592e34a1,202305,41113,세류동,5**,단독,37300.0,142.0,206.98,1989.0,unmatched,official_rtms,
721a180283d82cf0bd8cb405,202305,41113,탑동,2*,단독,51000.0,146.0,169.62,1990.0,low,official_rtms,
2849727c05af6986fcbe8813,202305,41113,탑동,*,단독,11000.0,56.0,54.88,1971.0,low,official_rtms,
bc08647f729e7037929df74f,202305,41115,고등동,3**,단독,48000.0,163.0,163.04,1977.0,low,official_rtms,
e3a731f7836afecb0fdf249e,202305,41115,북수동,6*,단독,61200.0,119.0,70.98,1971.0,high,official_rtms,HUB-7e79cc6b1c202ff4d2ee
2e8b546af7dc93ae7edb4fc2,202305,41115,영동,3*,단독,97000.0,177.0,51.66,1940.0,low,official_rtms,
434fdda36e6cbdde80444543,202305,41115,인계동,2**,단독,30500.0,113.0,70.74,1978.0,low,official_rtms,
434fdda36e6cbdde80444543,202305,41115,인계동,2**,단독,30500.0,113.0,70.74,1978.0,low,official_rtms,
b070fdd32fec010fbef0f524,202305,41117,망포동,3**,단독,110000.0,302.0,182.27,1995.0,low,official_rtms,
d2fa31906509ec475a2e614e,202305,41117,망포동,4**,다가구,75500.0,228.0,467.2,1995.0,medium,official_rtms,HUB-f1be58464d80125d9f22
e89a18c8d11ac85bbb1a8ec2,202305,41117,매탄동,1***,다가구,111000.0,224.4,502.44,2002.0,low,official_rtms,
26b56299a3146d803e3fdf5e,202305,41117,매탄동,1**,단독,72000.0,180.8,318.02,1989.0,low,official_rtms,
bdd7ec7b751766e08ee62ed0,202306,41111,송죽동,4**,다가구,53000.0,145.6,328.8,2003.0,low,official_rtms,
14e23cad7bc02852ff2c508c,202306,41111,연무동,6*,단독,22500.0,74.0,120.0,1992.0,low,official_rtms,
f58c06c4f7ca3f80be5ad201,202306,41111,연무동,2**,다가구,69500.0,156.3,290.3,2004.0,low,official_rtms,
7ce6024c28edc24c0169e772,202306,41111,연무동,2**,단독,93000.0,174.0,395.38,1989.0,low,official_rtms,
4e8cfd3999ab37c7987deb7e,202306,41111,연무동,2**,단독,88000.0,129.0,275.83,1983.0,low,official_rtms,
a8a9deaa59375a4b1e8be0cc,202306,41111,영화동,3*,단독,28000.0,93.0,99.57,1995.0,high,official_rtms,HUB-4e255c2e8b69e1379cf3
1a439eb647ae064fa230c5ea,202306,41111,율전동,1**,단독,55000.0,175.0,242.97,1991.0,low,official_rtms,
a6f9c4e26efb0b63e71c3ac9,202306,41111,정자동,7*,단독,58000.0,144.4,296.46,1993.0,low,official_rtms,
38d1b1d9ca511f7b16d8677d,202306,41111,조원동,7**,단독,47500.0,147.0,164.1,1982.0,low,official_rtms,
5ffca187212d747b59d36e4b,202306,41111,조원동,7**,단독,127000.0,284.4,569.84,1989.0,low,official_rtms,
7097f8d58c5d722f3b7d9e7e,202306,41111,천천동,3**,단독,91500.0,196.0,66.5,2023.0,low,official_rtms,
6f58fcf1ae187a26cddaae61,202306,41113,곡반정동,5**,다가구,115000.0,193.8,423.77,2004.0,low,official_rtms,
6804d5f316ce91d16e269006,202306,41113,권선동,1***,단독,105000.0,245.5,501.3,2002.0,low,official_rtms,
a58808c61ea9258be51d7979,202306,41113,권선동,1***,다가구,104500.0,204.4,416.9,2002.0,low,official_rtms,
4b81eb4f16a66291af50f339,202306,41113,세류동,3**,단독,30000.0,141.9,148.42,1982.0,unmatched,official_rtms,
7c4ecf43f3e2173211e90f95,202306,41115,고등동,5*,단독,22750.0,113.3,118.54,1981.0,low,official_rtms,
968a61d1cd05423bb3aa784d,202306,41115,고등동,4*,단독,40000.0,123.7,199.81,1995.0,low,official_rtms,
2d6fc84eaca7b81dfb52af99,202306,41115,매산로3가,7*,단독,21500.0,122.0,45.62,1969.0,unmatched,official_rtms,
d970b2773b8261afcdc308ae,202306,41115,매산로3가,8*,다가구,30000.0,100.0,133.25,1994.0,unmatched,official_rtms,
9726867d61ae810af44d76f6,202306,41115,장안동,9*,단독,117225.0,155.0,26.44,1999.0,unmatched,official_rtms,
899e142b8bf96a83cc673edd,202306,41115,팔달로3가,1**,단독,19000.0,129.0,35.97,1967.0,unmatched,official_rtms,
c8320d56d6ece35fa3076959,202306,41115,화서동,1**,다가구,146000.0,158.5,303.46,2022.0,low,official_rtms,
ea09097255268c8e40f5ef29,202306,41115,화서동,8*,단독,33000.0,139.0,142.24,1984.0,unmatched,official_rtms,
3b91e7a0d5a4ef2dc8e4d823,202307,41111,연무동,6*,단독,29000.0,92.0,160.02,1992.0,low,official_rtms,
2cccf74454c15dea9b86a1b5,202307,41111,연무동,2**,단독,60000.0,193.9,237.75,1985.0,low,official_rtms,
28294758f4f04fb5682e39f4,202307,41111,연무동,1**,단독,59000.0,76.0,119.44,1981.0,low,official_rtms,
e470cfb56f07a3461426829e,202307,41111,영화동,1**,다가구,72000.0,200.0,460.05,1996.0,low,official_rtms,
d36a7483c44dc0483fd6917a,202307,41111,영화동,1**,다가구,62800.0,148.0,211.98,2015.0,low,official_rtms,
473628355444044551cb746b,202307,41111,이목동,2**,단독,197500.0,658.0,481.28,2016.0,low,official_rtms,
9a2be70febfd76a91b8de8dd,202307,41111,정자동,3*,단독,46000.0,202.1,99.7,1978.0,unmatched,official_rtms,
32d574f7c411f7abd05d473e,202307,41111,조원동,7**,다가구,31000.0,141.2,198.01,1993.0,low,official_rtms,
b6b39c7ace09f1f903e4363a,202307,41111,파장동,5**,단독,49600.0,152.7,231.27,1991.0,unmatched,official_rtms,
216534f2efb9bde1340fb340,202307,41113,고색동,8*,단독,40000.0,167.0,222.07,1994.0,unmatched,official_rtms,
3687bc0c27ebe30a88f8ec7e,202307,41113,구운동,5**,단독,26500.0,111.5,173.95,1994.0,unmatched,official_rtms,
16b1908602b317d2d9ba5b56,202307,41115,신풍동,3*,단독,58000.0,83.0,40.33,1965.0,high,official_rtms,HUB-285c0510986bad0b08ee
79375d0640ea2e06befe47a2,202307,41115,인계동,1***,다가구,36000.0,130.6,113.8,1986.0,low,official_rtms,
16503ae3b36ba5c7899e322f,202307,41115,지동,2**,단독,19500.0,99.0,36.36,1970.0,low,official_rtms,
7432cb505a81de00db2dcf20,202307,41115,지동,1**,다가구,44800.0,160.0,220.32,1985.0,high,official_rtms,HUB-cfeb5aae59959ffbee03
883bf1ee3ea5e824bc55ecb8,202307,41115,화서동,1**,다가구,146000.0,158.5,303.46,2022.0,low,official_rtms,
42429712f3ba1e18075993b2,202307,41117,매탄동,8**,단독,55300.0,199.6,325.77,1993.0,unmatched,official_rtms,
7cdf97e34a33c65cccc91f68,202307,41117,매탄동,1**,단독,73000.0,164.0,168.67,1989.0,low,official_rtms,
48db55996cb58ee61c07e395,202307,41117,매탄동,1***,다가구,73000.0,173.3,325.4,1994.0,low,official_rtms,
73dc761f99b7e58b12447a2f,202307,41117,영통동,9**,다가구,81500.0,248.5,502.33,2000.0,low,official_rtms,
781bcdd52cdbf904d800ba9f,202308,41111,송죽동,1**,다가구,95000.0,203.0,349.35,2000.0,low,official_rtms,
93ba1aa3b563447c3e6b9ae0,202308,41111,송죽동,4**,단독,50000.0,156.7,173.79,1988.0,low,official_rtms,
4bcb1c41e312eb88277deaa2,202308,41111,연무동,2**,다가구,92500.0,136.0,353.24,2004.0,low,official_rtms,
83d779b8a2d2c6516a8a859b,202308,41111,연무동,7*,단독,21500.0,79.0,50.82,1964.0,low,official_rtms,
c2ae28bc8c00693b9be0b9d0,202308,41111,연무동,6*,다가구,23500.0,99.0,159.7,1993.0,low,official_rtms,
a9b0105fc6ceb4aec121f580,202308,41111,영화동,3**,단독,38000.0,191.3,154.64,1994.0,low,official_rtms,
b518416bbbd411de714c2a65,202308,41111,영화동,4**,단독,66000.0,240.8,318.48,2004.0,high,official_rtms,HUB-06025fa9045406e2e94d
cf44d9d94f6ea13b8d6fb54f,202308,41111,정자동,7*,단독,33000.0,145.6,66.05,1977.0,low,official_rtms,
a97e9c2c9d7f0078dd7f19f1,202308,41111,정자동,1*,다가구,20000.0,219.5,201.09,1974.0,low,official_rtms,
4ecdb12c8c4526dbba2465ed,202308,41111,조원동,5**,다가구,59000.0,136.0,206.51,2017.0,low,official_rtms,
ccfb3064a5e3ec58e93e84ce,202308,41113,권선동,1***,단독,99500.0,247.3,500.64,2001.0,low,official_rtms,
487d63c8c17247b20feb5dfe,202308,41113,권선동,9**,단독,75000.0,174.8,209.43,1987.0,low,official_rtms,
c9292766ea21cd9566347f7c,202308,41113,서둔동,1**,단독,20500.0,139.0,49.59,1968.0,low,official_rtms,
09634f6a2083ab023431653d,202308,41113,탑동,8**,다가구,65000.0,178.6,343.94,2011.0,unmatched,official_rtms,
4674b79c70ff409055593951,202308,41113,탑동,3**,단독,42000.0,121.0,97.59,2011.0,low,official_rtms,
e9eb66abf554981cd72a1640,202308,41113,평동,1*,단독,12000.0,76.0,40.66,1976.0,low,official_rtms,
5e207c46f51eed474f70cf31,202308,41115,고등동,5*,다가구,45900.0,165.1,278.76,1998.0,low,official_rtms,
2cc34fd198a52069df018577,202308,41115,고등동,9*,다가구,70000.0,127.0,199.99,1989.0,unmatched,official_rtms,
bf4b2cb3672fdbe019d0953d,202308,41115,고등동,5*,다가구,46000.0,171.2,278.76,1998.0,low,official_rtms,
6607fc30845b58b16b73f49f,202308,41115,교동,4*,단독,68000.0,242.0,54.81,1999.0,low,official_rtms,
8fc0db8cba504626dc9bf58f,202308,41115,우만동,5**,단독,65475.0,144.3,56.57,1975.0,low,official_rtms,
008fe168470d2e5c11e585fa,202308,41115,인계동,9**,단독,143000.0,300.9,657.9,2003.0,unmatched,official_rtms,
e15de8f016df44807186526f,202308,41115,화서동,2**,단독,39500.0,106.0,177.03,1988.0,low,official_rtms,
7500c16ff804a88731097e3a,202308,41117,매탄동,1***,다가구,57000.0,177.9,382.14,1993.0,high,official_rtms,HUB-9cb2e79101d62f21a7ec
0b92decc5139181148464e62,202308,41117,매탄동,8**,다가구,36500.0,165.0,197.79,1995.0,unmatched,official_rtms,
d4708b4dbac5ef94ad8d8843,202308,41117,원천동,3**,다가구,330000.0,418.0,1126.28,2018.0,low,official_rtms,
6ee32a365d3b939c338eb3a6,202308,41117,원천동,3**,다가구,159250.0,302.0,479.82,2016.0,low,official_rtms,
ba60933539634caab8042b84,202308,41117,이의동,1***,다가구,285000.0,290.1,494.64,2014.0,low,official_rtms,
08a5cc6d7be1061374f0a6ac,202308,41117,하동,9**,다가구,230000.0,248.3,437.71,2014.0,low,official_rtms,
ccdef8c9ff247c5cdd860bf7,202309,41111,상광교동,9*,단독,132500.0,1085.0,165.97,2005.0,low,official_rtms,
df808ed0f0f37fea63c3866b,202309,41111,연무동,2**,단독,60000.0,157.2,200.54,1982.0,low,official_rtms,
b04d5d51bc5a1ba29c01fe39,202309,41111,연무동,2**,단독,53000.0,135.9,150.35,1982.0,low,official_rtms,
1f7bcf8d5805e7e2c47825a3,202309,41111,영화동,2**,다가구,112700.0,220.0,401.69,2016.0,low,official_rtms,
c284a6a1994f579d3d5c33a5,202309,41111,영화동,7*,단독,30000.0,91.0,77.84,1987.0,unmatched,official_rtms,
ff19c906ec6761a8951c932a,202309,41111,정자동,7*,단독,37300.0,154.4,72.82,1990.0,low,official_rtms,
04796e736fa1f1ed46fcfd32,202309,41111,조원동,8**,다가구,100000.0,244.4,388.69,2002.0,low,official_rtms,
c5720ec3b9249be2d4014c2b,202309,41113,고색동,4*,단독,34700.0,101.0,106.19,1993.0,low,official_rtms,
0c771182fb9a00c4d48fb1a4,202309,41113,곡반정동,5**,다가구,97000.0,214.2,484.35,2005.0,low,official_rtms,
876e1885ca3028ad05584ace,202309,41113,곡반정동,5**,단독,130000.0,243.0,486.28,2007.0,low,official_rtms,
d8f58413365669ce3d586917,202309,41113,곡반정동,5**,다가구,104000.0,215.1,467.04,2007.0,low,official_rtms,
c893a84fe744e1f8c1eeaf35,202309,41113,곡반정동,5**,단독,64600.0,184.2,391.13,2006.0,low,official_rtms,
d2c83901c5a013797d63b2d2,202309,41113,구운동,9**,단독,185000.0,447.7,1053.51,2003.0,medium,official_rtms,HUB-81e14598c5fdc3592afc
aac88bbd7a40d77036b4841c,202309,41113,권선동,9**,단독,108000.0,261.1,555.83,2003.0,low,official_rtms,
fdf67b2c2c258dd6015fe242,202309,41113,권선동,1***,단독,80000.0,211.0,479.44,1991.0,low,official_rtms,
e7231834c4bd8a4f1a27323c,202309,41113,서둔동,2*,단독,28000.0,33.0,37.36,1971.0,unmatched,official_rtms,
d3bcba1f83728b05a8954c79,202309,41113,세류동,1**,다가구,95000.0,369.0,568.27,2012.0,high,official_rtms,HUB-6f066d3bcd4c10de3759
2ea6ccd3a1380769ff3416e1,202309,41113,세류동,8**,단독,19000.0,113.0,35.01,1977.0,low,official_rtms,
a917257cb7fa6eaaedce1cd3,202309,41113,평동,2*,단독,22000.0,96.0,42.64,1975.0,low,official_rtms,
4bed010f7ee8133afaf1d785,202309,41115,인계동,9**,다가구,52500.0,105.7,325.24,1991.0,unmatched,official_rtms,
6b6e84465d53f499052e22cb,202309,41115,인계동,9**,다가구,53500.0,105.7,325.24,1991.0,unmatched,official_rtms,
2ad3833d4771824ed5af8520,202309,41115,인계동,9**,다가구,83500.0,270.9,479.31,2002.0,unmatched,official_rtms,
af9a53dc7d4f304a9abbf845,202309,41115,지동,4**,다가구,29000.0,199.1,325.16,1996.0,low,official_rtms,
2e6f87f839bc80fd65ee35a0,202309,41117,매탄동,1**,다가구,59500.0,196.9,335.54,1991.0,low,official_rtms,
57d9e1ac0b4ebfe12f5b9589,202309,41117,이의동,1***,다가구,330000.0,293.0,688.49,2017.0,low,official_rtms,
e401a3309e5cadd9d782d9cb,202310,41111,송죽동,4**,다가구,103000.0,159.5,394.62,2011.0,low,official_rtms,
58ab952493df0c021d15ab68,202310,41111,연무동,1**,다가구,18500.0,76.0,121.68,1979.0,low,official_rtms,
c551764fa708a3467f3f43dd,202310,41111,연무동,2**,단독,74000.0,109.6,157.78,2013.0,low,official_rtms,
7e04f7f7068a34cf0226514b,202310,41111,영화동,4**,단독,33500.0,114.9,136.29,1988.0,low,official_rtms,
287a4ee3e01267798da64afa,202310,41111,영화동,4**,단독,35000.0,205.1,184.37,1982.0,low,official_rtms,
1c352cf6620498ea9d670a98,202310,41111,영화동,2**,다가구,112700.0,220.0,401.69,2016.0,low,official_rtms,
2225aaf0f46fdc1a1d909c71,202310,41111,율전동,1**,다가구,90000.0,220.0,357.84,1996.0,low,official_rtms,
a1b9fd23cf5467a2aa5c8c82,202310,41111,율전동,4**,단독,50500.0,82.5,100.39,1980.0,medium,official_rtms,HUB-67504965c55953b7fdd3
1ce5974fe8c167a8e7a99488,202310,41111,조원동,7**,단독,30000.0,122.2,81.25,1981.0,low,official_rtms,
5e556867f106fc797ac570aa,202310,41111,조원동,6**,단독,32000.0,139.0,67.45,2018.0,medium,official_rtms,HUB-980a05a2ee393cf2758f
44e4c1055d3e1e6d21d48cd6,202310,41111,조원동,6**,단독,45000.0,177.0,272.22,1995.0,medium,official_rtms,HUB-980a05a2ee393cf2758f
f2c0c88d2c6cc31e26bfcf18,202310,41111,파장동,4**,단독,30000.0,99.0,56.2,1980.0,low,official_rtms,
44efb2b497c6b0b5650a396a,202310,41111,파장동,5**,다가구,32500.0,158.5,133.75,1984.0,unmatched,official_rtms,
7f3e5a1c2bf4299d8d75e150,202310,41113,곡반정동,5**,단독,161500.0,272.0,806.13,2007.0,low,official_rtms,
ed4e4c2074d58ca88b3e400c,202310,41113,세류동,1**,다가구,35000.0,133.0,206.44,2013.0,low,official_rtms,
ea57079d0fd30c29d3459f22,202310,41113,평동,4*,단독,11000.0,63.0,31.93,1969.0,low,official_rtms,
8d3abe949a6c2936771b41fe,202310,41115,고등동,2**,다가구,60800.0,139.0,122.73,1990.0,unmatched,official_rtms,
b1b8e0614d9f5158d943c305,202310,41115,매향동,1**,다가구,27000.0,136.0,189.83,1993.0,low,official_rtms,
aa26f45a8803f7c95ab101d1,202310,41115,우만동,5**,단독,91000.0,199.8,436.05,1986.0,low,official_rtms,
f306438d57eda52c47274f8b,202310,41115,장안동,1**,단독,56000.0,70.0,163.84,1981.0,low,official_rtms,
018842a5d18f2cb61cb70a9e,202310,41115,지동,2**,단독,11000.0,116.0,47.27,1970.0,low,official_rtms,
767bf3a8b7e39d5284182c2a,202310,41115,지동,4**,단독,26800.0,132.1,204.47,1985.0,low,official_rtms,
574be53d45dc3857cf84d6d6,202310,41115,화서동,1**,단독,137000.0,172.7,431.7,2022.0,low,official_rtms,
8ae324fd39046498cef8ecd9,202310,41115,화서동,7*,다가구,155000.0,176.0,437.74,2022.0,low,official_rtms,
57029b4a85384da9d841a6a1,202310,41115,화서동,9*,다가구,59000.0,132.2,249.3,1990.0,unmatched,official_rtms,
03ecc00ba8edd477201309a6,202310,41117,매탄동,9**,단독,67000.0,185.0,284.8,1998.0,medium,official_rtms,HUB-821526395f1783d4b187
d371c454d3a2bb75ccc03ec7,202310,41117,매탄동,1***,다가구,117000.0,223.4,520.98,2002.0,high,official_rtms,HUB-9348ad996e9d42ee8b4f
a085f98d419613a9395290e4,202310,41117,매탄동,2**,단독,48000.0,186.9,299.85,1992.0,low,official_rtms,
47f73fcb57f8d5685b02651f,202311,41111,연무동,1**,단독,49000.0,165.0,178.25,1982.0,low,official_rtms,
efadf5b165b8a60abdff1cc8,202311,41111,연무동,2**,단독,44000.0,90.1,155.61,1981.0,low,official_rtms,
61b7cb9bfab0b9f51fb466de,202311,41111,연무동,1**,다가구,64000.0,139.0,227.94,2016.0,low,official_rtms,
4874eb89f3cdda5672b81ed3,202311,41111,영화동,3**,단독,35000.0,119.9,184.22,1982.0,low,official_rtms,
49ef71e2efc32df94f930161,202311,41111,영화동,4**,다가구,131000.0,242.7,550.57,2004.0,low,official_rtms,
18bbf39e7f7994050e364c94,202311,41111,율전동,2**,다가구,143000.0,237.0,503.64,2004.0,unmatched,official_rtms,
b8423ed5ad061f3ac3d249ff,202311,41111,이목동,1**,단독,120000.0,698.0,160.37,2001.0,low,official_rtms,
7d48667356e2dc125e4c358a,202311,41111,조원동,6**,단독,45000.0,177.0,272.22,1995.0,medium,official_rtms,HUB-980a05a2ee393cf2758f
b6c82e44a815117aeebe47c5,202311,41111,조원동,7**,단독,37500.0,135.7,185.17,1985.0,low,official_rtms,
b36f35c93b4304b92015da53,202311,41111,파장동,4**,단독,330000.0,1824.0,265.5,2002.0,low,official_rtms,
b2e8fbead455ec7a31c04868,202311,41113,권선동,9**,단독,50800.0,190.3,249.99,1990.0,high,official_rtms,HUB-7e1bb3f3fda9c18c5788
39a2b9d63042d3f4a562ca1d,202311,41113,금곡동,1***,다가구,102000.0,243.7,334.27,2014.0,low,official_rtms,
a00b6c4ba32e817426ea3065,202311,41113,세류동,9*,다가구,75000.0,145.0,342.16,2003.0,low,official_rtms,
fdd2ceab3a49eff2f23cceba,202311,41113,탑동,7**,다가구,91000.0,166.9,332.81,2016.0,unmatched,official_rtms,
0c7c23dc8cf3509e2ddeca9e,202311,41113,탑동,7**,단독,61000.0,162.4,343.18,2002.0,unmatched,official_rtms,
15dacf77df02e09b8b75992b,202311,41113,탑동,8**,다가구,46000.0,111.1,200.81,2006.0,unmatched,official_rtms,
8fc8d2e5255fbabdf7531f14,202311,41115,매교동,2*,다가구,35782.0,92.0,179.64,1999.0,high,official_rtms,HUB-bc59f724bfd09e949a6c
bfd1cf55f96fbaacdc9bb47f,202311,41115,매교동,2*,다가구,37000.0,102.0,179.64,1999.0,low,official_rtms,
bfd1cf55f96fbaacdc9bb47f,202311,41115,매교동,2*,다가구,37000.0,102.0,179.64,,low,official_rtms,
77515493f429ed8a68ed656d,202311,41115,신풍동,4*,다가구,100000.0,142.0,198.99,1993.0,low,official_rtms,
f9cf33b1fcb16894f8332c34,202311,41115,인계동,7**,다가구,153000.0,330.0,650.73,2002.0,unmatched,official_rtms,
f46adbdc50e9ba7426a15183,202311,41117,매탄동,5**,다가구,177000.0,249.0,526.92,2005.0,low,official_rtms,
65003eb12f3989369ba394fc,202311,41117,매탄동,2**,다가구,45000.0,110.7,66.08,2017.0,low,official_rtms,
f1d835adca4615eb31169769,202311,41117,매탄동,1***,다가구,150000.0,188.9,355.79,2022.0,low,official_rtms,
0b72f5659af4c7ca4e7b45fa,202311,41117,영통동,1***,다가구,150000.0,253.7,529.17,2001.0,low,official_rtms,
99f078cb4f5fb83ca19f2da5,202311,41117,이의동,1***,다가구,257000.0,233.7,410.97,2014.0,low,official_rtms,
4607e2cc435cc849fbbc0be6,202312,41111,상광교동,2**,단독,17000.0,131.5,195.68,2001.0,low,official_rtms,
bc26614f7ab5c74ad30398cf,202312,41111,연무동,2**,단독,28500.0,134.5,134.79,1984.0,low,official_rtms,
026c22da40b6bbd9c4a24c24,202312,41111,연무동,2**,단독,31500.0,92.8,107.75,1983.0,low,official_rtms,
ed0002ce4b4c8bfb8c4a29cd,202312,41111,영화동,2**,단독,347000.0,816.0,541.65,1985.0,low,official_rtms,
de767010e5ea00afd6afe00b,202312,41111,조원동,6**,단독,15300.0,106.0,105.0,1986.0,medium,official_rtms,HUB-980a05a2ee393cf2758f
79bab3ed53fc14eaeaee00c0,202312,41111,조원동,7**,단독,30000.0,104.6,134.74,1984.0,low,official_rtms,
acffe4f0d4c4eb8e0f60440a,202312,41111,천천동,5**,다가구,100000.0,224.1,376.84,2004.0,unmatched,official_rtms,
0e7895630bd68e7ba26ea035,202312,41113,곡반정동,5**,다가구,79000.0,189.4,416.53,2004.0,low,official_rtms,
44d3a52cdf4cd7a6dc595c38,202312,41113,권선동,1***,단독,105000.0,152.2,336.71,1990.0,low,official_rtms,
db8d1f9d4dddc9ebcc04f0db,202312,41113,권선동,1***,단독,110000.0,204.4,416.9,2002.0,low,official_rtms,
e31e86a4f65bbcf8c68470b0,202312,41113,서둔동,1**,다가구,73700.0,160.0,404.48,2004.0,low,official_rtms,
1547222c1a23437339af4e64,202312,41113,서둔동,1**,단독,29400.0,155.0,70.84,1980.0,low,official_rtms,
8a63ecb352209c9b6ab0fa7d,202312,41113,세류동,2**,단독,33000.0,149.0,152.1,1989.0,unmatched,official_rtms,
4095a402e0ac4756d7f01c44,202312,41115,고등동,1**,단독,60000.0,136.2,204.96,1972.0,low,official_rtms,
c009654092431ad68284e18f,202312,41115,고등동,2*,다가구,120500.0,137.9,343.3,2022.0,unmatched,official_rtms,
76d72efc5dcef861d7712429,202312,41115,고등동,4*,단독,36500.0,158.7,62.81,1974.0,low,official_rtms,
be9d79e565fa1836fbfd7a61,202312,41115,신풍동,1**,단독,33000.0,93.0,41.19,1948.0,low,official_rtms,
bc5966e08e8a1fc3cb0f799b,202312,41115,우만동,5**,단독,36300.0,109.1,138.38,1987.0,low,official_rtms,
45f96850aeef9be510b71b5f,202312,41115,인계동,2**,단독,34000.0,114.0,252.14,1996.0,high,official_rtms,HUB-ee257ad7291ac3f421e8
e32df9c1bcbac991cfe3c940,202312,41115,지동,2**,단독,23000.0,89.0,66.3,2003.0,low,official_rtms,
83788fa7381e7454a9028d45,202312,41115,지동,1**,다가구,43400.0,171.0,180.86,1978.0,low,official_rtms,
955eb76e3f2bdc9f4d0c99b2,202312,41115,팔달로3가,1**,단독,39000.0,116.0,94.48,1970.0,unmatched,official_rtms,
9393c25b5a18cb2f6199dfbb,202312,41117,매탄동,5**,단독,179640.0,321.0,85.95,2024.0,low,official_rtms,
14ec798f8efee6599c25c92c,202312,41117,매탄동,4**,다가구,143000.0,199.0,377.48,2017.0,unmatched,official_rtms,
ee2e1daf58fa6379d93787e2,202312,41117,매탄동,2**,다가구,38500.0,180.5,261.36,1991.0,low,official_rtms,
63cdbf149c488935ea572cc2,202312,41117,신동,3**,다가구,166000.0,248.0,754.72,2008.0,low,official_rtms,
82c8ceb32547b1e2bdce2e15,202312,41117,신동,9**,다가구,322000.0,525.9,785.51,2015.0,medium,official_rtms,HUB-8085d78e02a8a7e29e7a
7e431ac41e2b605ff69f21dd,202312,41117,원천동,7*,단독,39000.0,184.0,219.0,2024.0,low,official_rtms,
2b31130aafa0522e543515ae,202401,41111,송죽동,4**,다가구,140000.0,197.4,432.03,2017.0,low,official_rtms,
87fc422965600c07e4accb8f,202401,41111,송죽동,1**,다가구,48500.0,214.0,174.26,1988.0,low,official_rtms,
4605d5445c25d8623d480a90,202401,41111,율전동,2**,다가구,102000.0,160.0,329.92,2003.0,unmatched,official_rtms,
6329fc77603ca858c02d0d01,202401,41111,정자동,4*,단독,145000.0,185.6,238.35,1986.0,unmatched,official_rtms,
87d2409dc911e6bf0c60a291,202401,41111,천천동,5**,다가구,94000.0,239.0,427.09,2003.0,unmatched,official_rtms,
e775300c9540f76a117c3d09,202401,41113,권선동,1***,단독,105000.0,235.3,473.66,2000.0,low,official_rtms,
62e7edd2986b42200d55049c,202401,41113,서둔동,3*,단독,38500.0,118.0,148.62,1985.0,medium,official_rtms,HUB-23294159b2f7f217d4ba
50142b78d40f939a226d5a20,202401,41113,세류동,2**,단독,27700.0,120.8,158.42,1982.0,unmatched,official_rtms,
ff610b75a127d72fa551f460,202401,41113,세류동,4**,단독,10000.0,100.0,53.27,1960.0,low,official_rtms,
20e1321b4235d962a159dae4,202401,41113,세류동,2**,다가구,38000.0,127.0,227.85,1997.0,unmatched,official_rtms,
7561e67c6bc8503ab55cc2e6,202401,41115,매교동,2**,단독,52000.0,120.0,76.73,1977.0,low,official_rtms,
ad10dd8de5aa3312cef235ed,202401,41115,우만동,5**,다가구,87500.0,203.4,393.6,2003.0,low,official_rtms,
0be179488b1678bceaf7d4a3,202401,41115,지동,1**,단독,59400.0,221.0,449.0,1996.0,low,official_rtms,
b7b73a7ac4d9b41996906141,202401,41115,화서동,6*,단독,38000.0,132.2,136.48,1977.0,unmatched,official_rtms,
97e19128ff0f28f7bccc591f,202401,41115,화서동,9*,단독,32500.0,165.3,59.5,1972.0,unmatched,official_rtms,
981bd7209146735c7d6634d9,202401,41115,화서동,1**,다가구,57000.0,141.0,160.14,1986.0,low,official_rtms,
9ad444946b47515f909da0ba,202401,41117,매탄동,1***,다가구,120000.0,213.9,364.61,2002.0,low,official_rtms,
d55ff439910bee52561c11cf,202401,41117,매탄동,1***,다가구,149000.0,234.3,524.16,2002.0,low,official_rtms,
91a735b01131b4e12dc7711e,202401,41117,원천동,3**,다가구,134000.0,291.0,890.14,2008.0,low,official_rtms,
6d560be6a86bea540fe8060b,202402,41111,연무동,1*,단독,310000.0,264.0,979.86,1996.0,high,official_rtms,HUB-24575d7ba9a54b3afe71
887d34dc9ef5390e33612cae,202402,41111,연무동,5*,단독,23500.0,90.0,47.5,1964.0,low,official_rtms,
3b3f2b8642e8cd0516bbea0f,202402,41111,연무동,6*,다가구,33000.0,98.0,148.65,1992.0,low,official_rtms,
963946372d5745f7bdeb13bf,202402,41111,연무동,6*,단독,30000.0,139.0,35.76,1964.0,low,official_rtms,
737fc6165fa7195c49045061,202402,41111,연무동,1**,다가구,148000.0,206.0,388.58,2022.0,high,official_rtms,HUB-410bc30f252a52cab51c
79ec0d005c5e35bf2e13c08b,202402,41111,영화동,2**,단독,45000.0,132.0,64.2,1977.0,low,official_rtms,
6aa52aeaffdb7c1550ec592d,202402,41111,정자동,7*,다가구,130000.0,130.0,324.0,2022.0,low,official_rtms,
f5ea52e30654c4cb2493001f,202402,41111,조원동,7**,단독,42000.0,106.2,110.62,1987.0,low,official_rtms,
9218b26683376005c203c195,202402,41111,파장동,5**,단독,42770.0,157.1,151.29,1980.0,unmatched,official_rtms,
a7c0d97cbebfff26cc2e2723,202402,41113,구운동,5**,단독,51000.0,187.2,185.04,1990.0,unmatched,official_rtms,
96b2c7b9a3b30a91203413db,202402,41113,구운동,5**,단독,75000.0,179.6,318.03,1990.0,unmatched,official_rtms,
a57ca20ddc2c221a92a1c029,202402,41113,금곡동,1***,단독,148000.0,252.0,476.5,2016.0,low,official_rtms,
256d07d9833598c51979a36e,202402,41113,서둔동,2**,단독,35000.0,160.0,97.66,1984.0,unmatched,official_rtms,
52d2be19cfb2cec0cf915599,202402,41113,세류동,1**,단독,60000.0,147.0,197.46,2018.0,low,official_rtms,
ab5f57a0459cc8aacaaaa236,202402,41113,세류동,5**,다가구,30000.0,81.1,143.6,1997.0,unmatched,official_rtms,
bfd93edd00952c0e2cce1960,202402,41113,세류동,1***,단독,19400.0,136.0,55.67,1970.0,low,official_rtms,
c6edbbb3f03b25397ba31ab3,202402,41113,세류동,1***,단독,18200.0,88.9,139.38,1994.0,low,official_rtms,
5784f94f2c44ab2af85ce001,202402,41113,탑동,3**,다가구,80000.0,166.0,303.62,2017.0,low,official_rtms,
6016c76cebe113a7c75a8dae,202402,41113,탑동,8**,단독,34500.0,100.5,115.18,2003.0,unmatched,official_rtms,
3710080cba40fe4d50137f87,202402,41115,고등동,6*,다가구,28800.0,145.6,183.57,1987.0,low,official_rtms,
2930d7d9a799b8d50c44ad7f,202402,41115,지동,1**,다가구,31000.0,125.0,194.88,1996.0,low,official_rtms,
2a58c877a10300cb63d801b9,202402,41115,화서동,1**,단독,34000.0,107.0,114.85,1987.0,low,official_rtms,
822f2fe39f36854f9352cf58,202402,41115,화서동,1**,단독,73000.0,151.4,328.48,1991.0,high,official_rtms,HUB-40c9b23dd7af952a7c20
e5d5b6c4d90e7936c8f3535d,202402,41115,화서동,1**,단독,38500.0,152.4,136.47,1977.0,low,official_rtms,
a087d6ae95f46c9a4cfc193f,202402,41117,원천동,2**,다가구,120000.0,235.0,569.67,2008.0,low,official_rtms,
4e73ba7d4ccdcd95ab1abf2e,202403,41111,연무동,2**,다가구,44000.0,133.7,197.01,2001.0,low,official_rtms,
1cc8f3f70376bfdc85810e20,202403,41111,연무동,2**,다가구,38000.0,130.2,150.7,1985.0,low,official_rtms,
5c078b79b5bf52baf75c6286,202403,41111,연무동,1**,다가구,105000.0,218.0,416.15,2017.0,low,official_rtms,
2161438d0f23e9cc219b8fb7,202403,41111,영화동,2**,다가구,77500.0,201.0,417.16,2014.0,low,official_rtms,
c6a5a67ee7dc5beaf0f2d63d,202403,41111,조원동,5**,다가구,134000.0,156.0,394.33,2022.0,low,official_rtms,
9a427ffa2c2792625f7676e4,202403,41111,파장동,3**,단독,41000.0,166.0,65.95,1977.0,medium,official_rtms,HUB-47d1b32ad7d90882d29f
7d4a20bf0a3e8840101867a5,202403,41113,고색동,2**,단독,50000.0,188.0,248.33,1993.0,low,official_rtms,
bdc9aeb93961190c27238187,202403,41113,곡반정동,5**,단독,144000.0,232.0,739.95,2006.0,high,official_rtms,HUB-bfb31bb846a36abc173d
541c8684e2964c21f8a1cf89,202403,41113,권선동,9**,다가구,130000.0,328.3,610.33,2006.0,low,official_rtms,
0dbce8937eed63e34be8b121,202403,41113,서둔동,3*,단독,50000.0,182.0,167.33,1985.0,medium,official_rtms,HUB-23294159b2f7f217d4ba
93c52d9dad929e3f9fc9000d,202403,41113,세류동,1***,단독,74000.0,210.5,329.68,1990.0,low,official_rtms,
9c0405e6e781ed80dceb3b21,202403,41113,세류동,8**,단독,12000.0,94.0,35.01,1977.0,low,official_rtms,
a127401216e64453c9625309,202403,41113,세류동,4**,단독,32000.0,137.0,124.96,1976.0,low,official_rtms,
956a71aa605c0c48abd28b2e,202403,41115,매산로3가,8*,단독,27500.0,118.0,103.17,1987.0,unmatched,official_rtms,
ae0d9276535ea4da1855d8c8,202403,41115,신풍동,8*,다가구,61300.0,115.0,136.68,1991.0,low,official_rtms,
b38aad91d7fd4a95eb9fff20,202403,41115,신풍동,8*,다가구,62000.0,115.0,136.68,1991.0,low,official_rtms,
d09ada904989a8f50b304f73,202403,41115,우만동,4**,다가구,35000.0,100.2,125.82,1987.0,low,official_rtms,
cec1fb4b3ae6495bed8b06b1,202403,41115,우만동,5**,다가구,97000.0,167.7,481.98,1992.0,low,official_rtms,
288ad7c3aaeefe81f6f5a586,202403,41115,지동,2**,단독,25000.0,56.0,27.44,1974.0,low,official_rtms,
44d723b72dcb82434c6adc3b,202403,41115,지동,2**,다가구,40500.0,145.0,126.21,1968.0,low,official_rtms,
445145ce562964f8815156d5,202403,41115,지동,1**,단독,7000.0,76.0,18.48,1974.0,low,official_rtms,
041ba58ebff397133c628b8b,202403,41117,매탄동,1**,단독,53000.0,202.4,299.79,1989.0,low,official_rtms,
ff135740b5adceb8ddbb8790,202403,41117,매탄동,1***,다가구,130000.0,183.6,328.65,2021.0,high,official_rtms,HUB-b4151905e8d31870cfb6
d445d9030b6e14df2f391db9,202403,41117,매탄동,1**,다가구,59500.0,171.1,254.86,1989.0,low,official_rtms,
50c0f7616941305bfc71c1c4,202403,41117,매탄동,1**,단독,63000.0,202.0,244.71,1990.0,low,official_rtms,
e0eef470dfa4915fa0ca616b,202403,41117,매탄동,2**,다가구,45000.0,132.0,276.16,1995.0,low,official_rtms,
21f9fd8df5fbbe0b5138c370,202403,41117,매탄동,2**,다가구,106000.0,226.0,504.06,2003.0,low,official_rtms,
670b1b28f404caa12462361a,202403,41117,매탄동,1***,다가구,118500.0,245.6,503.64,2002.0,low,official_rtms,
29f1e717a46da77386dac780,202403,41117,이의동,1***,다가구,198000.0,283.8,494.48,2015.0,low,official_rtms,
1dd47da73d8fff9b6052fa7f,202404,41111,송죽동,3**,다가구,33900.0,135.5,134.63,1984.0,low,official_rtms,
cbf497615a40b7d891154316,202404,41111,송죽동,3**,다가구,165390.0,303.0,329.53,2000.0,low,official_rtms,
649216beeb70c23bb2329fb8,202404,41111,송죽동,4**,다가구,24000.0,139.3,218.01,1993.0,low,official_rtms,
e27a67413a00089679c8a18e,202404,41111,연무동,2**,단독,40250.0,109.5,184.83,1989.0,low,official_rtms,
9002561bf09b22b4c3d43a9e,202404,41111,영화동,3**,다가구,86500.0,222.8,502.32,2002.0,high,official_rtms,HUB-ea2cfcbf33057e98b44a
abf3032fbe8e245dd95939a0,202404,41111,영화동,4**,다가구,35000.0,186.2,304.08,1996.0,low,official_rtms,
af6f679afd55454676f7d5d7,202404,41111,율전동,9*,다가구,28000.0,98.0,136.58,1985.0,low,official_rtms,
362e0c5c34f9484c42024e37,202404,41111,조원동,5**,단독,24000.0,198.0,74.08,1976.0,low,official_rtms,
ab5646ca6a05f3a4237b8d26,202404,41111,조원동,4**,단독,32000.0,142.0,59.5,1970.0,low,official_rtms,
2873925154699da0aa266afa,202404,41111,조원동,7**,다가구,141000.0,240.5,439.59,2020.0,low,official_rtms,
0c59ded8e49c97d0dafaa854,202404,41111,조원동,8**,단독,110000.0,222.3,460.9,2003.0,low,official_rtms,
69d58b34aadca37a4df224f1,202404,41111,하광교동,1**,단독,88500.0,301.0,196.63,2011.0,high,official_rtms,HUB-d109846601ed99f403db
0d899d9dcc46975c6eb4ee2f,202404,41113,구운동,5**,다가구,105000.0,213.9,449.11,2012.0,unmatched,official_rtms,
34b3b4b16e283282d702300c,202404,41113,구운동,5**,단독,50000.0,181.3,268.7,1989.0,unmatched,official_rtms,
065366b5d8be2bbefe08dc55,202404,41113,구운동,5**,다가구,60000.0,275.7,417.06,1993.0,unmatched,official_rtms,
0b380ea8e91c82e612a4d9f3,202404,41113,세류동,5**,다가구,32800.0,90.0,152.43,1989.0,unmatched,official_rtms,
bf6fa4dbade6850d87b07bcd,202404,41113,세류동,9*,단독,55000.0,187.0,78.31,1976.0,low,official_rtms,
52715b0fa05fdc1892a32e8b,202404,41113,세류동,6**,다가구,69950.0,177.0,343.12,2010.0,medium,official_rtms,HUB-6e8fa741dcbeca8e1534
2ce57f29cd6b01e0c1603fe8,202404,41113,세류동,3**,단독,31000.0,122.6,110.37,1987.0,unmatched,official_rtms,
8bd8c48417b7e696d3e46630,202404,41113,입북동,7**,단독,80000.0,364.0,131.58,2006.0,unmatched,official_rtms,
8d4ef9252e1399dcf0d0b755,202404,41115,남수동,1*,단독,23000.0,132.0,58.31,1975.0,low,official_rtms,
bc569c9a99ce088d4ae2aaa9,202404,41115,매산로3가,1**,다가구,134500.0,189.0,354.62,2017.0,low,official_rtms,
9061f3aeefa4a2114ecd5ca0,202404,41115,매산로3가,1**,단독,135000.0,189.0,354.62,2017.0,low,official_rtms,
08bdd44a532f10cacc232dda,202404,41115,우만동,6*,다가구,76000.0,142.0,217.99,1993.0,high,official_rtms,HUB-491dfdc0f30bdc1fd852
c2a4afb897c3179d6da05eb8,202404,41115,장안동,2*,단독,72000.0,80.0,128.96,1981.0,low,official_rtms,
7b6a243acde6d67ea4772588,202404,41115,지동,2**,단독,32000.0,192.0,174.29,1992.0,low,official_rtms,
469b1d47c5ea014e077c91e8,202404,41115,지동,2**,단독,25000.0,56.0,27.44,1974.0,low,official_rtms,
b60f84b73ff573f8dc7339ba,202404,41115,지동,2**,단독,13000.0,86.0,30.74,1974.0,low,official_rtms,
9eae9116a894abea859933a9,202404,41115,지동,1**,단독,45000.0,172.0,267.48,1993.0,low,official_rtms,
d7b1beaafa22a46f6c16506d,202404,41115,지동,4**,다가구,34800.0,179.6,262.72,1988.0,high,official_rtms,HUB-cd5e365d4588f077d57b
fed7290c57da80220f678705,202404,41117,망포동,4**,다가구,118000.0,255.0,399.33,2002.0,medium,official_rtms,HUB-f1be58464d80125d9f22
2a16828adb6d1f89e84b68f2,202404,41117,매탄동,1***,다가구,114000.0,210.0,494.74,2002.0,low,official_rtms,
1f0f81b1606dca0d41edb305,202404,41117,매탄동,8**,단독,1000.0,194.2,84.91,1991.0,unmatched,official_rtms,
9cde4d49f37f7d65470ad603,202404,41117,매탄동,1***,다가구,145000.0,329.8,564.18,2002.0,low,official_rtms,
4478ad62d9cf4b4780a1332f,202404,41117,영통동,9**,다가구,155000.0,199.0,417.11,2001.0,low,official_rtms,
a3e3e9693162e3ce60fcf4a2,202404,41117,원천동,2**,다가구,130000.0,263.0,592.49,2009.0,high,official_rtms,HUB-cdeb0a8c99c2285bcfc7
3439426358dfd07cc1d0a4bc,202405,41111,연무동,6*,다가구,20000.0,96.0,121.4,2002.0,low,official_rtms,
b38403cd8da3d4fa4e7d7502,202405,41111,율전동,3**,다가구,64500.0,169.0,208.71,1990.0,unmatched,official_rtms,
29f9f569888a738453538dea,202405,41113,곡반정동,5**,단독,97500.0,237.7,491.31,2005.0,low,official_rtms,
2285562bea361d4462979791,202405,41113,구운동,5**,단독,31800.0,114.0,112.97,1991.0,unmatched,official_rtms,
721ca12048d934bf29119ca5,202405,41113,서둔동,2**,단독,11000.0,106.0,84.15,1996.0,unmatched,official_rtms,
ee4f84eb93a79bf37bff7e42,202405,41113,세류동,4**,다가구,43000.0,167.0,164.8,1982.0,low,official_rtms,
5db4488a672e34568b4fe697,202405,41113,세류동,6**,단독,15000.0,82.0,33.48,1974.0,medium,official_rtms,HUB-6e8fa741dcbeca8e1534
c6911a2732f80931575a1ca5,202405,41113,세류동,5**,단독,27800.0,133.0,74.09,1979.0,unmatched,official_rtms,
9c5e4bc193118c57d6941920,202405,41113,세류동,1***,단독,27200.0,94.6,111.32,1985.0,low,official_rtms,
f2feb796c178e6de3a908365,202405,41113,호매실동,1***,단독,134000.0,268.8,494.09,2024.0,low,official_rtms,
578a23ebdb3f66eae68a6b1c,202405,41115,고등동,9*,단독,52000.0,132.2667,57.85,1972.0,unmatched,official_rtms,
64289277eebe866c39a1fc01,202405,41115,남창동,1**,다가구,40000.0,132.0,125.43,1974.0,low,official_rtms,
b56f48698c00819e20e0394b,202405,41115,매산로1가,5*,단독,25163.0,60.0,38.76,1948.0,unmatched,official_rtms,
3d2442e006d0fab5f0357738,202405,41115,신풍동,1**,단독,33000.0,93.0,41.19,1948.0,low,official_rtms,
a661f2ef421011e11114d18e,202405,41115,지동,2**,단독,83000.0,229.0,108.53,1962.0,low,official_rtms,
0765b246d7003ba46540e12c,202405,41115,지동,3**,단독,39000.0,66.0,28.56,1974.0,medium,official_rtms,HUB-62b53fe4e1193555a48a
2bc36523e737117cc817c527,202405,41115,지동,2**,단독,79821.0,212.0,108.53,1962.0,low,official_rtms,
7d7f5200d055b7a0ae26799e,202405,41115,지동,2**,단독,77000.0,212.0,108.53,1962.0,low,official_rtms,
ded582687da0ef67e597ea26,202405,41115,지동,1**,단독,60000.0,158.0,288.31,1990.0,high,official_rtms,HUB-add8c0562839d98222ce
857ce46b4a0dd2605169e5c4,202405,41115,지동,2**,단독,49000.0,125.0,28.36,1947.0,low,official_rtms,
033c203151a0609d98fca75d,202405,41115,지동,1**,다가구,50000.0,159.0,159.79,1996.0,low,official_rtms,
e22f093fd166c8ef8bb4ebf3,202405,41115,지동,2**,다가구,55000.0,195.0,304.71,1990.0,low,official_rtms,
47376fad56ba7bad74f081fc,202405,41115,화서동,8*,다가구,36000.0,145.0,215.39,1994.0,unmatched,official_rtms,
983e835fefbe04e4e5fba74e,202405,41117,영통동,1***,다가구,118000.0,195.9,414.85,2001.0,low,official_rtms,
7df808ceea5b1fc7c926c116,202405,41117,원천동,7*,단독,100000.0,194.0,442.88,2003.0,low,official_rtms,
14b3c308a214271dd09eb716,202406,41111,송죽동,1**,단독,88000.0,323.0,324.43,1989.0,high,official_rtms,HUB-138cf609130b0bb6ae55
597721849e2393a955e9b536,202406,41111,송죽동,4**,다가구,39200.0,143.2,198.79,1991.0,low,official_rtms,
7d830e80117c6ed5f95d1044,202406,41111,연무동,6*,다가구,34200.0,93.0,140.81,1990.0,low,official_rtms,
bf5b5cd368e2d6fb0e907bc4,202406,41111,영화동,3**,단독,40000.0,180.9,79.51,1978.0,low,official_rtms,
44ccb659649bd76e5b512629,202406,41111,영화동,4**,단독,119000.0,192.1,384.07,2009.0,low,official_rtms,
67abb1b31e686b7842effa42,202406,41111,율전동,1**,다가구,50000.0,174.0,277.96,1997.0,low,official_rtms,
f19bd76e977c5619ef9210f7,202406,41111,정자동,7*,다가구,34000.0,161.5,152.0,1981.0,low,official_rtms,
82d6af62d975f59cc77ee446,202406,41111,조원동,5**,단독,27500.0,198.0,74.08,1976.0,low,official_rtms,
f435eda7d1abad1c4179e574,202406,41111,천천동,5**,다가구,95000.0,243.4,412.33,2004.0,unmatched,official_rtms,
5fa8e0fcaa453b41545b4a5f,202406,41111,파장동,5**,다가구,23000.0,148.1,145.54,1986.0,unmatched,official_rtms,
d021608d38151191d621fad0,202406,41113,고색동,8*,다가구,41900.0,176.0,255.96,1993.0,unmatched,official_rtms,
35a355d687fbde6fcc71f136,202406,41113,구운동,4**,단독,73500.0,200.9,293.4,1991.0,low,official_rtms,
4cef8a9c5bd95205e4302819,202406,41113,구운동,4**,다가구,62500.0,181.0,330.78,1994.0,low,official_rtms,
9c171dff09c02a08cafa2e4d,202406,41113,권선동,9**,단독,129000.0,348.9,656.64,2002.0,low,official_rtms,
d201236b34d6e4b6bc08b376,202406,41113,서둔동,2*,단독,37000.0,158.0,199.2,1993.0,unmatched,official_rtms,
60774570a5f02e2c93fe26d5,202406,41113,세류동,4**,단독,74000.0,116.7,229.99,2014.0,low,official_rtms,
f29e9a0ede1acd989a140a2b,202406,41113,세류동,1***,단독,71000.0,169.7,262.12,2024.0,low,official_rtms,
836711b73803cea8b75b4771,202406,41113,세류동,1***,단독,71000.0,169.9,262.12,2024.0,low,official_rtms,
8984445fd3161d39640ee8e5,202406,41113,세류동,4**,단독,52500.0,182.0,255.27,1991.0,low,official_rtms,
7751850af639a6a67308d52f,202406,41113,세류동,6**,단독,16300.0,82.0,33.48,1974.0,medium,official_rtms,HUB-6e8fa741dcbeca8e1534
af4f739141b63367029df401,202406,41113,세류동,2**,단독,27700.0,120.8,158.42,1982.0,unmatched,official_rtms,
ab3008361377709aa0cf0f0a,202406,41115,우만동,5**,단독,53000.0,119.8,158.12,1986.0,low,official_rtms,
9853d19a0d46ee61ffa2d7c6,202406,41115,장안동,1**,단독,82500.0,109.0,165.39,1981.0,low,official_rtms,
1420390375173be1ab98a758,202406,41115,지동,2**,단독,43000.0,127.0,145.79,1980.0,low,official_rtms,
d7d4602defd31cdbffeb8f68,202406,41115,화서동,1**,다가구,74500.0,206.0,302.92,1995.0,low,official_rtms,
abee6dcd5f847881d76309e1,202406,41115,화서동,1**,다가구,42700.0,112.0,183.87,1994.0,low,official_rtms,
1e76e816cc2996f14d88179e,202406,41115,화서동,3**,단독,27000.0,164.0,72.47,1982.0,low,official_rtms,
be58a0f2c648bff2d3f56278,202406,41117,매탄동,1**,단독,28000.0,148.0,84.2,1978.0,low,official_rtms,
b163de83ac75f6341da73ea8,202406,41117,매탄동,1***,다가구,96000.0,240.8,548.56,2002.0,low,official_rtms,
6c6c51eb92a2b476898deb01,202406,41117,매탄동,8**,다가구,155000.0,244.2,399.51,2016.0,unmatched,official_rtms,
273eecad4b6940a5f657baff,202406,41117,매탄동,1***,다가구,110000.0,198.8,417.36,2002.0,high,official_rtms,HUB-93930723d10211db1cc3
d93f4743000ed0dff3bc5345,202406,41117,매탄동,1***,단독,35000.0,176.0,210.72,1990.0,low,official_rtms,
3558b17258944a47ae1ddba6,202406,41117,신동,3**,다가구,253500.0,385.0,852.02,2020.0,low,official_rtms,
2e888640ed1622443e8c19df,202406,41117,영통동,1***,단독,125000.0,197.8,326.6,1998.0,low,official_rtms,
54610d01be03ff1cd22bf58e,202406,41117,영통동,1***,다가구,113000.0,189.8,416.64,2001.0,low,official_rtms,
135572a4603cdc8bacc6f6ed,202406,41117,원천동,2**,다가구,110000.0,277.0,443.92,2008.0,low,official_rtms,
135572a4603cdc8bacc6f6ed,202406,41117,원천동,2**,다가구,110000.0,277.0,443.92,2008.0,low,official_rtms,
be33ffcab84a43b33c0b74dc,202406,41117,이의동,1***,단독,261000.0,332.9,404.91,2017.0,low,official_rtms,
2df76aff1e1932886ae33442,202406,41117,하동,9**,다가구,215000.0,252.0,452.71,2015.0,low,official_rtms,
bf73fd63b476ac573d9d8482,202407,41111,송죽동,4**,단독,44700.0,107.4,182.61,1989.0,low,official_rtms,
b9e900c0b28c8162c4aeeb7c,202407,41111,송죽동,2**,단독,42000.0,201.0,141.91,1978.0,unmatched,official_rtms,
eb6f608a097fdf3df97760ba,202407,41111,영화동,3*,다가구,20000.0,81.0,82.99,1997.0,high,official_rtms,HUB-163580caa3f1945313d9
4c248db5dde8b86f9f538989,202407,41111,영화동,1**,단독,28000.0,165.0,199.55,1994.0,low,official_rtms,
649f905a86e553c926fd5aa5,202407,41111,영화동,4**,단독,59500.0,198.0,79.01,1977.0,low,official_rtms,
a9399bb784a3739bb774b7d6,202407,41111,영화동,1**,단독,21500.0,112.0,50.58,1971.0,low,official_rtms,
f289445d9877d5042cc6e0d7,202407,41111,율전동,4**,단독,200000.0,333.0,834.52,2015.0,medium,official_rtms,HUB-67504965c55953b7fdd3
c385d4eff9400f535a3e9723,202407,41111,파장동,5**,단독,40400.0,136.9,167.55,1985.0,unmatched,official_rtms,
106747d59688435517db599a,202407,41113,고색동,8*,다가구,47300.0,171.0,257.38,1996.0,unmatched,official_rtms,
83488b1520bea8900f3ddf78,202407,41113,고색동,4*,다가구,33000.0,101.0,100.93,1983.0,high,official_rtms,HUB-50d0d7e03367033ea9ed
af9633a8a0f4329a64741640,202407,41113,곡반정동,5**,다가구,170000.0,479.4,955.05,2006.0,low,official_rtms,
05ef5402157289a9b21cdd88,202407,41113,곡반정동,5**,다가구,80000.0,212.3,410.52,2005.0,low,official_rtms,
f2e9c8f85afce3c0cf3f3075,202407,41113,구운동,4**,단독,51000.0,184.1,187.14,1990.0,low,official_rtms,
e4d8b01a6ed7768bc387ba6a,202407,41113,서둔동,1*,다가구,47000.0,140.0,149.98,1993.0,high,official_rtms,HUB-d506eb149d710da9330f
b17ff469c687d0098e7f86cb,202407,41113,세류동,1**,다가구,43500.0,111.8,188.82,1996.0,low,official_rtms,
774dabc4b38b394285194f8e,202407,41115,매산로3가,1**,다가구,42000.0,163.0,162.96,1993.0,low,official_rtms,
42b06996929d2206cf456e4b,202407,41115,신풍동,8*,단독,50000.0,136.0,55.54,1962.0,low,official_rtms,
0d5ed4888addf960bcdf0400,202407,41115,우만동,5**,단독,49800.0,147.6,157.4,1987.0,low,official_rtms,
8476d47fe483f8aff9a12cd5,202407,41115,우만동,5**,다가구,53500.0,196.0,249.93,1988.0,low,official_rtms,
d1e72e5bd92307eca072f51a,202407,41115,우만동,4**,다가구,35000.0,100.2,125.82,1987.0,low,official_rtms,
a2c707f58edbdb3dd7db53fe,202407,41115,인계동,1***,다가구,49200.0,150.1,337.2,1988.0,high,official_rtms,HUB-e142571984c23958a198
d246df4ffc24ea5c8fed08c3,202407,41115,인계동,7**,단독,97000.0,99.0,119.24,1970.0,unmatched,official_rtms,
88f044a1ba1291504543e874,202407,41115,지동,2**,단독,32000.0,122.0,115.71,1980.0,low,official_rtms,
82008756bad9a48dd1792051,202407,41115,화서동,1**,단독,680000.0,773.5,1304.75,2004.0,low,official_rtms,
fa231294d53211efaa02efe4,202407,41115,화서동,1**,다가구,69000.0,161.0,264.57,2001.0,low,official_rtms,
d14cc61f1c115fcefe5ad8ce,202407,41115,화서동,1**,다가구,179000.0,197.0,502.79,1972.0,low,official_rtms,
d1aabc648ed7093643e654fa,202407,41115,화서동,2**,다가구,50000.0,168.0,278.84,1990.0,low,official_rtms,
38caa1c7b786a6b0d45af840,202407,41117,매탄동,1***,단독,123000.0,254.1,549.76,2003.0,low,official_rtms,
f25edf1a8cac86226ae931f3,202407,41117,매탄동,1***,다가구,100000.0,193.3,411.2,2004.0,high,official_rtms,HUB-93930723d10211db1cc3
d5ce3d2cc4c0e5e2a478de0a,202407,41117,이의동,1***,단독,195000.0,286.3,494.17,2014.0,low,official_rtms,
114f3855f8fff194e431cc3f,202408,41111,송죽동,1**,단독,88000.0,323.0,324.43,1989.0,high,official_rtms,HUB-138cf609130b0bb6ae55
c02ea7c33cf17f92f20f9c83,202408,41111,연무동,5*,다가구,35000.0,100.0,161.24,1992.0,high,official_rtms,HUB-565f38c18888c44cc5bc
313d0e49a14fe0207f3d1ed2,202408,41111,연무동,1**,단독,50000.0,103.0,98.82,2018.0,low,official_rtms,
c2e2b854a8b72c4d3a227e4e,202408,41111,영화동,3**,다가구,147000.0,234.5,466.88,2017.0,high,official_rtms,HUB-1514e43244ad81c4fae3
5811a74555d4445cd8b4aafd,202408,41111,영화동,3*,단독,30500.0,167.0,92.35,1984.0,low,official_rtms,
95c1efae60f70f7bbab16b70,202408,41111,조원동,7**,단독,60000.0,175.2,414.12,1989.0,low,official_rtms,
02f4bc67c6f6bed990e8ea97,202408,41111,파장동,4**,단독,45000.0,92.0,176.16,2016.0,low,official_rtms,
00dd351b6affc6f6dca79ca7,202408,41113,고색동,4*,단독,42500.0,133.0,111.68,1991.0,low,official_rtms,
cbe28b23b908f93df830fbb7,202408,41113,고색동,1**,단독,36900.0,143.0,67.96,1984.0,low,official_rtms,
202a4bc000200b113e599759,202408,41113,구운동,4**,단독,43000.0,187.1,225.0,1991.0,low,official_rtms,
9fc86c68a6add1c8a0357371,202408,41113,서둔동,5*,단독,66808.0,149.0,60.76,,low,official_rtms,
14b32aee64922cb7ae280a74,202408,41113,서둔동,5*,단독,73200.0,202.0,60.76,1978.0,low,official_rtms,
a40943d8f4cbb436fb2cd43a,202408,41113,서둔동,1*,단독,57000.0,181.0,98.99,2024.0,low,official_rtms,
84c66ed72fa132663b14608b,202408,41113,세류동,2**,단독,45000.0,121.9,210.87,1986.0,unmatched,official_rtms,
78cf6ef948887693097e7e1c,202408,41115,고등동,1**,단독,30000.0,142.0,47.9,1972.0,low,official_rtms,
a3003fc444e594525a64c1b8,202408,41115,고등동,1**,단독,46000.0,133.6,83.24,1977.0,low,official_rtms,
490cbed9f90f6ca30047a8d3,202408,41115,매향동,1**,단독,13000.0,136.0,81.46,1991.0,low,official_rtms,
048fc4e8dd9b08153004e0ad,202408,41115,우만동,5**,다가구,39500.0,101.1,198.66,1997.0,low,official_rtms,
38bca96416ff2f6b863b6b99,202408,41115,우만동,4**,단독,109000.0,270.7,443.52,2000.0,low,official_rtms,
6a990ae39c0cec22abc2f38e,202408,41115,인계동,9**,다가구,192500.0,390.1,835.9,2007.0,unmatched,official_rtms,
95501a254289185151cddfc0,202408,41115,화서동,1**,단독,34000.0,104.7,69.72,1981.0,low,official_rtms,
69fdc86f81cab973f914b566,202408,41117,매탄동,4**,다가구,141000.0,310.0,496.23,1997.0,unmatched,official_rtms,
98d25ccf18f84f0bc288e552,202408,41117,원천동,2*,다가구,109000.0,154.0,341.51,2012.0,low,official_rtms,
db09f39a48a8b4728fd3d330,202408,41117,원천동,2*,다가구,110000.0,165.0,341.51,2012.0,low,official_rtms,
2518f959b30178ca4f48e117,202408,41117,이의동,1***,다가구,237500.0,270.1,485.41,2016.0,low,official_rtms,
a8b6a3562072bccc73de2ad3,202409,41111,연무동,5*,다가구,33000.0,96.0,153.96,1993.0,high,official_rtms,HUB-d02ff22a0e7c76818927
6e362d5c3aa74d3b3d80ae5b,202409,41111,영화동,1**,다가구,109000.0,208.0,394.13,2016.0,low,official_rtms,
f07c9fa68d2999fffed1c38c,202409,41111,영화동,3*,단독,24500.0,71.0,115.55,1994.0,low,official_rtms,
1003f7bb83837dcf0f175434,202409,41111,영화동,4**,다가구,60000.0,151.5,327.75,2003.0,low,official_rtms,
2a4697a4d6dcedd5275ac450,202409,41111,영화동,2**,단독,27500.0,136.0,57.42,1974.0,low,official_rtms,
564557165835552bb3db34e5,202409,41111,율전동,4**,다가구,95000.0,165.0,383.52,2003.0,medium,official_rtms,HUB-67504965c55953b7fdd3
9a744c476f662716ba16db5a,202409,41111,파장동,4**,단독,36000.0,104.0,115.53,2013.0,low,official_rtms,
72e695dfa4674931e0162508,202409,41113,고색동,8*,다가구,50800.0,166.0,281.52,1995.0,unmatched,official_rtms,
46afff656fcf2d1d211c99b6,202409,41113,권선동,1***,다가구,164000.0,192.3,399.36,2023.0,low,official_rtms,
55b07f8a49b3e81930310432,202409,41113,권선동,1***,단독,125000.0,235.4,469.09,2002.0,low,official_rtms,
a4545cca0435c7566b85c106,202409,41113,서둔동,1*,단독,47000.0,159.0,88.85,1984.0,low,official_rtms,
7c6aefad59b5b75befb09ebe,202409,41113,세류동,2**,다가구,30000.0,120.8,161.32,1982.0,unmatched,official_rtms,
26ee2f742c13713b49208bd1,202409,41115,남수동,1*,단독,28250.0,83.0,86.17,1981.0,high,official_rtms,HUB-e47eec7a52531a4cd28f
033fc5abccfa819d0ee2e4f7,202409,41115,매향동,1**,단독,20900.0,86.0,62.15,1971.0,low,official_rtms,
fabbcc088f858de1bb066467,202409,41115,우만동,4**,다가구,67000.0,169.2,263.13,1990.0,high,official_rtms,HUB-f47d2f6f411601c74898
44570341eabc21b56f146bc8,202409,41115,우만동,5**,단독,39000.0,138.9,144.6,1995.0,low,official_rtms,
3457aee227ffff8e11f280c4,202409,41115,우만동,4**,단독,60000.0,170.1,249.68,1988.0,high,official_rtms,HUB-f47d2f6f411601c74898
7247c64bb7aa981b6632e59b,202409,41115,인계동,1***,단독,40000.0,96.2,101.44,1987.0,low,official_rtms,
8a3774dfd46dfe1445d519b4,202409,41115,장안동,3**,단독,50000.0,139.0,42.84,1944.0,low,official_rtms,
720da1e238a8d67ab8ae272b,202409,41115,지동,1**,단독,46000.0,160.0,220.32,1985.0,high,official_rtms,HUB-cfeb5aae59959ffbee03
d03535691505c6bce09bbb2d,202409,41117,매탄동,2**,다가구,89500.0,232.1,493.14,2002.0,low,official_rtms,
4eb3d4e514307200ec00ca09,202409,41117,매탄동,2**,단독,64000.0,176.5,230.97,1990.0,low,official_rtms,
889b33817cefc1c9e2554dfe,202410,41111,연무동,2**,단독,35000.0,145.7,158.66,1993.0,low,official_rtms,
58c71554ac78e811251d1b2f,202410,41111,연무동,1**,단독,25500.0,119.0,45.95,1971.0,low,official_rtms,
84ea6286c715207b0ddb9406,202410,41111,영화동,1**,다가구,56750.0,131.0,213.32,2016.0,low,official_rtms,
53e230879796b03f0b3d49a1,202410,41111,영화동,3**,단독,50000.0,183.0,244.98,1988.0,low,official_rtms,
ccafe9e7b0bd91fa5a7af100,202410,41111,영화동,1**,다가구,31950.0,140.0,199.55,1994.0,low,official_rtms,
9d263a178cc19d105e1be0a3,202410,41111,영화동,3*,단독,13000.0,79.0,33.49,1973.0,low,official_rtms,
0750eb7b5d8454c8aacc060e,202410,41111,조원동,7**,다가구,155000.0,228.9,458.81,2018.0,low,official_rtms,
372755f4222f52da4cae9277,202410,41113,고색동,*,단독,100000.0,646.0,199.66,1995.0,high,official_rtms,HUB-08a77938e7b2abc30648
ab478306933fbfc07823650b,202410,41113,고색동,2**,단독,27500.0,147.0,75.13,1984.0,low,official_rtms,
7389849c7063aae5ac3d0326,202410,41113,고색동,5*,다가구,44900.0,155.0,219.0,1991.0,high,official_rtms,HUB-5800927d20390e03efa4
969d42601cbd8b45d50778c0,202410,41113,고색동,8*,단독,113000.0,358.0,95.87,2024.0,unmatched,official_rtms,
5c4c297c7bfe37416574fc5d,202410,41113,곡반정동,5**,다가구,84500.0,175.7,389.5,2005.0,low,official_rtms,
2072cc52956ac2e8d10a000e,202410,41113,곡반정동,5**,다가구,69500.0,173.8,356.44,2006.0,high,official_rtms,HUB-8b4209b145fcc04281f5
63f0e7dfe6b926e3967a90a6,202410,41113,권선동,1***,단독,81500.0,246.5,438.98,1994.0,low,official_rtms,
14038c0d947ead6ba6368022,202410,41113,권선동,9**,단독,56500.0,168.2,169.74,1987.0,low,official_rtms,
65b8baa364ee631f25dccef6,202410,41113,서둔동,2*,단독,67000.0,102.0,37.36,1971.0,unmatched,official_rtms,
19d2e8fa353fa77daccfa962,202410,41113,서둔동,3*,단독,49000.0,161.0,227.06,1990.0,medium,official_rtms,HUB-23294159b2f7f217d4ba
0ef354d8aaccc9624aff7cb0,202410,41113,서둔동,3*,단독,33000.0,122.0,112.92,1985.0,medium,official_rtms,HUB-23294159b2f7f217d4ba
7c1759bc9a687fe6bf6a9a26,202410,41113,서둔동,3*,다가구,33000.0,122.0,122.0,1985.0,medium,official_rtms,HUB-23294159b2f7f217d4ba
1a975787abc592f08309f908,202410,41113,세류동,1***,단독,40000.0,120.8,209.82,1987.0,high,official_rtms,HUB-a1154d7d7b761498c95d
593e07ccb46e2a8ddf53d9f6,202410,41113,호매실동,4**,다가구,38000.0,124.0,167.13,1993.0,low,official_rtms,
ba65902f968a08bfdf904206,202410,41115,고등동,3*,다가구,79000.0,204.2,302.65,2013.0,low,official_rtms,
1fd593ca4032fbfd83004472,202410,41115,남수동,1*,단독,24000.0,162.0,30.41,1974.0,low,official_rtms,
6fe8ccb2606cb30db4e03375,202410,41115,우만동,5**,다가구,89000.0,198.5,349.38,1995.0,low,official_rtms,
b103130c47d36f344ce99f14,202410,41115,우만동,7*,다가구,160000.0,251.0,475.44,2002.0,high,official_rtms,HUB-9bb1cd25914935f5fb3e
060c53c8597fa45857f307cc,202410,41115,우만동,5**,다가구,44500.0,126.0,146.92,1987.0,low,official_rtms,
eaa3ced27b08dda7c98db7bb,202410,41115,인계동,7**,단독,29400.0,89.0,39.67,1958.0,unmatched,official_rtms,
703ee7359de991e626fcd53e,202410,41115,지동,2**,다가구,48500.0,135.0,289.53,2002.0,low,official_rtms,
ae58c41af938b72fffc82406,202410,41115,화서동,1**,다가구,160000.0,277.0,544.45,2005.0,high,official_rtms,HUB-ec372690085a1c17b933
e57fc7f086ba458b8359e07c,202410,41115,화서동,1*,다가구,58000.0,156.0,339.69,2003.0,high,official_rtms,HUB-40c9b23dd7af952a7c20
35b5857a4543310cdd9c27e8,202410,41115,화서동,1**,다가구,42500.0,100.0,106.68,1984.0,low,official_rtms,
444adba64830f2aebe6cdcb7,202410,41115,화서동,1**,다가구,47600.0,165.6,179.55,2004.0,low,official_rtms,
1ff19b5935ba38600884266f,202410,41115,화서동,1**,단독,19000.0,134.0,129.48,1986.0,low,official_rtms,
bc49fa7356cc70ebf15c08c3,202410,41115,화서동,1**,단독,16000.0,134.0,129.48,1986.0,low,official_rtms,
6b52e5ebb71b74c1a915cf21,202410,41117,매탄동,2**,다가구,147000.0,209.6,438.93,2018.0,low,official_rtms,
f008fa8eabafb91ff2699ade,202410,41117,매탄동,2**,단독,58700.0,185.2,263.1,1990.0,low,official_rtms,
a34df4dd2f1b2351fab2e579,202410,41117,매탄동,4**,다가구,107311.0,211.0,413.95,2017.0,unmatched,official_rtms,
7a67d7deb108116e40eedcf1,202410,41117,매탄동,1**,다가구,146000.0,193.0,364.57,2017.0,high,official_rtms,HUB-f7de0a66832395a362fa
34212de4ca8b4f8deec49469,202410,41117,매탄동,1***,다가구,57000.0,173.4,329.44,1993.0,low,official_rtms,
2959a55dcb74c308cd15f1d9,202411,41111,연무동,6*,단독,43000.0,139.0,198.48,1993.0,low,official_rtms,
1aa9b5ebbbc2a1337948dedf,202411,41111,연무동,2**,단독,25000.0,127.6,179.81,1995.0,low,official_rtms,
ae25d0a45e6cff21f49c090e,202411,41111,영화동,4**,단독,65500.0,128.6,296.39,2004.0,low,official_rtms,
d935e26fe521c4281d5b4794,202411,41111,영화동,1**,다가구,56750.0,131.0,213.32,2016.0,low,official_rtms,
efea9f26e11621420ec60c50,202411,41111,율전동,2**,단독,130000.0,210.0,463.05,2001.0,unmatched,official_rtms,
e35e5254e45344e0c48944df,202411,41111,조원동,6**,단독,11000.0,72.5,25.79,1975.0,medium,official_rtms,HUB-980a05a2ee393cf2758f
5456c9f990bf4a2d006c598a,202411,41111,조원동,6**,단독,10000.0,72.5,22.51,1975.0,medium,official_rtms,HUB-980a05a2ee393cf2758f
3bda87025484a605eb51d3bb,202411,41111,천천동,2**,다가구,62500.0,164.0,234.66,1992.0,low,official_rtms,
a6ee35d5d1a278500f7838d1,202411,41111,파장동,4**,다가구,70000.0,181.0,326.22,2012.0,low,official_rtms,
5370480777538f705f1c81bb,202411,41111,파장동,6**,단독,64700.0,258.8,232.06,1984.0,unmatched,official_rtms,
597b82ee08919f4617ab97b6,202411,41111,하광교동,2**,단독,95000.0,519.0,80.81,2024.0,high,official_rtms,HUB-f9b2917dbad6ea85d4d2
69a54e4a137ed6eec7e86145,202411,41113,구운동,5**,단독,44000.0,191.7,238.57,1990.0,unmatched,official_rtms,
522c92e031864509b6bc0382,202411,41113,권선동,1***,다가구,89500.0,233.3,496.3,1994.0,low,official_rtms,
8af7d0ee1d995d2c7871c382,202411,41113,서둔동,3*,단독,32500.0,122.0,112.92,1985.0,medium,official_rtms,HUB-23294159b2f7f217d4ba
60078178c7104d45dd236570,202411,41113,세류동,4**,단독,12500.0,112.3,78.975,1984.0,low,official_rtms,
889d2b122c9ac0898597c4f7,202411,41113,세류동,9**,다가구,48000.0,149.0,220.88,1989.0,low,official_rtms,
be84a489b086b8adfcda3b5b,202411,41113,호매실동,1***,단독,150000.0,289.0,553.2,2016.0,low,official_rtms,
92950af9801329cbcff149d8,202411,41115,교동,*,단독,17000.0,116.0,95.7,1975.0,low,official_rtms,
e9b83edd6c3998f3f9e40e79,202411,41115,남창동,1**,다가구,39200.0,217.0,120.79,1979.0,low,official_rtms,
31ac812e9d9f7d2a8c6c3691,202411,41115,인계동,9**,단독,64000.0,170.7,191.86,1988.0,unmatched,official_rtms,
6c213201332c82d2e0ac6128,202411,41115,지동,1**,다가구,50850.0,172.0,325.89,1992.0,low,official_rtms,
bf5590120fa5fc2dfd3469c0,202411,41115,지동,1**,다가구,51300.0,172.0,325.89,1992.0,low,official_rtms,
058c23d87f4f0d6943f6fa8c,202411,41115,지동,3**,단독,22000.0,155.0,49.59,1959.0,medium,official_rtms,HUB-62b53fe4e1193555a48a
a9bf7a858dfc8ee32741a8c3,202411,41115,지동,1**,단독,12800.0,63.0,24.79,1974.0,low,official_rtms,
1fab9a05b34f5e5342b895c1,202411,41115,지동,1**,단독,6400.0,63.0,24.79,1974.0,low,official_rtms,
f24c268f74f54e041b5d0a19,202411,41115,지동,1**,단독,6400.0,26.0,24.79,1974.0,low,official_rtms,
635f943f34064e69c7d26b30,202411,41115,화서동,5*,단독,58000.0,185.8,219.35,1989.0,high,official_rtms,HUB-2ffede3fb337f68c5d12
9d8b179333c4b270d167982d,202411,41115,화서동,5*,다가구,58300.0,185.8,219.35,1989.0,high,official_rtms,HUB-2ffede3fb337f68c5d12
d4eedfe5b06bef758d1ecb9b,202411,41115,화서동,8*,단독,30000.0,129.0,124.75,1984.0,unmatched,official_rtms,
ffe740ca42df38919e8e38b3,202412,41111,송죽동,1**,다가구,36000.0,123.0,139.96,1978.0,low,official_rtms,
4598374a6ac78402774182d8,202412,41111,송죽동,4**,단독,140000.0,180.2,379.68,2023.0,low,official_rtms,
492b543f69ce5bc9ff04c622,202412,41111,연무동,*,단독,87500.0,175.0,250.95,2001.0,high,official_rtms,HUB-8f75e613e2f7352553cb
27c8d40e7ffa7b64d75994f7,202412,41111,율전동,2**,다가구,63500.0,135.0,237.84,1998.0,unmatched,official_rtms,
41986ddc20814d1966eedaa1,202412,41111,율전동,2**,단독,307880.0,391.0,746.07,2017.0,unmatched,official_rtms,
52742c266ce02904007d5b9c,202412,41113,고색동,8*,다가구,53000.0,198.0,346.16,1996.0,unmatched,official_rtms,
d41c6889f14e99ab9df7414d,202412,41113,구운동,4**,단독,46500.0,184.2,288.84,1990.0,low,official_rtms,
94af8145e9b8e72c5c71615b,202412,41113,세류동,8**,단독,16300.0,126.0,207.7,1985.0,high,official_rtms,HUB-6efadc68e8ee87ba8faa
3bd1d6664a9adab8a3e86fb6,202412,41113,탑동,2*,단독,39500.0,184.0,156.01,1989.0,high,official_rtms,HUB-6b29b668e23599139875
a64c577d2c57b0fe1b36f125,202412,41115,매산로3가,1**,단독,11300.0,26.0,30.21,1959.0,low,official_rtms,
7e5345bf0a4ff6499ddc0418,202412,41115,지동,1**,다가구,33500.0,92.0,132.91,1994.0,high,official_rtms,HUB-38bb7550a774ee707552
c9afaf4bebf3da4058a3f08b,202412,41115,지동,4**,다가구,40000.0,186.5,192.49,1985.0,low,official_rtms,
7d0267d1bd3b873eaf198bcf,202412,41115,지동,1**,단독,55500.0,157.0,92.4,2001.0,low,official_rtms,
1f8e03749e0be0c0c25a0ca8,202412,41115,화서동,6**,다가구,178500.0,300.0,490.74,2001.0,unmatched,official_rtms,
c8b08df9d0bba01a3de0bd8c,202412,41117,매탄동,1**,다가구,40400.0,180.5,257.12,1989.0,low,official_rtms,
f69e4d3ae42b3b3682d3267f,202412,41117,매탄동,2**,다가구,41500.0,132.0,223.02,1992.0,low,official_rtms,
75bad3df9d131e2fb071c1e9,202412,41117,영통동,1***,다가구,132000.0,199.4,417.12,2001.0,low,official_rtms,
44afaed0a068e1f4e1781bac,202412,41117,원천동,2**,단독,73000.0,165.0,74.71,1975.0,low,official_rtms,
7cb2e717e54c7e936acdf926,202501,41111,송죽동,3**,다가구,60000.0,185.9,400.24,1994.0,low,official_rtms,
7afb5a65eff878d6a23fa9d8,202501,41111,연무동,2**,다가구,121000.0,254.7,501.83,2003.0,low,official_rtms,
67627653b5acabe6cba3d625,202501,41111,연무동,5*,다가구,34000.0,106.0,167.07,1996.0,high,official_rtms,HUB-db73337abe2deb531414
bb8e22d2b1ad57cb1d29b7bb,202501,41111,영화동,1**,다가구,52550.0,160.0,199.71,1995.0,low,official_rtms,
3d1ccacf2aa8db670719aa0c,202501,41111,영화동,3**,다가구,84000.0,222.8,502.32,2002.0,high,official_rtms,HUB-ea2cfcbf33057e98b44a
5cb544c417a99a175e8f36c4,202501,41111,영화동,3**,단독,35000.0,122.8,194.8,1982.0,low,official_rtms,
787864553feb729d2ff99d85,202501,41111,조원동,6**,단독,27000.0,99.0,20.3,1978.0,medium,official_rtms,HUB-980a05a2ee393cf2758f
c646a1a8ea2374524ae8c09d,202501,41111,천천동,5**,단독,103000.0,243.3,382.53,2001.0,unmatched,official_rtms,
d7aa582c1d6f79dc94009b5c,202501,41113,고색동,8**,단독,24300.0,109.0,139.3,1986.0,unmatched,official_rtms,
86d44a9859174136eecaed2e,202501,41113,구운동,5**,단독,23200.0,120.0,65.6,1991.0,unmatched,official_rtms,
0071e97e77d91b568600d210,202501,41113,세류동,1***,단독,67000.0,210.5,325.3,1989.0,low,official_rtms,
bef121330fdcb45b00c160c9,202501,41113,세류동,1***,단독,48500.0,171.8,176.35,1988.0,high,official_rtms,HUB-dda1048f7dc2efe9025a
b9b5c8406bf7410e4748ac9c,202501,41113,오목천동,1***,단독,85630.0,705.0,160.68,2015.0,low,official_rtms,
2deff20e042bc2a1e9848d56,202501,41115,고등동,4*,단독,35000.0,114.9,195.45,1990.0,low,official_rtms,
e1c3b59004dc68743dfff45c,202501,41115,매향동,1**,다가구,77000.0,124.0,233.88,2017.0,low,official_rtms,
425cd1f756c6717df2547d89,202501,41115,화서동,2**,다가구,57000.0,144.0,192.15,1989.0,low,official_rtms,
d009bbecfbaf1cede0f26fe2,202501,41115,화서동,1**,단독,50000.0,123.0,107.85,1985.0,low,official_rtms,
5949dc9f7b0adb917903dbc3,202501,41117,매탄동,1**,단독,53000.0,194.9,287.28,1991.0,low,official_rtms,
22227e74ee9a8b5c47fb16ed,202502,41111,연무동,2**,다가구,42000.0,173.0,135.63,1983.0,low,official_rtms,
7de2a6fac928ec537eb50706,202502,41111,연무동,2**,다가구,188000.0,175.0,723.51,2018.0,low,official_rtms,
d1e4b9907134d9bfe5332362,202502,41111,연무동,6*,단독,30000.0,99.0,159.7,1993.0,low,official_rtms,
cb142f4a5a499528e0f584a4,202502,41111,영화동,1**,단독,25500.0,142.0,61.55,1968.0,low,official_rtms,
461cce6c0b9b4f2e88749c79,202502,41111,정자동,3**,다가구,38500.0,112.0,223.65,2004.0,unmatched,official_rtms,
45e739ca234e7c11b3e7817d,202502,41111,조원동,7**,단독,58000.0,213.1,162.48,1984.0,low,official_rtms,
0f5e62bca0499ff8f32fcb1d,202502,41111,조원동,7**,다가구,82000.0,163.8,442.61,2004.0,low,official_rtms,
d4ad8aac6d7b3d1e2b02701d,202502,41111,파장동,4**,다가구,26000.0,103.0,147.96,1996.0,low,official_rtms,
8e95f2468fe30581be95afff,202502,41113,고색동,2**,단독,20000.0,119.0,64.23,1979.0,low,official_rtms,
ce6eb5959b6e9a129e5f5a1d,202502,41113,구운동,5**,단독,47000.0,178.5,178.92,1989.0,unmatched,official_rtms,
1ecdbb226d1d463a89965e18,202502,41113,서둔동,2**,다가구,87000.0,223.0,420.0,2012.0,unmatched,official_rtms,
58ffa43b22f85819af55431c,202502,41113,세류동,1**,단독,56550.0,248.0,111.25,1994.0,low,official_rtms,
fda3a0268363ae3367610c93,202502,41113,세류동,1**,단독,60000.0,327.0,111.25,1994.0,low,official_rtms,
9c49760f7f8eddf488ff23c6,202502,41113,평동,4*,단독,59000.0,161.0,57.95,1970.0,low,official_rtms,
55b225d0684f1d47b073f648,202502,41115,고등동,9*,단독,23000.0,142.0,29.42,1956.0,unmatched,official_rtms,
94e97e7c76b5cd923b9863de,202502,41115,고등동,1*,단독,30500.0,140.8,70.84,1976.0,low,official_rtms,
cb7683659722b122a7244bc2,202502,41115,고등동,8*,다가구,120000.0,298.5,502.86,2002.0,low,official_rtms,
0e912e5785d2284b15ccfcdb,202502,41115,우만동,4**,다가구,40000.0,153.8,199.92,1991.0,high,official_rtms,HUB-f4d83f812bae08741f9c
108a81cb414511b8a6f85c2f,202502,41115,우만동,5**,다가구,45000.0,133.3,218.04,1988.0,low,official_rtms,
323148a00876c43a0af5229e,202502,41115,우만동,5**,단독,45000.0,102.7,142.4,1987.0,low,official_rtms,
c83ac661874f7e21abf64050,202502,41115,지동,2**,단독,4000.0,33.0,18.05,1974.0,low,official_rtms,
fe572da8b5c517722187a1dc,202502,41115,지동,2**,단독,8000.0,66.0,32.4,1974.0,low,official_rtms,
8f0f3a51c03bf8f04d4960f7,202502,41115,지동,2**,단독,28000.0,126.0,49.59,1971.0,low,official_rtms,
ef29785b90f2530f04ea9881,202502,41115,지동,2**,단독,50000.0,132.0,108.2,1972.0,low,official_rtms,
234d53e5352ac0cddc18debd,202502,41115,화서동,1**,단독,50000.0,123.0,107.85,1985.0,low,official_rtms,
85c655cce6378370f6035acb,202502,41117,매탄동,1***,다가구,105000.0,229.0,503.2,2002.0,low,official_rtms,
daf92d6c86eeb2d3ec9fcb1c,202502,41117,이의동,1***,다가구,240000.0,300.2,631.98,2015.0,low,official_rtms,
b585c5c861db09e5fe9a8d1c,202503,41111,상광교동,7*,단독,43000.0,175.0,74.43,1978.0,high,official_rtms,HUB-3e4a768970d40a318ae2
08431ada880622077ca8bb6e,202503,41111,송죽동,2**,단독,38000.0,150.0,194.82,1992.0,unmatched,official_rtms,
8a4d712c5fd6cf95476dbe97,202503,41111,연무동,6*,단독,10000.0,60.0,24.56,1964.0,low,official_rtms,
5bd0a0d620fe0a9547c43953,202503,41111,연무동,6*,다가구,31700.0,82.0,136.96,1995.0,low,official_rtms,
88ddf343b72a6299d15f5b92,202503,41111,영화동,3*,단독,80000.0,205.0,577.97,1992.0,low,official_rtms,
3168efc72ee7ce9fbc79d9f5,202503,41111,율전동,1**,단독,28000.0,132.0,77.04,2004.0,low,official_rtms,
8728588aa397de9a30eb41c8,202503,41111,정자동,4*,단독,47300.0,143.0,69.41,1977.0,unmatched,official_rtms,
a92611a8c0b2c75898d975a1,202503,41111,정자동,7*,단독,45700.0,144.0,225.0,1989.0,low,official_rtms,
7819dae72e4d7a06109fb8e8,202503,41111,정자동,5*,다가구,76000.0,202.8,161.61,1984.0,low,official_rtms,
b6dd6fc5d1fb9f1ff54ea277,202503,41111,조원동,4**,단독,32000.0,142.0,59.5,1970.0,low,official_rtms,
1aa24584d96820ae4e697faf,202503,41111,조원동,7**,단독,40000.0,132.6,215.1,1989.0,low,official_rtms,
7a62a35bea096322446f8ef1,202503,41111,파장동,4**,다가구,70000.0,181.0,326.22,2012.0,low,official_rtms,
7a62a35bea096322446f8ef1,202503,41111,파장동,4**,다가구,70000.0,181.0,326.22,2012.0,low,official_rtms,
23b7741d9d089a51b71263de,202503,41111,하광교동,1**,단독,32000.0,126.005,59.5,1994.0,low,official_rtms,
e2aaedaa92df5136a404b46c,202503,41113,고색동,4*,다가구,31000.0,108.0,113.26,1983.0,high,official_rtms,HUB-ab775eff1d8eeb6e5acb
7a481cc0c289055e4cc4e13f,202503,41113,곡반정동,5**,다가구,56300.0,159.9,369.43,2007.0,low,official_rtms,
f45a205f961f1c9c0084d728,202503,41113,권선동,1***,다가구,134500.0,241.8,428.28,1996.0,low,official_rtms,
a2ecebc02c048cfe3e26c981,202503,41113,서둔동,4*,단독,22900.0,139.0,49.92,1976.0,unmatched,official_rtms,
1623e127aa79734c73c26fd9,202503,41113,서둔동,3*,다가구,45000.0,156.0,232.61,1995.0,medium,official_rtms,HUB-23294159b2f7f217d4ba
a9f98c9236c9ef2fa7bf8f86,202503,41113,세류동,2**,다가구,39500.0,121.0,186.82,1989.0,unmatched,official_rtms,
eff404df9e0e0fe6d6a39689,202503,41113,세류동,1***,단독,50000.0,178.2,294.66,1993.0,low,official_rtms,
9ce8fa2705c015e6242007ce,202503,41113,세류동,1***,단독,19000.0,123.0,76.7,1978.0,low,official_rtms,
b2079e4ad8f6b9e640533866,202503,41113,세류동,1***,단독,33150.0,444.5,128.92,2013.0,low,official_rtms,
c1e1a771ca8fc7c155985244,202503,41113,세류동,1***,단독,35500.0,181.7,138.97,1987.0,high,official_rtms,HUB-41ddcafe949b92f5679b
009db54221459168c1e94a6c,202503,41113,세류동,4**,다가구,15000.0,158.5,161.04,1985.0,low,official_rtms,
723c7ff85e1b1302d3396112,202503,41113,장지동,*,다가구,30000.0,148.0,184.05,1988.0,low,official_rtms,
5c117d2f285a424ff0857cec,202503,41113,호매실동,1***,다가구,135000.0,303.9,483.24,2014.0,high,official_rtms,HUB-3e136e3f98578bad3111
b9bdc980a540b91d4e17f5bc,202503,41115,고등동,2**,단독,70000.0,156.0,176.92,1984.0,unmatched,official_rtms,
992f15c153d7bc68097ac31d,202503,41115,매산로3가,8*,다가구,22000.0,112.0,106.99,1987.0,unmatched,official_rtms,
5fdc5cf557506c586edc659d,202503,41115,북수동,3*,단독,29500.0,102.0,44.9,1983.0,low,official_rtms,
0a3004330a156c39b629d785,202503,41115,우만동,1**,다가구,100000.0,243.0,399.39,2002.0,low,official_rtms,
c09c1c90fbd164173a80a2b4,202503,41115,장안동,1**,단독,40000.0,111.0,55.44,1966.0,low,official_rtms,
11e48b5a7579ac6330f53915,202503,41115,지동,2**,다가구,37200.0,141.0,152.98,1997.0,low,official_rtms,
8c2e7a1e8191407a2ceb84b9,202503,41115,지동,2**,단독,21000.0,99.0,36.36,1970.0,low,official_rtms,
52fb044806c2ad663ba2bf4c,202503,41115,화서동,8*,단독,25000.0,177.0,124.74,1984.0,unmatched,official_rtms,
03ffbe93b3859b8e612d3595,202503,41117,영통동,1***,단독,114000.0,235.0,387.76,2001.0,low,official_rtms,
b0f2c2396121ad5b30be8b04,202503,41117,원천동,3**,다가구,225227.0,445.0,1221.72,2021.0,low,official_rtms,
c6dc1ada0f6ae7183e265254,202503,41117,이의동,1***,단독,169000.0,252.0,343.11,2017.0,high,official_rtms,HUB-c8014727043c19ea5cc1
85d8e9632eff8daf9503a4c9,202504,41111,송죽동,2**,다가구,143500.0,235.0,475.74,2017.0,unmatched,official_rtms,
07516a3418d259853cb94734,202504,41111,연무동,2**,단독,47500.0,152.3,189.34,1987.0,low,official_rtms,
37b9b26537185b462e732e33,202504,41111,연무동,1**,다가구,26000.0,97.0,154.82,2015.0,low,official_rtms,
31b8b5e758b02e660a8f2ba6,202504,41111,연무동,2**,단독,36000.0,148.0,132.98,1983.0,low,official_rtms,
35c122dd26927e791e0c02b8,202504,41111,연무동,2**,단독,48500.0,166.8,259.2,1991.0,low,official_rtms,
80719ebc7e9f0f10cad37bbd,202504,41111,율전동,4**,단독,51370.0,160.0,234.93,1986.0,medium,official_rtms,HUB-67504965c55953b7fdd3
27810d9b1248a15ed2d4aa39,202504,41111,율전동,2**,다가구,135000.0,187.0,427.03,2004.0,unmatched,official_rtms,
2f59c7aed214a68cc83d3ee5,202504,41111,율전동,4**,다가구,46000.0,182.0,224.83,1988.0,medium,official_rtms,HUB-67504965c55953b7fdd3
a5c99bc777b3cbe30573e5eb,202504,41111,정자동,4*,단독,114000.0,154.9,329.25,1990.0,unmatched,official_rtms,
be43240c8e89f832ddd298d6,202504,41113,세류동,1**,다가구,33000.0,98.6,173.34,1996.0,high,official_rtms,HUB-9f51085646fe90d5e0ea
61dc3a7f805e79904aa7ee2a,202504,41113,세류동,9*,다가구,59400.0,182.0,299.58,1993.0,low,official_rtms,
589d4fa13ba80f5c89388125,202504,41113,세류동,1***,다가구,75600.0,121.6,200.57,2020.0,high,official_rtms,HUB-82f00f3a67bb79d281e4
86f85a792959345f2fb86210,202504,41113,세류동,1***,단독,48500.0,171.8,176.35,1988.0,high,official_rtms,HUB-dda1048f7dc2efe9025a
2bdc31828785fe7e934fb45c,202504,41113,평동,4*,단독,16000.0,79.0,68.42,1970.0,low,official_rtms,
d86b8a9c75507ad03ad24a80,202504,41115,매향동,1*,단독,14000.0,116.0,48.4,1969.0,low,official_rtms,
1fd7af0b2c2fd1cde9576e63,202504,41115,우만동,4**,다가구,50000.0,165.4,254.65,1988.0,high,official_rtms,HUB-f47d2f6f411601c74898
9754d54b3926b6ed8e67ddc9,202504,41115,인계동,1***,단독,82500.0,182.3,251.16,1989.0,low,official_rtms,
b6f6bad8b67e3ce179ac8060,202504,41115,지동,1**,단독,12000.0,102.0,46.28,1971.0,low,official_rtms,
789342c0601b22e5498f2277,202504,41115,지동,1**,단독,16600.0,93.0,44.3,1969.0,low,official_rtms,
4aa83520975d7aebdec43169,202504,41115,지동,2**,단독,17500.0,106.0,41.39,1972.0,low,official_rtms,
6b1bfa67e951107e03e88e1b,202504,41117,매탄동,1**,다가구,62500.0,190.0,253.35,1987.0,low,official_rtms,
42ccef4f9a2afb4e7abfaad1,202504,41117,매탄동,8**,다가구,127500.0,199.0,407.29,2019.0,unmatched,official_rtms,
4cac4b8b6478f4550d1cae87,202504,41117,이의동,1***,단독,166096.0,252.0,343.11,2017.0,high,official_rtms,HUB-c8014727043c19ea5cc1
0a1b1443860b7ac41de1d848,202504,41117,이의동,1***,단독,169000.0,290.7,343.11,2017.0,low,official_rtms,
fd9f5d222f99dd4c16fa4ab8,202504,41117,이의동,1***,단독,169000.0,252.0,343.11,2017.0,high,official_rtms,HUB-c8014727043c19ea5cc1
97918b0d5ab38bb47154436c,202505,41111,영화동,1**,단독,27000.0,162.0,66.31,1968.0,low,official_rtms,
ec6a4d8bdc4bc9f54e5faefc,202505,41111,영화동,1**,다가구,101000.0,197.0,375.6,2011.0,low,official_rtms,
72768752e0b5f95026db2cf3,202505,41111,조원동,7**,단독,36500.0,144.9,150.07,1983.0,low,official_rtms,
a98265616f64ae323123b803,202505,41111,파장동,5**,단독,26500.0,141.1,98.09,1978.0,unmatched,official_rtms,
46f156d64374937873034a01,202505,41113,고색동,4*,단독,35000.0,133.0,176.57,1991.0,low,official_rtms,
44a87650e3fa26951587a12f,202505,41113,권선동,9**,단독,74000.0,176.0,415.44,2004.0,low,official_rtms,
85b017644f74c32ff1b66e20,202505,41113,서둔동,1**,단독,22000.0,136.0,57.69,1974.0,low,official_rtms,
54c6c110578ec585deedf06b,202505,41113,서둔동,2**,다가구,28700.0,144.0,127.0,1984.0,unmatched,official_rtms,
b8d1e2d2e9a117b4c6ba2ca8,202505,41113,서둔동,1*,단독,58000.0,181.0,121.94,1986.0,low,official_rtms,
4a8a2129c2b33b72c1a96224,202505,41113,서둔동,3*,단독,40000.0,136.0,239.95,2002.0,medium,official_rtms,HUB-23294159b2f7f217d4ba
594c768a50d0a027d0f5eb6a,202505,41113,세류동,1***,단독,90000.0,219.0,328.98,2002.0,low,official_rtms,
f796133fc5e620a3a536f249,202505,41113,세류동,1***,단독,34000.0,133.0,128.91,1980.0,high,official_rtms,HUB-92799935419fc92443d5
fcf6e532c0d3b4f340fd4505,202505,41113,세류동,1***,단독,32000.0,119.0,75.67,1980.0,low,official_rtms,
a730fc21e8835b07e55ceece,202505,41113,세류동,8**,다가구,17500.0,128.0,136.59,1978.0,low,official_rtms,
e2ab9e2525e28466130269c1,202505,41113,세류동,1***,단독,63200.0,176.5,189.49,1987.0,low,official_rtms,
5719a7b456aadc6ef5a4c48d,202505,41113,탑동,8**,다가구,45000.0,111.1,200.81,2006.0,unmatched,official_rtms,
2f14827b621da7aada1d03c7,202505,41113,탑동,8**,단독,28000.0,106.0,93.93,1986.0,unmatched,official_rtms,
70c2b8889c24d0ac79b5acc2,202505,41113,평동,4*,단독,25000.0,105.0,47.93,1971.0,low,official_rtms,
08d9b191a9dedec81636905d,202505,41115,고등동,4*,단독,79000.0,266.0,191.41,1978.0,low,official_rtms,
87433e4eb8fec64d70335779,202505,41115,매산로3가,1**,단독,13700.0,80.5,32.86,1965.0,low,official_rtms,
10f3777e169cb7afe5e8e9c2,202505,41115,매향동,1**,다가구,19751.0,104.0,157.06,2002.0,high,official_rtms,HUB-196d86d64c3a9702001e
85af689100a4d785741fefe7,202505,41115,북수동,9*,단독,25000.0,241.0,82.02,1969.0,low,official_rtms,
4e98ef78776aa326745f08ac,202505,41115,북수동,9*,단독,47000.0,241.0,153.37,1974.0,high,official_rtms,HUB-e2ddcaa1495ae6efb6be
86a67057118f3bd2e2defcf3,202505,41115,우만동,4**,다가구,46000.0,154.0,199.52,1993.0,high,official_rtms,HUB-f4d83f812bae08741f9c
e1587720649b0e82d145622c,202505,41115,우만동,4**,다가구,50000.0,129.7,117.66,1986.0,low,official_rtms,
001b6d5b7f5d4e00f2e71322,202505,41115,우만동,4**,다가구,56500.0,168.5,174.42,1985.0,low,official_rtms,
c304248a4e027b5fc207f667,202505,41115,우만동,4**,단독,68500.0,165.3,245.82,1988.0,low,official_rtms,
1061b40089743baa9e17c6b8,202505,41115,우만동,5**,단독,40000.0,121.9,125.46,1985.0,low,official_rtms,
2d1650bbd6ae6f7b86282029,202505,41115,지동,2**,단독,47000.0,116.0,44.0,1975.0,low,official_rtms,
4a7f0f01bbf7968278f9efaa,202505,41115,지동,2**,단독,22200.0,136.0,58.68,1974.0,low,official_rtms,
9e0b9bd598017c0ef09617ae,202505,41117,매탄동,2**,단독,63500.0,186.7,297.81,1991.0,low,official_rtms,
bcc10c84802ceb25e4e761db,202505,41117,매탄동,1**,다가구,57000.0,155.0,177.86,1977.0,low,official_rtms,
34cf820253e888950a66db8f,202505,41117,매탄동,1***,다가구,115000.0,184.3,474.38,,low,official_rtms,
dd78492c7d36aaeea748898b,202505,41117,영통동,1***,다가구,132500.0,196.1,406.39,2001.0,low,official_rtms,
5f239644ad0131aa78878347,202506,41111,연무동,2**,단독,50000.0,181.3,160.75,1983.0,low,official_rtms,
b101b6df8c76182216a73899,202506,41111,연무동,2**,다가구,64500.0,168.9,370.95,1993.0,low,official_rtms,
a46664ac2c0ff17390fd1196,202506,41111,연무동,2**,단독,32000.0,95.9,102.92,2002.0,low,official_rtms,
e1d8d970b716e989573927cc,202506,41111,영화동,1**,다가구,122000.0,210.0,418.75,2004.0,low,official_rtms,
8f70d521a3c502860df25566,202506,41111,영화동,4**,다가구,70000.0,224.7,220.47,1989.0,low,official_rtms,
010b28ac4756f1f692fbf162,202506,41111,영화동,4**,다가구,62500.0,223.7,189.98,1980.0,low,official_rtms,
9d3ec36237f634e80fe97e9d,202506,41111,영화동,3**,다가구,175000.0,218.3,427.66,2023.0,low,official_rtms,
a1dd7006e23cf46b29c915d6,202506,41111,율전동,4**,다가구,110500.0,159.0,329.02,2003.0,medium,official_rtms,HUB-67504965c55953b7fdd3
d36fc6a0507e6269cf80d699,202506,41111,율전동,2**,다가구,64700.0,167.0,288.9,2004.0,unmatched,official_rtms,
dfaa9a8568e936f7b06ad967,202506,41111,율전동,3**,다가구,59800.0,199.0,270.54,1994.0,unmatched,official_rtms,
a29d59567de99afbdac1cfc2,202506,41111,율전동,2**,다가구,115000.0,127.0,285.14,2021.0,unmatched,official_rtms,
192200e07bb905de56fd7d00,202506,41111,율전동,1**,단독,28507.0,139.0,83.54,1981.0,low,official_rtms,
5fe580e407c4cd5a93c2e1c4,202506,41111,정자동,5*,단독,68800.0,154.5,200.41,1985.0,low,official_rtms,
85e9ec59a7777248956502cf,202506,41111,조원동,6**,단독,27200.0,99.0,66.99,1978.0,medium,official_rtms,HUB-980a05a2ee393cf2758f
04f6a68cce8aada97c21d9ba,202506,41111,조원동,7**,다가구,146000.0,243.4,553.15,2016.0,low,official_rtms,
a311f60fcb17312615c2d547,202506,41111,파장동,5**,단독,48000.0,126.0,216.3,1989.0,unmatched,official_rtms,
c0ca498f17eea9d0cd5d3049,202506,41111,파장동,5**,다가구,70000.0,188.5,366.42,2003.0,unmatched,official_rtms,
0fbf6612ea3e374e60a84730,202506,41113,권선동,9**,다가구,69000.0,154.0,168.8,1988.0,low,official_rtms,
5c92429bf0212a06db9491e7,202506,41113,권선동,9**,다가구,69000.0,151.2,168.81,1986.0,low,official_rtms,
f2f5c143d09eccfc10243339,202506,41113,세류동,1***,단독,17000.0,96.0,35.5,1970.0,low,official_rtms,
2c5da67b92312e8233008902,202506,41113,세류동,1***,단독,60000.0,205.5,276.3,1988.0,low,official_rtms,
ef44d4db385eb495037df79e,202506,41113,세류동,9**,단독,49500.0,176.0,225.41,1984.0,low,official_rtms,
df9b61b189b1d6d15c6ac14c,202506,41113,세류동,1***,단독,32000.0,122.8,105.83,1980.0,low,official_rtms,
a7ca57454070f96b2562317a,202506,41113,평동,1*,단독,219700.0,572.0,71.4,1972.0,low,official_rtms,
3650034f3b4e2eba15f5e05b,202506,41113,호매실동,1***,단독,160000.0,269.9,479.28,2017.0,low,official_rtms,
c545ba3f03d87e59fa2357a8,202506,41113,호매실동,1***,단독,135000.0,303.9,483.24,2014.0,high,official_rtms,HUB-3e136e3f98578bad3111
dcb82b1d25952b6eed8166df,202506,41115,매산로3가,7*,단독,14000.0,43.0,13.5,1976.0,unmatched,official_rtms,
a65859959b8721104de40960,202506,41115,매향동,1*,단독,14000.0,116.0,48.4,1969.0,low,official_rtms,
8382c6fe2350b4dc038e08e9,202506,41115,우만동,5**,다가구,57800.0,157.9,236.33,1988.0,low,official_rtms,
75ac7fb7f25e449f2dd97beb,202506,41115,우만동,4**,단독,88000.0,167.4,214.46,1985.0,low,official_rtms,
128c6da435d4604baf442480,202506,41115,우만동,5**,다가구,70500.0,158.6,251.82,1991.0,low,official_rtms,
f36ab25ed5bd6b5b44d95879,202506,41115,우만동,5**,단독,48000.0,132.8,76.1,1979.0,low,official_rtms,
0b9853477c9a5dfac48c339c,202506,41115,지동,2**,단독,28000.0,126.0,49.59,1971.0,low,official_rtms,
5b342b18d419cfebd0baa6ba,202506,41115,지동,1**,단독,68600.0,162.0,57.52,1969.0,low,official_rtms,
aa7c666eefab13e3bba05899,202506,41115,지동,1**,단독,56000.0,132.0,56.86,1969.0,low,official_rtms,
29e24ad39bdb67b5ee566dec,202506,41115,화서동,2**,다가구,46500.0,126.0,191.28,1989.0,low,official_rtms,
282b7b054a4d79135b103335,202506,41115,화서동,1**,다가구,63000.0,180.5,306.62,1987.0,low,official_rtms,
315946ffc5efa691aa37df98,202506,41117,망포동,3**,다가구,119000.0,254.0,499.32,2003.0,low,official_rtms,
37b100bc99016c914a598f6f,202506,41117,매탄동,1**,다가구,50000.0,194.5,222.68,1989.0,low,official_rtms,
dbff16357048186317776822,202506,41117,매탄동,1**,다가구,44725.0,175.0,299.79,1991.0,low,official_rtms,
91811acbf8d626ea15e6db76,202506,41117,매탄동,1**,단독,59000.0,195.0,292.68,1991.0,low,official_rtms,
5d818889742f90171905c3eb,202506,41117,원천동,1**,다가구,183000.0,358.0,652.98,2003.0,low,official_rtms,
0265a752a3f0b2c360e60078,202507,41111,영화동,4**,다가구,170000.0,320.8,481.14,2011.0,low,official_rtms,
fbdaf3fcf0da34b6f07f1527,202507,41111,조원동,7**,다가구,55000.0,203.7,348.04,1996.0,low,official_rtms,
3dc3935ef42248d04798e66b,202507,41111,천천동,5**,단독,101000.0,224.2,361.32,2001.0,unmatched,official_rtms,
6c2a1a1926b062c6269dc92d,202507,41111,천천동,3**,단독,130000.0,203.7,400.24,2008.0,high,official_rtms,HUB-e3c2c562b40352622eba
2b37ed9ca965d2cac24dbdd6,202507,41111,파장동,5**,단독,19500.0,158.3,114.53,1985.0,unmatched,official_rtms,
15156c0a3d4d20d094fadfc3,202507,41113,고색동,8*,단독,24000.0,116.0,80.45,1984.0,unmatched,official_rtms,
bcbe324cdf988963585238ca,202507,41113,구운동,4**,단독,53500.0,198.0,273.51,1990.0,low,official_rtms,
fe15d8038aeef453e00731d1,202507,41113,구운동,9**,단독,111500.0,321.8,740.7,2002.0,medium,official_rtms,HUB-81e14598c5fdc3592afc
00db46ade27c8bd58e78592a,202507,41113,세류동,8**,단독,85000.0,171.0,372.3,1989.0,low,official_rtms,
320d99dc192b5ad7f6c75992,202507,41113,세류동,4**,다가구,27000.0,133.6,124.19,1983.0,low,official_rtms,
d5883732104d08e8aa928dc6,202507,41113,세류동,1***,단독,12500.0,179.4,60.4,1987.0,low,official_rtms,
71754dfce2c8f350733d2cee,202507,41113,세류동,1***,단독,43500.0,144.0,247.68,1991.0,low,official_rtms,
22828da5a9d64a6f6302b628,202507,41113,세류동,1***,단독,46000.0,131.0,190.96,1994.0,low,official_rtms,
2a68302ef146e8644adab091,202507,41113,평동,1*,단독,60000.0,203.0,127.43,1980.0,high,official_rtms,HUB-06b5a96965f849ce1ab7
f4cafe60956f6aed7bd8df70,202507,41113,평동,2*,단독,96000.0,225.0,86.32,1979.0,low,official_rtms,
d18067a2942b4fd4872cbec4,202507,41115,남수동,1*,단독,16000.0,56.0,26.78,1974.0,low,official_rtms,
a70725d4f7883dad8feb48f1,202507,41115,매산로2가,8*,단독,22000.0,66.0,35.04,1962.0,low,official_rtms,
e1d6996d307697c45b25e1c1,202507,41115,매향동,1**,단독,22500.0,109.0,47.04,1971.0,low,official_rtms,
81767799670074862b962ead,202507,41115,우만동,4**,다가구,76000.0,172.0,249.03,1988.0,high,official_rtms,HUB-f47d2f6f411601c74898
323da3779378a66536335509,202507,41115,우만동,5**,다가구,52000.0,143.6,341.44,1997.0,low,official_rtms,
676dded59713a37a61d4d2c9,202507,41115,우만동,5**,다가구,47500.0,119.0,208.49,1988.0,low,official_rtms,
a96a6cb186174519f214db5e,202507,41115,인계동,1***,단독,129250.0,265.8,549.26,2007.0,low,official_rtms,
fd29c840404cad6fe42c3109,202507,41115,장안동,1**,단독,135000.0,124.0,213.53,1989.0,low,official_rtms,
66872170aeae1f2606764c8c,202507,41115,지동,2**,단독,28000.0,126.0,49.59,1971.0,low,official_rtms,
5da2715c6f3324d2e4df5ba3,202507,41115,지동,1**,단독,71400.0,169.0,57.29,1992.0,low,official_rtms,
d3d83498e8f9b21a5c2e6233,202507,41115,화서동,1**,단독,52500.0,85.0,245.06,1991.0,low,official_rtms,
f6113ca6bd6c3d12918484a7,202507,41117,매탄동,1***,단독,70000.0,199.9,473.68,1994.0,low,official_rtms,
28055beda29c505a79a6ce07,202507,41117,영통동,1***,다가구,118500.0,222.7,465.26,2000.0,low,official_rtms,
2375f520e0bdc28f511433dc,202508,41111,연무동,2**,단독,50000.0,131.7,119.47,1986.0,low,official_rtms,
ae521fa72d3f82e4e5a86e66,202508,41111,연무동,2**,단독,43000.0,145.7,158.66,1993.0,low,official_rtms,
ca1721fdb4b2211bd315355a,202508,41111,정자동,4*,단독,40000.0,149.7,257.55,1996.0,unmatched,official_rtms,
c981d02cdb2586caf679e98c,202508,41111,조원동,6**,단독,43000.0,162.0,272.91,1990.0,medium,official_rtms,HUB-980a05a2ee393cf2758f
e2f0bfee0d4c8cf690e8f7fe,202508,41111,파장동,5**,단독,31000.0,97.2,119.86,1984.0,unmatched,official_rtms,
9e848be65946e737b007eec3,202508,41113,고색동,1**,단독,38000.0,119.0,71.1,1984.0,low,official_rtms,
c782f2db5d29caf715d373d0,202508,41113,고색동,8**,단독,32000.0,126.0,46.28,2025.0,unmatched,official_rtms,
32685d74aef76f102758d679,202508,41113,고색동,8*,다가구,28000.0,146.0,139.41,1983.0,unmatched,official_rtms,
3a6923d3784ab51ad222ca37,202508,41113,구운동,5**,단독,49500.0,178.5,178.92,1989.0,unmatched,official_rtms,
565f538bcf7274f0da06fadb,202508,41113,세류동,9**,다가구,110000.0,407.0,250.44,2003.0,low,official_rtms,
bca58f17374f4e07621b9172,202508,41113,세류동,1***,단독,50000.0,203.5,255.89,1986.0,low,official_rtms,
5ae40ad91aa59df70c7bf864,202508,41113,세류동,2**,다가구,39000.0,109.0,164.14,1993.0,unmatched,official_rtms,
d8883f5a0065852c07a4fa51,202508,41113,세류동,2**,다가구,30000.0,120.8,161.32,1982.0,unmatched,official_rtms,
bf42ee264d593d2c4f9528fd,202508,41115,교동,*,다가구,55380.0,317.0,363.96,2007.0,high,official_rtms,HUB-2893db4ae87ce4a8a4ec
366a858a892a9baec502eb3c,202508,41115,남창동,1*,단독,47500.0,218.0,97.49,1976.0,low,official_rtms,
3c576edd132ac6eb6fafb8ed,202508,41115,남창동,5*,다가구,45000.0,164.0,156.5,1978.0,low,official_rtms,
6aaf838f956701afde7b2906,202508,41115,매향동,1**,다가구,130000.0,192.0,300.08,2020.0,high,official_rtms,HUB-c7ad6f82798f7b020a2b
7f88029295f5280f29904515,202508,41115,우만동,5**,다가구,72000.0,144.4,299.32,1998.0,low,official_rtms,
6cc50f27da71552b49f60042,202508,41115,인계동,1***,다가구,86500.0,182.3,251.16,1989.0,low,official_rtms,
550c44f5bd72d0f9cb9ef22c,202508,41115,장안동,1**,단독,83000.0,126.0,66.12,1976.0,low,official_rtms,
739da93b599b8c741c321d72,202508,41115,지동,1**,단독,21000.0,112.0,52.89,1971.0,low,official_rtms,
944d12e3db06121ea126eb5b,202508,41115,지동,2**,단독,25000.0,136.0,58.51,1968.0,low,official_rtms,
28fa65af81b66e3e399d17f1,202508,41115,지동,2**,단독,15000.0,185.0,41.98,1968.0,low,official_rtms,
02a57b0df017ddf1601cf728,202508,41115,지동,1**,다가구,60500.0,195.0,433.87,2003.0,high,official_rtms,HUB-1fdf20f41fa554c814ab
5e76829a3ddf6823332b74d6,202508,41115,지동,1**,다가구,52000.0,203.0,114.56,1977.0,low,official_rtms,
84fad52ac8d43d20b493e806,202508,41115,팔달로3가,1**,다가구,49500.0,188.0,113.86,1975.0,unmatched,official_rtms,
592022ed0d9b0356a7e21a0e,202508,41115,화서동,1**,다가구,63000.0,180.5,306.62,1987.0,low,official_rtms,
7d5874f228f9f89b198853db,202508,41117,매탄동,1***,단독,55000.0,169.9,271.14,1991.0,low,official_rtms,
9eff6139cc671a3c0a436ba7,202509,41111,송죽동,5**,단독,42000.0,122.4,194.24,1985.0,low,official_rtms,
3e1cf24e7837386a6c7aa6b0,202509,41111,송죽동,4**,단독,25000.0,160.0,263.99,1989.0,low,official_rtms,
e507fd3ee58c19765beaae5b,202509,41111,연무동,1**,단독,33250.0,71.0,23.37,1970.0,low,official_rtms,
bf9c0a857e43a3638f724f2b,202509,41111,연무동,2**,단독,50000.0,131.7,119.47,1986.0,low,official_rtms,
82d024a14c259809a5cb5ff5,202509,41111,영화동,1**,다가구,49250.0,160.0,199.71,1995.0,low,official_rtms,
19d241eb4a0173f4693dac54,202509,41111,정자동,4*,다가구,103500.0,142.3,289.86,2004.0,unmatched,official_rtms,
74be6e09cf8222460ec00906,202509,41111,조원동,6**,단독,31000.0,115.0,100.97,1986.0,medium,official_rtms,HUB-980a05a2ee393cf2758f
76477f7191bf354be640697b,202509,41111,조원동,7**,다가구,38000.0,198.7,221.06,1988.0,low,official_rtms,
f134887a86c27a0222f2d64a,202509,41111,파장동,5**,다가구,35000.0,136.1,212.57,1987.0,unmatched,official_rtms,
9c40c8401b412bbe13c37d5e,202509,41111,파장동,5**,다가구,45000.0,115.1,195.43,1989.0,unmatched,official_rtms,
d6cfc0f98cffbe562477743d,202509,41113,구운동,5**,단독,23400.0,170.0,256.76,1989.0,unmatched,official_rtms,
7344ee721bd5b529df102e83,202509,41113,구운동,5**,단독,41500.0,182.8,254.0,1989.0,unmatched,official_rtms,
c2c15f1bf10adee58869e8a9,202509,41113,서둔동,1*,단독,22500.0,112.0,100.53,1985.0,low,official_rtms,
3a88118d60a84d6e5e00c7e7,202509,41113,세류동,5**,다가구,71500.0,183.2,299.52,2001.0,unmatched,official_rtms,
2df3cc599a674a5cf3784916,202509,41115,고등동,3*,다가구,61000.0,206.9,243.32,1996.0,low,official_rtms,
90eeca929eeaa7d438a9db8c,202509,41115,고등동,9*,다가구,70000.0,137.0,152.84,2006.0,unmatched,official_rtms,
2478b0f9a14c9fdba6eb5ba7,202509,41115,매산로3가,1**,단독,127530.0,360.0,57.32,1968.0,low,official_rtms,
0dafff04cc5a608a455736bf,202509,41115,매산로3가,1**,단독,28500.0,161.0,32.86,1965.0,low,official_rtms,
8eb5648c822a0391aed8c856,202509,41115,매산로3가,1**,단독,27000.0,175.0,44.1,1965.0,low,official_rtms,
93184afa6073f1461ac70542,202509,41115,북수동,8*,단독,28000.0,95.0,33.19,1964.0,medium,official_rtms,HUB-328caf74947e771c680e
415d6d4b0697b412161ad081,202509,41115,신풍동,1**,단독,28800.0,76.0,88.2,1995.0,low,official_rtms,
95a06f4ac784b1365abdc10d,202509,41115,우만동,5**,다가구,25000.0,122.4,134.05,1985.0,low,official_rtms,
f59c051cc32bf8449e9d186d,202509,41115,우만동,4**,다가구,42000.0,136.4,121.98,1985.0,low,official_rtms,
b0616d2af6a382ee50d36bfe,202509,41115,인계동,9**,단독,94000.0,197.4,163.92,1988.0,unmatched,official_rtms,
67ce09d7f939dac38c54c882,202509,41115,인계동,8**,단독,45000.0,168.0,221.22,1990.0,unmatched,official_rtms,
e7dcb92460883625cf10e214,202509,41115,장안동,8*,단독,82200.0,181.0,86.41,1984.0,low,official_rtms,
9c1f826eb2912957ae78ae18,202509,41115,지동,1**,단독,50400.0,119.0,56.93,1979.0,low,official_rtms,
9c1f826eb2912957ae78ae18,202509,41115,지동,1**,단독,50400.0,119.0,56.93,1979.0,low,official_rtms,
5f0a819270e25818988aaaa6,202509,41117,매탄동,1***,단독,75000.0,187.7,289.32,1991.0,low,official_rtms,
34f77af7545061a995f200f2,202509,41117,매탄동,8**,단독,52000.0,181.3,194.4,1992.0,unmatched,official_rtms,
3b8b7824b20039acfe34ade4,202509,41117,매탄동,1**,다가구,45000.0,163.6,261.74,1988.0,low,official_rtms,
0bc84b7d89601cdc0d0daeac,202509,41117,매탄동,1**,다가구,62500.0,225.2,325.54,1988.0,low,official_rtms,
2666001dd300f12c5df34e73,202509,41117,매탄동,8**,다가구,120000.0,171.3,317.8,2020.0,unmatched,official_rtms,
4cbd92199a258302ef915058,202509,41117,매탄동,2**,단독,84000.0,221.4,492.48,1992.0,low,official_rtms,
db5de53f46562416f7721a0a,202509,41117,원천동,2*,다가구,138000.0,212.0,398.27,2008.0,low,official_rtms,
9641489d2463fd70cc384c81,202510,41111,송죽동,3**,단독,42500.0,134.8,154.37,1984.0,low,official_rtms,
a6a3caee1c589f554d4f4c09,202510,41111,연무동,2**,단독,40000.0,132.8,156.0,1987.0,low,official_rtms,
e14ad5b8c175a3091a0d8445,202510,41111,영화동,1**,다가구,29500.0,72.0,124.38,2002.0,low,official_rtms,
c2a8c18019755c9ee5a8d807,202510,41111,영화동,2*,단독,44000.0,145.0,233.7,1995.0,high,official_rtms,HUB-59ad4cb67a66a525a7bd
63e822a6f91291092184227c,202510,41111,율전동,3**,다가구,63000.0,192.0,258.12,1992.0,unmatched,official_rtms,
6cea3edf264d0a80e19cafd4,202510,41111,정자동,3*,단독,43000.0,121.1,162.9,1989.0,unmatched,official_rtms,
850dcbab58c8e0c99716083e,202510,41111,정자동,8*,단독,81500.0,141.0,352.07,2010.0,low,official_rtms,
8e377783effde332dadf3eae,202510,41111,천천동,3**,다가구,118000.0,240.0,495.15,2001.0,low,official_rtms,
e77b8777e8aef3da947cceba,202510,41113,고색동,3**,단독,19200.0,119.0,65.56,1979.0,low,official_rtms,
504d18fa45ab8e6690675ae4,202510,41113,곡반정동,6**,다가구,77500.0,173.6,401.05,2006.0,low,official_rtms,
a08afeb54048fe4eefb39d0f,202510,41113,권선동,1***,단독,62900.0,203.0,249.57,1989.0,low,official_rtms,
6227b598aac7550d2c1869de,202510,41113,세류동,1**,단독,29500.0,98.0,57.22,1981.0,high,official_rtms,HUB-58f9fae0b03047fe218c
aea1170a646e09a930e09f13,202510,41113,호매실동,1***,단독,120500.0,279.8,493.76,2015.0,high,official_rtms,HUB-3e136e3f98578bad3111
33c4d00f2d6b8c7b577af88c,202510,41115,고등동,1*,단독,49500.0,202.3,83.96,1974.0,low,official_rtms,
6dea88be6a251b4c71648866,202510,41115,매향동,1**,단독,21600.0,86.0,62.15,1971.0,low,official_rtms,
0f922a50bf15eb67a562e9ce,202510,41115,우만동,5**,단독,36000.0,125.8,207.18,1989.0,low,official_rtms,
e45c9159f9f4de617ca67c69,202510,41115,지동,2**,다가구,46500.0,141.0,152.98,1997.0,low,official_rtms,
fd6f884a8754efcf222c4f2c,202510,41115,지동,1**,다가구,40000.0,146.0,149.58,1996.0,low,official_rtms,
b11f1e1cd22a44b7f7c1f394,202510,41115,팔달로3가,1**,단독,43000.0,116.0,94.48,1970.0,unmatched,official_rtms,
c915e2b74af1aa953245c8bb,202510,41115,화서동,1*,다가구,18000.0,76.0,127.83,1997.0,high,official_rtms,HUB-a2bce6c7663ace81f904
5b2bd492304b0f4d5e5fe330,202510,41115,화서동,1**,단독,40000.0,140.0,142.03,1981.0,low,official_rtms,
3685f832b782de4243b885df,202510,41117,매탄동,1**,다가구,74565.0,254.9,467.04,1990.0,low,official_rtms,
d84da4fa6d16686efed7ba39,202510,41117,매탄동,1**,다가구,71000.0,164.0,249.01,1988.0,high,official_rtms,HUB-5bdff726c76b0c3968d2
7ba8287ea08c0a06dabc99e3,202510,41117,원천동,5**,다가구,168000.0,269.0,479.6,2012.0,low,official_rtms,
6f6f1fb098a95c3444c76f8a,202510,41117,원천동,7*,다가구,79000.0,197.0,448.98,1994.0,low,official_rtms,
1b9eed77c78f67fdf171d6be,202511,41111,송죽동,2**,단독,77500.0,163.0,331.3,2010.0,unmatched,official_rtms,
ddd5af9e3e1cac19bf4554d8,202511,41111,연무동,2**,다가구,127000.0,218.6,518.87,2014.0,low,official_rtms,
2b77df671a7003ca92496f2b,202511,41111,연무동,2**,단독,41000.0,145.2,163.44,1985.0,low,official_rtms,
04bf6b8b60bf3807e09d8243,202511,41111,율전동,3**,다가구,37000.0,551.0,240.3,1991.0,unmatched,official_rtms,
725c18246beb723a8b03d4a0,202511,41111,정자동,3*,단독,65000.0,182.0,107.51,1978.0,unmatched,official_rtms,
23e1d6e48262d61c8081a33c,202511,41113,금곡동,1***,다가구,160000.0,251.4,492.54,2015.0,low,official_rtms,
3decd86da6250219ea037611,202511,41113,금곡동,1***,다가구,165000.0,243.6,484.44,2014.0,low,official_rtms,
9426bf4098ce603dab81b624,202511,41113,서둔동,1**,단독,40000.0,202.0,256.88,1997.0,low,official_rtms,
d5392f842ca0f0709af50470,202511,41113,서둔동,3*,단독,28000.0,92.0,91.0,1979.0,medium,official_rtms,HUB-23294159b2f7f217d4ba
5c81b80cb2f4233cdf105b09,202511,41113,세류동,4**,다가구,34000.0,202.4,176.95,1978.0,low,official_rtms,
2b03ff8201b6388c99aaafaf,202511,41113,세류동,1***,단독,41000.0,137.0,179.86,1981.0,high,official_rtms,HUB-ce118393c5c1cd643c91
00eb198390d4fbb581b1aeec,202511,41113,세류동,1***,단독,19000.0,85.9,142.53,1991.0,low,official_rtms,
2c76aae08d2e89c24950b406,202511,41113,세류동,5**,단독,148000.0,384.0,204.31,1995.0,unmatched,official_rtms,
fbe489129c80a9adbc754b67,202511,41115,우만동,5**,단독,66000.0,173.5,165.38,1988.0,low,official_rtms,
277584be8117b2b4f0e8f999,202511,41115,우만동,4**,다가구,49000.0,129.7,117.66,1986.0,low,official_rtms,
69565a299f44fe6550dab75b,202511,41115,화서동,1**,단독,26000.0,131.9,112.82,1986.0,low,official_rtms,
901bb6dcddc855839f314ac1,202511,41117,신동,9**,다가구,249000.0,320.0,494.5,2016.0,medium,official_rtms,HUB-8085d78e02a8a7e29e7a
753639bf6e1d697a437c2037,202511,41117,영통동,1***,단독,104000.0,206.3,370.44,2001.0,low,official_rtms,
6b3a9cc8123676c5afb309ca,202512,41111,연무동,5*,단독,23000.0,80.0,84.96,1993.0,high,official_rtms,HUB-938fb5baa94575f2722d
81f8e1357c4248d7698f428a,202512,41111,영화동,4**,다가구,61500.0,183.3,426.36,1997.0,low,official_rtms,
65e465a65132661a017dee9a,202512,41111,율전동,3**,단독,40900.0,189.0,138.58,1983.0,unmatched,official_rtms,
e09b13a11b8ce48792d969c5,202512,41111,조원동,7**,단독,35500.0,119.9,136.38,1983.0,low,official_rtms,
c4878fa5cfd5ba1dc7e5bf00,202512,41111,조원동,6**,단독,25000.0,116.0,61.88,1976.0,medium,official_rtms,HUB-980a05a2ee393cf2758f
c19d1414105e9152c17da873,202512,41113,고색동,9*,단독,64214.0,291.0,99.54,2001.0,unmatched,official_rtms,
4d696d4da9d0304b71955ca5,202512,41113,고색동,4*,단독,24885.0,169.0,103.1,1984.0,low,official_rtms,
9e3e0b6d30861b2a98095f98,202512,41113,구운동,4**,다가구,50000.0,183.9,286.31,1990.0,low,official_rtms,
edd463eeacce092b6f073161,202512,41113,권선동,1***,단독,62500.0,192.4,286.74,1990.0,low,official_rtms,
8842f9126026ca40c6a013a8,202512,41113,서둔동,3*,단독,26000.0,92.0,119.07,1979.0,medium,official_rtms,HUB-23294159b2f7f217d4ba
48d99977df9dc0e6fca71022,202512,41113,세류동,1***,단독,21350.0,130.0,80.98,1979.0,low,official_rtms,
bd59b79b14da75eec2ea1fb0,202512,41113,세류동,5**,단독,35500.0,200.0,255.82,1988.0,unmatched,official_rtms,
7126a7c20645e9ce8e68f559,202512,41113,평동,1*,단독,30000.0,136.0,139.05,1978.0,low,official_rtms,
24a833e8acbd448c2e9102ff,202512,41113,평동,1*,단독,36000.0,166.0,139.05,1978.0,low,official_rtms,
33816d77175d1c9376490ac1,202512,41113,호매실동,1***,단독,165000.0,249.7,656.97,2015.0,low,official_rtms,
4f6da34cf512d4c3c2853aa2,202512,41115,고등동,3*,다가구,53500.0,183.1,281.34,1993.0,low,official_rtms,
ae50fe2f2837f5836d4b327c,202512,41115,북수동,1**,단독,64800.0,142.0,437.95,1990.0,low,official_rtms,
92f9d5da8b3d78113a20d460,202512,41115,우만동,5**,다가구,69500.0,147.3,234.94,1988.0,low,official_rtms,
d4c0557ed6e202d454135797,202512,41115,지동,3**,단독,49000.0,202.0,47.24,1956.0,medium,official_rtms,HUB-62b53fe4e1193555a48a
fe4f1457815b208d4b2a1e61,202512,41115,지동,2**,단독,9900.0,86.0,50.9,1998.0,low,official_rtms,
6dc684b272f1546b41ee569b,202512,41115,화서동,3*,단독,21000.0,152.0,114.8,1987.0,high,official_rtms,HUB-a70af5765dec436b1e87
e9c2ac0cdaf8eb7a88c725d7,202512,41117,매탄동,4**,다가구,240000.0,353.0,921.53,2017.0,unmatched,official_rtms,
c674cea5516446a6e697a5b1,202512,41117,신동,9**,단독,181000.0,250.0,449.49,2015.0,medium,official_rtms,HUB-8085d78e02a8a7e29e7a
ca8389a6d0987f5b43876cea,202512,41117,영통동,1***,다가구,140000.0,189.1,404.44,2001.0,low,official_rtms,
393a9c9341bcb8537c9c2112,202512,41117,원천동,5**,단독,122500.0,121.25,547.6,2012.0,low,official_rtms,
79f76b39a2ba0c363e3deff3,202512,41117,이의동,1***,단독,150000.0,221.2,484.57,2013.0,low,official_rtms,
5350b061c00a8d32faf31418,202601,41111,송죽동,2**,다가구,77000.0,145.0,329.75,2003.0,unmatched,official_rtms,
acf2457de921d1ddc6b5b549,202601,41111,연무동,2**,단독,43000.0,148.1,175.53,1996.0,low,official_rtms,
0b201ddb61126197d6e19e2e,202601,41111,율전동,2**,단독,68300.0,180.0,263.98,2004.0,unmatched,official_rtms,
20e9ca3db0cafe037a3c96df,202601,41113,고색동,7*,다가구,31000.0,133.0,113.52,1990.0,low,official_rtms,
334878ae2ea7702cf9b6c773,202601,41113,고색동,1**,단독,34201.0,122.0,62.03,1984.0,low,official_rtms,
f11079d78d4c33f50902444c,202601,41113,곡반정동,5**,다가구,70000.0,214.1,491.71,2005.0,low,official_rtms,
dd0ab8035e84df6f2195eed7,202601,41113,곡반정동,5**,다가구,80000.0,195.8,416.14,2004.0,low,official_rtms,
d2e5245425788d58fc404362,202601,41113,구운동,9**,단독,80500.0,240.6,502.5,2002.0,medium,official_rtms,HUB-81e14598c5fdc3592afc
afc19c75a8e06eeff65a2711,202601,41113,권선동,1***,단독,68800.0,195.5,100.98,1991.0,low,official_rtms,
b3b5abf55899384a43c93aa9,202601,41113,당수동,2**,단독,31800.0,148.0,75.74,2002.0,low,official_rtms,
30e16fc1eb37b266b483bee0,202601,41113,서둔동,1**,단독,16400.0,139.0,43.74,1971.0,low,official_rtms,
168238a316a7b39170f84d3e,202601,41113,세류동,4**,다가구,30000.0,144.1,136.41,1978.0,low,official_rtms,
419a9c7e3aec0ebee787ee7b,202601,41113,세류동,4**,다가구,52800.0,155.3,190.68,2004.0,low,official_rtms,
ba09a1029aad064137b05b6a,202601,41113,세류동,5**,단독,29500.0,116.0,138.78,1985.0,unmatched,official_rtms,
a8d52f536d0e7d1a0e7d8cad,202601,41115,우만동,4**,단독,33000.0,176.8,216.87,1988.0,high,official_rtms,HUB-ff47f832170cef56a806
db9d8c7b84edd156f0c7f0b9,202601,41115,우만동,5**,다가구,85000.0,225.5,524.88,2002.0,high,official_rtms,HUB-25a70c530fd8e6ca26b4
7b7c138911fa178720563b41,202601,41115,우만동,5**,단독,69000.0,141.1,273.68,1995.0,low,official_rtms,
35c4d9d8972ff50a0c8b9278,202601,41115,지동,2**,단독,27000.0,156.0,66.12,1970.0,low,official_rtms,
ab756f6011acf92c161d05fe,202601,41115,화서동,2**,단독,66000.0,189.0,167.51,1989.0,low,official_rtms,
71b1e847d2476a4391e08139,202601,41115,화서동,1**,단독,65000.0,150.0,167.88,1983.0,low,official_rtms,
08ca2f57a550aee75cbd5b1c,202601,41117,매탄동,1**,다가구,53000.0,199.9,261.25,1990.0,low,official_rtms,
4064cfb76d6b6e6d22f30a4b,202601,41117,매탄동,1***,다가구,105800.0,180.1,307.61,2014.0,low,official_rtms,
191fe0fe9de4761a5c4cc322,202601,41117,매탄동,1***,단독,100000.0,189.2,434.3,1993.0,high,official_rtms,HUB-93930723d10211db1cc3
c15d53cac75eb3e0dd8c22f0,202601,41117,매탄동,1**,다가구,132200.0,199.7,399.99,2017.0,low,official_rtms,
6713beaea168b786c040836e,202601,41117,매탄동,1***,다가구,200000.0,191.0,392.73,2024.0,low,official_rtms,
bf85f0cb80dadbb877b1d842,202602,41111,율전동,2**,다가구,64700.0,167.0,288.9,2004.0,unmatched,official_rtms,
cb1859427f10e2a165d109c2,202602,41111,정자동,3*,단독,38500.0,132.9,142.84,1984.0,unmatched,official_rtms,
92ff4f7e286e7742a3140877,202602,41111,조원동,7**,단독,36500.0,155.0,180.13,1984.0,low,official_rtms,
1c7deefe331413ff1d1f092f,202602,41111,조원동,7**,단독,32000.0,143.4,146.79,1982.0,low,official_rtms,
603bb8ec40c93e9e9d26297d,202602,41113,곡반정동,5**,다가구,82000.0,232.0,492.05,2004.0,low,official_rtms,
c6b020773c98c47bc412f769,202602,41113,세류동,1***,단독,40000.0,132.0,199.84,1994.0,low,official_rtms,
30e97ffa17c4e550e2aa928a,202602,41113,세류동,6**,다가구,73500.0,327.0,609.04,2010.0,medium,official_rtms,HUB-6e8fa741dcbeca8e1534
494d86f11c1cba602a08f559,202602,41113,세류동,5**,다가구,43500.0,173.0,199.7,1994.0,unmatched,official_rtms,
ddae8fe72b6beb278443d76f,202602,41113,오목천동,4**,단독,37000.0,160.0,243.78,1991.0,low,official_rtms,
844de3375e796a34cf93d272,202602,41115,남수동,1*,단독,35500.0,99.0,60.69,1974.0,low,official_rtms,
d10a920ce80b10157c0655b1,202602,41115,남창동,1**,다가구,81500.0,204.57,162.18,1978.0,low,official_rtms,
2985f2ce6db135107c037ba9,202602,41115,북수동,1**,다가구,79305.0,245.0,406.71,2001.0,high,official_rtms,HUB-52c6323a93e3f796a3dc
80b566984f7210499eb8599e,202602,41115,장안동,1**,단독,30000.0,119.0,42.98,1994.0,low,official_rtms,
aa5855c525267746f76cf70c,202602,41115,지동,1**,다가구,52800.0,182.0,324.0,1980.0,high,official_rtms,HUB-eb046e9aa41e9aae8cd2
079f605371a753bcc85c8fb4,202602,41117,원천동,5**,단독,162500.0,252.8,453.98,2013.0,low,official_rtms,
6bb160a59dd9100815b076da,202603,41111,송죽동,3**,단독,27000.0,134.8,112.8,1984.0,low,official_rtms,
6bb160a59dd9100815b076da,202603,41111,송죽동,3**,단독,27000.0,134.8,112.8,1984.0,low,official_rtms,
d5d9607e6e202f12c8d15084,202603,41111,송죽동,2**,다가구,37000.0,159.0,165.73,1979.0,unmatched,official_rtms,
05b64f390ff0905738f5bb29,202603,41111,송죽동,3**,단독,43000.0,118.8,127.36,1987.0,low,official_rtms,
dd43009e25859c7e2fd878a7,202603,41111,연무동,2**,단독,43000.0,196.9,142.17,1984.0,low,official_rtms,
83c8df8eb04eb3f65c59d0f4,202603,41111,연무동,2**,단독,49500.0,152.3,189.34,1987.0,low,official_rtms,
ad2ad1cc6f2194e5a7f1024b,202603,41111,정자동,4*,다가구,126000.0,173.7,247.09,1994.0,unmatched,official_rtms,
f091bb37246f963e630734c5,202603,41111,조원동,7**,단독,17000.0,107.5,136.62,1987.0,low,official_rtms,
ddcb7322f182efc4e0108616,202603,41111,파장동,5**,다가구,46000.0,155.5,249.38,1988.0,unmatched,official_rtms,
068d5ca376f1373b7d170ada,202603,41113,서둔동,2**,단독,30000.0,108.0,59.01,1972.0,unmatched,official_rtms,
eb2e0d11f26541dd39b2a71b,202603,41113,세류동,1***,단독,17000.0,89.6,133.26,1984.0,low,official_rtms,
6d6836005e1a41b3b5570916,202603,41113,세류동,1***,다가구,38000.0,129.1,220.23,2002.0,low,official_rtms,
cdf006b4d14dfd667cc35099,202603,41113,세류동,1***,단독,33000.0,128.0,201.87,1992.0,low,official_rtms,
4126a9f26109a7663e5e56d9,202603,41113,세류동,4**,단독,28000.0,119.9,114.39,1987.0,low,official_rtms,
773aa7272dcc6849533c106d,202603,41113,평동,*,단독,19600.0,129.0,13.5,1983.0,low,official_rtms,
73b82ea0d21239d1d650c7f4,202603,41113,평동,1*,단독,20400.0,46.0,16.53,1983.0,low,official_rtms,
3fe30c1f274ca9ed568e596e,202603,41115,매향동,1**,단독,25000.0,109.0,46.61,1971.0,low,official_rtms,
9e5c8133c1f3def55ac5a00c,202603,41115,지동,3**,단독,35000.0,111.0,59.8,1960.0,medium,official_rtms,HUB-62b53fe4e1193555a48a
d7f750f1b66432ba2cce47e5,202603,41115,지동,2**,단독,26000.0,155.0,72.28,1984.0,low,official_rtms,
35e5a11b29cefebfdf419e71,202603,41115,화서동,1**,단독,70000.0,148.8,241.84,1990.0,low,official_rtms,
3c419dcc48913dab637020e6,202604,41111,송죽동,4**,단독,22000.0,157.9,124.42,1987.0,low,official_rtms,
fbbdf1223eef157ce211b26a,202604,41111,송죽동,5**,단독,43500.0,176.1,288.9,1991.0,low,official_rtms,
a395148ab54746c69c674d25,202604,41111,연무동,2**,다가구,33500.0,118.6,187.2,1994.0,low,official_rtms,
6c28935ad08ba8324f5a163a,202604,41111,연무동,6*,단독,24000.0,84.0,150.63,1993.0,low,official_rtms,
719812d7bcd39b92913e4f09,202604,41111,연무동,2**,다가구,44500.0,205.0,134.68,1982.0,low,official_rtms,
ec26c4f2b1c834f3e54f34c6,202604,41111,영화동,4**,다가구,66500.0,256.2,386.49,1997.0,high,official_rtms,HUB-b3aa73e9134d9b015208
8335184f2a9b72d0a5b1f89e,202604,41111,이목동,2**,단독,115000.0,508.0,199.51,2019.0,low,official_rtms,
1e3b5a115c4727e4c7827151,202604,41111,정자동,6*,단독,90500.0,149.7,329.91,2011.0,low,official_rtms,
530dfbd24ad5aeb4f2b89fa1,202604,41111,정자동,4**,단독,25000.0,123.0,70.19,1978.0,unmatched,official_rtms,
d4b9b797ebba38d3fdde63f2,202604,41113,서둔동,2**,단독,215000.0,989.0,319.24,2011.0,unmatched,official_rtms,
0395ebd117ff9985ed8ff813,202604,41113,세류동,1***,단독,53000.0,154.0,442.22,2012.0,low,official_rtms,
c90289c9b76eee51a3f42837,202604,41115,매교동,7*,다가구,58000.0,212.0,485.15,1994.0,unmatched,official_rtms,
36dd5a5cc596d39faa8bd68c,202604,41115,북수동,3**,단독,36000.0,109.0,47.83,1956.0,low,official_rtms,
cad0b6fe13a9ecfad8cb1f18,202604,41115,신풍동,4*,단독,49000.0,136.0,78.08,1983.0,low,official_rtms,
28145df1180964439adc53e4,202604,41115,우만동,5**,단독,57000.0,203.6,326.7,1989.0,low,official_rtms,
ae6e794643bdfb4fa3222b1d,202604,41115,우만동,4**,단독,46000.0,142.6,201.06,1986.0,low,official_rtms,
c75002ef4c273bcfd497aba4,202604,41115,지동,2**,단독,47000.0,132.0,61.95,1970.0,low,official_rtms,
d53e2d7d8d0c345ee4bf17a1,202604,41115,지동,2**,단독,37800.0,142.0,70.85,1977.0,low,official_rtms,
394d20b1a8696fb1f5c9db82,202604,41115,지동,2**,단독,16000.0,102.0,42.98,1970.0,low,official_rtms,
bfac5ad377d2800fd335332c,202604,41115,팔달로1가,*,단독,115000.0,226.5,490.88,1983.0,low,official_rtms,
73866549269fcf153a8fbb7c,202604,41115,화서동,3*,다가구,35400.0,104.0,171.14,1987.0,low,official_rtms,
e3388a443321b5e0e6829e33,202604,41115,화서동,8*,단독,35000.0,136.0,153.26,1984.0,unmatched,official_rtms,
38130059fb42a3f38029e3b7,202604,41115,화서동,6*,다가구,29000.0,109.0,162.24,1995.0,unmatched,official_rtms,
506fc4afedacb8b6e75bd216,202604,41117,영통동,1***,다가구,132000.0,198.2,405.72,2001.0,low,official_rtms,
51903c7fba9bb5ea1bad8bd3,202604,41117,원천동,3*,다가구,81000.0,202.0,377.83,2002.0,low,official_rtms,
7f09e988563f08832c2bc4be,202605,41111,송죽동,1**,다가구,24000.0,128.0,196.73,1991.0,high,official_rtms,HUB-f8ebc222db2b12e8f056
46a1fe60cc7ec447f4b27532,202605,41111,연무동,2**,다가구,107000.0,135.4,276.53,2020.0,low,official_rtms,
034e42c95ea6e4b514314d3b,202605,41111,연무동,2**,다가구,81819.0,292.9,589.53,1997.0,low,official_rtms,
5577c07996b359b160dd0725,202605,41111,연무동,2**,다가구,164000.0,196.8,486.47,2018.0,low,official_rtms,
f7320d3da3f8870bdac5a564,202605,41111,영화동,4**,다가구,102500.0,202.0,326.72,1997.0,low,official_rtms,
9f960000ce457e811ac5b05e,202605,41111,영화동,3**,다가구,34000.0,128.5,197.43,1993.0,low,official_rtms,
1715655e9294ca5d0bf43669,202605,41111,영화동,3**,단독,54000.0,217.6,177.59,1979.0,high,official_rtms,HUB-6ac530a23803d2f8d04a
cf8bc46051527ae6152a669e,202605,41111,영화동,4**,다가구,70000.0,239.0,347.4,1996.0,low,official_rtms,
733b1ce03befa586bfbde51b,202605,41111,영화동,3**,다가구,86000.0,198.3,414.3,2002.0,high,official_rtms,HUB-0ba2c45b872c655b1b80
7a3b404ba55be8f863166b20,202605,41111,율전동,9*,다가구,105000.0,189.0,290.04,1995.0,high,official_rtms,HUB-5e52458af54ead1fb31e
a51b03d73eeac37e568cc6f6,202605,41111,이목동,2**,단독,129500.0,528.0,301.05,2018.0,low,official_rtms,
f2762932b4c78cb0d66e080d,202605,41111,정자동,7*,단독,44000.0,133.4,154.26,1983.0,low,official_rtms,
13ac47ec9ef60b0208a92092,202605,41111,정자동,3*,단독,63000.0,186.2,343.71,1995.0,unmatched,official_rtms,
ed71db870a76c108f4deba10,202605,41113,권선동,9**,다가구,142000.0,173.2,429.77,2014.0,low,official_rtms,
a06e9f1feb21081db980a97a,202605,41113,서둔동,1*,단독,29400.0,84.0,110.45,1985.0,low,official_rtms,
3aa2c1dd0c9d7b1e85696d97,202605,41113,세류동,4**,단독,45000.0,174.4,136.63,1982.0,low,official_rtms,
9e92a1e89fcc189a33fda08e,202605,41113,세류동,4**,다가구,45000.0,136.5,201.92,1989.0,low,official_rtms,
9bbf472790269f874c55c5dc,202605,41113,세류동,4**,다가구,53000.0,136.5,229.32,1989.0,low,official_rtms,
ddbb0642a9e067e52ed35e0e,202605,41113,세류동,6**,다가구,29300.0,188.0,99.0,2014.0,medium,official_rtms,HUB-6e8fa741dcbeca8e1534
4ad2f63d3b56bfe86259e983,202605,41113,호매실동,1***,단독,138000.0,268.8,494.09,2015.0,low,official_rtms,
8511cbbb0f31cfed7bdeca5c,202605,41115,고등동,2**,다가구,109000.0,139.0,167.49,1992.0,unmatched,official_rtms,
bab43dc0d2be300c519c256e,202605,41115,남수동,8*,단독,96000.0,536.0,155.37,1980.0,unmatched,official_rtms,
b394a7b45fdeafadee274b33,202605,41115,매교동,1**,다가구,175000.0,204.0,399.25,2020.0,low,official_rtms,
3379bc167e2b2d8d2bf3974f,202605,41115,매산로2가,8*,다가구,79000.0,158.0,224.1,1991.0,low,official_rtms,
9495c43a0137ce9d7652b7e1,202605,41115,매향동,*,단독,21000.0,106.0,34.78,1971.0,low,official_rtms,
1b4d8258bf253059632c3b46,202605,41115,매향동,1*,다가구,92000.0,164.0,307.91,2016.0,high,official_rtms,HUB-12a2895f4806d8449224
7532c4b47b571c2ed907fbe2,202605,41115,지동,2**,다가구,60000.0,199.0,321.13,2012.0,low,official_rtms,
67e9b5e36e15450f5720aad1,202605,41115,화서동,3**,단독,51000.0,161.0,157.34,1984.0,high,official_rtms,HUB-2691603d7963acf7defa
f6233bc113208cb5f1d57db6,202605,41115,화서동,7*,단독,38000.0,156.8,162.72,1985.0,low,official_rtms,
57dc30e05adacb4942b35359,202605,41117,매탄동,1**,다가구,160000.0,216.9,443.64,2019.0,low,official_rtms,
04399570edd408f1176f0ee1,202605,41117,매탄동,1**,단독,97000.0,235.0,412.62,1996.0,low,official_rtms,
f67cb4507a87187217c80631,202605,41117,매탄동,1***,단독,62000.0,179.5,287.7,1991.0,low,official_rtms,
7296f58318e1f77d3f88b5c6,202605,41117,매탄동,1**,단독,130000.0,271.0,494.46,1990.0,high,official_rtms,HUB-96581d42ee26c9cd7631
956601705810d68a450151c0,202605,41117,신동,9**,다가구,230000.0,369.6,702.66,2015.0,medium,official_rtms,HUB-8085d78e02a8a7e29e7a
d00d02101a8bbf59936343fe,202605,41117,원천동,2*,다가구,122000.0,209.0,359.8,2008.0,high,official_rtms,HUB-c30b7088e7b6655478f0
85c045d6d2f49a93d8ddf291,202605,41117,이의동,1***,다가구,193000.0,288.2,494.64,2014.0,low,official_rtms,
e32c0da0095f186035e93050,202606,41111,송죽동,4**,단독,93000.0,181.1,367.8,2010.0,low,official_rtms,
4ba00bfcba69f77536e3abb3,202606,41111,송죽동,1**,단독,25000.0,94.0,111.6,1985.0,high,official_rtms,HUB-e335d94bb5ce3b1277e6
870d73a3716a088296e675a1,202606,41111,연무동,6*,다가구,50000.0,129.0,224.55,1995.0,low,official_rtms,
ae56943483435ced888a5540,202606,41111,연무동,1**,단독,22000.0,118.0,99.12,1977.0,low,official_rtms,
63ba5916955256df8134af18,202606,41111,영화동,1**,단독,60000.0,122.0,263.64,1969.0,low,official_rtms,
a856a314a745c190e4038747,202606,41111,정자동,4*,다가구,172000.0,213.1,532.38,2019.0,unmatched,official_rtms,
f4a921c00d626ad24fea3711,202606,41111,조원동,6**,단독,51000.0,194.0,323.05,1988.0,medium,official_rtms,HUB-980a05a2ee393cf2758f
dc1eaeca200d76d23d6aeec5,202606,41111,파장동,5**,단독,48000.0,144.3,168.23,1985.0,unmatched,official_rtms,
8d2fab01dfb3e633ca7bc79a,202606,41113,구운동,5**,단독,70000.0,190.1,347.75,1993.0,unmatched,official_rtms,
1d85808c786a2c109f17b638,202606,41113,구운동,4**,단독,47700.0,201.1,190.33,1990.0,low,official_rtms,
ff79a9c357fdc6183787dcb2,202606,41113,세류동,8*,다가구,45000.0,118.0,199.31,1993.0,low,official_rtms,
3bcd19db4dd04c539c1131ae,202606,41113,호매실동,8**,단독,68000.0,228.0,221.04,2015.0,low,official_rtms,
8190984f4a97088ab7af2d69,202606,41113,호매실동,1***,단독,150000.0,262.6,494.17,2015.0,low,official_rtms,
8873acbf42d5980bb1d67595,202606,41115,북수동,2**,다가구,106000.0,205.0,516.65,2003.0,low,official_rtms,
051dc3b091e8d75e18c946f4,202606,41115,우만동,4**,다가구,30600.0,141.9,199.53,1993.0,low,official_rtms,
05439ac0e4ef55c55b328b0f,202606,41115,지동,2**,단독,83500.0,155.0,272.55,1997.0,low,official_rtms,
68abf12018767217b00dcfdc,202606,41115,화서동,3*,다가구,41000.0,179.0,261.81,1990.0,low,official_rtms,
c2e7c7c02eeeaf83442bc385,202606,41117,매탄동,1**,다가구,116000.0,201.6,375.0,2022.0,low,official_rtms,
713628016a7b3d652541fdfc,202606,41117,매탄동,1**,다가구,98000.0,172.0,305.92,2003.0,low,official_rtms,
3ee7a2222580a4209dfc589c,202607,41111,연무동,6*,단독,34000.0,105.0,166.71,1993.0,low,official_rtms,
f9e91534e61e8d829c9fd776,202607,41113,구운동,9**,단독,99000.0,226.8,865.97,2005.0,medium,official_rtms,HUB-81e14598c5fdc3592afc
999abf94f3876be144993fc8,202607,41113,구운동,9**,단독,171000.0,298.5,1135.44,2005.0,medium,official_rtms,HUB-81e14598c5fdc3592afc
6607877f41e7aeecad11caf2,202607,41113,서둔동,2**,단독,215000.0,989.0,319.24,2011.0,unmatched,official_rtms,
5943a7249a36f50459310ffc,202607,41113,세류동,2**,단독,39500.0,150.5,164.88,1980.0,unmatched,official_rtms,
e59105338859fa3a466b8421,202607,41113,세류동,1***,단독,35000.0,204.6,176.13,1985.0,high,official_rtms,HUB-343f367c7d16079ba26c
1af82dbd31d341611653cf34,202607,41115,고등동,5*,단독,75000.0,187.4,327.24,2003.0,low,official_rtms,
d4bff9fcd9728921b8e1414d,202607,41115,구천동,1*,단독,75000.0,89.0,139.09,2018.0,high,official_rtms,HUB-81807bd55ea77e9e874c
7bbab472dfe42894c933c476,202607,41115,우만동,5**,단독,79500.0,219.0,181.91,1989.0,low,official_rtms,
c2a7e0de605c1d0254364e33,202607,41115,지동,2**,단독,39000.0,178.0,107.37,1986.0,low,official_rtms,
