buildYear,buyerGbn,cdealDay,cdealType,dealAmount,dealDay,dealMonth,dealYear,dealingGbn,estateAgentSggNm,houseType,jibun,plottageAr,sggCd,slerGbn,totalFloorAr,umdNm,lawd_cd,deal_ym,sggNm
1993.0,,,,"24,000",27,1,2022,중개거래,경기 수원장안구,다가구,6*,92.0,41111,,164.16,연무동,41111,202201,
1980.0,,,,"21,000",13,1,2022,중개거래,경기 안산상록구,단독,1**,71.0,41111,,73.26,연무동,41111,202201,
1994.0,,,,"27,000",8,1,2022,중개거래,경기 수원장안구,다가구,6*,102.0,41111,,159.47,연무동,41111,202201,
1964.0,,,,"15,000",26,1,2022,중개거래,경기 수원장안구 경기 수원팔달구,단독,6*,79.0,41111,,28.39,연무동,41111,202201,
1996.0,,,,"56,000",27,1,2022,중개거래,경기 수원장안구,다가구,4**,139.2,41111,,316.35,영화동,41111,202201,
1991.0,,,,"66,000",12,1,2022,중개거래,경기 수원장안구 경기 안양동안구,단독,4**,155.9,41111,,298.18,영화동,41111,202201,
1991.0,,22.02.25,O,"180,000",4,1,2022,중개거래,경기 수원장안구,단독,4**,206.5,41111,,602.19,영화동,41111,202201,
2011.0,,,,"95,000",8,1,2022,중개거래,경기 수원장안구,단독,4**,181.8,41111,,361.8,영화동,41111,202201,
2012.0,,,,"90,000",11,1,2022,중개거래,경기 수원장안구,다가구,4**,266.2,41111,,405.84,영화동,41111,202201,
1993.0,,,,"164,000",20,1,2022,중개거래,경기 수원장안구,다가구,6*,402.2,41111,,977.79,정자동,41111,202201,
1990.0,,,,"95,000",19,1,2022,중개거래,경기 수원장안구,단독,3*,274.3,41111,,316.29,정자동,41111,202201,
2004.0,,,,"84,900",27,1,2022,중개거래,경기 수원장안구,다가구,7**,202.2,41111,,440.73,조원동,41111,202201,
2012.0,,,,"73,900",21,1,2022,중개거래,경기 수원장안구,다가구,7**,134.2,41111,,254.32,조원동,41111,202201,
2003.0,,,,"96,000",20,1,2022,중개거래,경기 수원권선구 서울 강남구,다가구,8**,215.1,41111,,486.34,조원동,41111,202201,
1986.0,,25.02.06,O,"340,000",24,1,2022,중개거래,경기 수원시 권선구,단독,3*,812.0,41113,,304.32,고색동,41113,202201,
1985.0,,,,"29,310",7,1,2022,중개거래,경기 수원권선구,단독,2**,125.0,41113,,87.03,고색동,41113,202201,
2004.0,,,,"118,000",20,1,2022,중개거래,경기 수원권선구,다가구,5**,214.7,41113,,462.33,곡반정동,41113,202201,
2007.0,,,,"145,000",9,1,2022,중개거래,경기 수원권선구,다가구,5**,324.9,41113,,788.38,곡반정동,41113,202201,
2004.0,,,,"250,000",10,1,2022,중개거래,경기 수원권선구 서울 서초구,다가구,5**,526.2,41113,,1167.03,곡반정동,41113,202201,
2001.0,,,,"106,000",6,1,2022,중개거래,경기 수원권선구,단독,1***,249.7,41113,,566.45,권선동,41113,202201,
1971.0,,,,"44,700",26,1,2022,중개거래,경기 수원권선구,단독,3**,86.0,41113,,31.74,서둔동,41113,202201,
1986.0,,,,"25,000",21,1,2022,중개거래,경기 수원권선구,단독,1***,137.7,41113,,113.64,세류동,41113,202201,
1993.0,,,,"78,000",15,1,2022,중개거래,경기 수원장안구,단독,1***,154.7,41113,,493.43,세류동,41113,202201,
1986.0,,22.07.29,O,"26,000",21,1,2022,중개거래,경기 수원권선구,단독,1***,137.7,41113,,113.64,세류동,41113,202201,
1983.0,,,,"54,000",24,1,2022,중개거래,경기 수원권선구,다가구,2**,159.5,41113,,202.54,세류동,41113,202201,
1993.0,,,,"81,000",10,1,2022,중개거래,경기 수원권선구,단독,3**,635.0,41113,,154.62,입북동,41113,202201,
2017.0,,,,"165,000",15,1,2022,중개거래,경기 수원권선구,다가구,1***,273.9,41113,,494.86,호매실동,41113,202201,
1999.0,,,,"55,000",16,1,2022,중개거래,경기 수원장안구 경기 수원팔달구,단독,1*,141.0,41115,,248.94,고등동,41115,202201,
1977.0,,,,"52,500",15,1,2022,중개거래,경기 수원팔달구,단독,1*,190.0,41115,,87.37,고등동,41115,202201,
1999.0,,,,"164,850",24,1,2022,직거래,,다가구,9*,447.0,41115,,681.87,고등동,41115,202201,
2002.0,,,,"250,000",26,1,2022,중개거래,경기 수원팔달구,다가구,5**,496.3,41115,,1169.31,우만동,41115,202201,
1986.0,,,,"39,000",21,1,2022,중개거래,경기 수원팔달구,다가구,4**,146.2,41115,,135.61,우만동,41115,202201,
1991.0,,,,"77,000",12,1,2022,중개거래,경기 수원팔달구,다가구,5**,160.0,41115,,379.98,우만동,41115,202201,
1999.0,,,,"56,500",18,1,2022,직거래,,다가구,5**,205.0,41115,,385.32,우만동,41115,202201,
1999.0,,,,"23,120",11,1,2022,중개거래,경기 수원영통구,단독,7**,60.0,41115,,20.5,인계동,41115,202201,
1989.0,,,,"75,000",3,1,2022,중개거래,경기 수원팔달구,다가구,3**,140.0,41115,,238.25,장안동,41115,202201,
1990.0,,,,"45,000",14,1,2022,중개거래,경기 수원팔달구,다가구,1**,169.0,41115,,210.94,지동,41115,202201,
1994.0,,,,"30,500",26,1,2022,중개거래,경기 수원시 팔달구,다가구,1**,92.0,41115,,132.91,지동,41115,202201,
1978.0,,,,"45,000",10,1,2022,중개거래,경기 수원팔달구,단독,1**,208.0,41115,,156.27,지동,41115,202201,
2018.0,,,,"28,300",11,1,2022,중개거래,경기 수원팔달구,단독,2**,101.0,41115,,56.23,지동,41115,202201,
1995.0,,,,"88,000",25,1,2022,중개거래,경기 수원팔달구,다가구,1**,158.0,41115,,279.27,화서동,41115,202201,
1990.0,,,,"41,000",25,1,2022,중개거래,경기 수원팔달구,다가구,1**,131.6,41115,,210.42,화서동,41115,202201,
2020.0,,,,"330,000",12,1,2022,중개거래,경기 수원영통구,다가구,*,369.0,41117,,857.89,망포동,41117,202201,
2019.0,,,,"180,000",29,1,2022,중개거래,경기 수원시 권선구,다가구,1**,274.1,41117,,480.118,매탄동,41117,202201,
2003.0,,,,"105,000",17,1,2022,중개거래,경기 수원영통구,다가구,4**,264.0,41117,,587.28,매탄동,41117,202201,
2002.0,,,,"92,000",5,1,2022,중개거래,경기 수원영통구,다가구,1***,210.0,41117,,456.29,매탄동,41117,202201,
2018.0,,,,"80,000",5,2,2022,중개거래,경기 수원장안구,다가구,2**,148.0,41111,,262.69,송죽동,41111,202202,
1989.0,,,,"65,000",5,2,2022,중개거래,경기 수원장안구,단독,4**,180.7,41111,,293.61,송죽동,41111,202202,
2018.0,,22.12.09,O,"75,000",24,2,2022,중개거래,경기 수원장안구,다가구,1**,115.0,41111,,211.98,연무동,41111,202202,
2021.0,,,,"215,000",19,2,2022,중개거래,경기 수원장안구,다가구,2**,298.7,41111,,589.51,연무동,41111,202202,
1984.0,,,,"82,000",12,2,2022,중개거래,경기 수원장안구,단독,2**,162.9,41111,,184.28,연무동,41111,202202,
1974.0,,,,"14,500",15,2,2022,중개거래,경기 수원장안구,단독,3*,56.0,41111,,33.19,영화동,41111,202202,
1974.0,,,,"20,000",10,2,2022,중개거래,경기 수원장안구,단독,3*,93.0,41111,,31.93,영화동,41111,202202,
2021.0,,,,"178,000",25,2,2022,중개거래,경기 수원장안구,다가구,4*,199.2,41111,,396.66,정자동,41111,202202,
1989.0,,,,"44,000",24,2,2022,중개거래,경기 수원장안구,다가구,4**,164.0,41111,,263.94,조원동,41111,202202,
1987.0,,,,"33,800",24,2,2022,중개거래,경기 수원장안구,단독,4**,113.0,41111,,135.61,조원동,41111,202202,
1988.0,,,,"39,300",24,2,2022,중개거래,경기 수원장안구,다가구,4**,135.0,41111,,223.18,조원동,41111,202202,
1987.0,,,,"49,000",24,2,2022,중개거래,경기 수원장안구,단독,4**,113.0,41111,,132.2,조원동,41111,202202,
1991.0,,,,"13,000",4,2,2022,중개거래,경기 수원팔달구,단독,6**,33.0,41111,,42.05,조원동,41111,202202,
1997.0,,,,"93,960",26,2,2022,중개거래,경기 수원권선구 경기 수원팔달구,단독,3**,259.0,41113,,345.23,구운동,41113,202202,
1991.0,,,,"41,000",26,2,2022,중개거래,경기 수원시 권선구,단독,5**,184.7,41113,,299.4,구운동,41113,202202,
1990.0,,,,"75,000",21,2,2022,중개거래,경기 수원권선구,다가구,5**,202.9,41113,,356.4,구운동,41113,202202,
1988.0,,,,"81,000",11,2,2022,중개거래,경기 수원권선구 경기 수원팔달구,단독,1***,225.2,41113,,183.35,권선동,41113,202202,
1991.0,,,,"98,000",21,2,2022,중개거래,경기 수원권선구,단독,1***,249.9,41113,,364.2,권선동,41113,202202,
1978.0,,,,"143,000",18,2,2022,중개거래,경기 수원팔달구,다가구,1**,449.0,41113,,146.48,서둔동,41113,202202,
1987.0,,,,"23,500",18,2,2022,중개거래,경기 수원권선구,다가구,4**,119.9,41113,,113.42,세류동,41113,202202,
1989.0,,,,"55,000",11,2,2022,중개거래,경기 수원권선구,단독,3**,142.9,41113,,229.7,세류동,41113,202202,
2004.0,,,,"62,000",25,2,2022,중개거래,경기 수원권선구,다가구,7**,131.2,41113,,372.15,탑동,41113,202202,
2008.0,,,,"74,500",18,2,2022,중개거래,경기 수원권선구,다가구,2**,185.0,41113,,457.42,탑동,41113,202202,
1970.0,,,,"115,000",15,2,2022,중개거래,경기 수원권선구 경기 수원팔달구,단독,4*,338.0,41113,,50.68,평동,41113,202202,
1998.0,,,,"280,000",14,2,2022,중개거래,경기 수원권선구 서울 서초구,단독,4**,633.0,41113,,1376.46,호매실동,41113,202202,
1956.0,,,,"56,000",25,2,2022,중개거래,경기 수원팔달구,단독,9*,139.0,41115,,29.42,고등동,41115,202202,
1999.0,,,,"140,000",21,2,2022,중개거래,경기 수원권선구,단독,3*,248.0,41115,,163.45,신풍동,41115,202202,
1965.0,,,,"34,000",21,2,2022,중개거래,경기 수원팔달구,단독,3*,83.0,41115,,40.33,신풍동,41115,202202,
1996.0,,,,"119,000",21,2,2022,중개거래,경기 수원팔달구,다가구,9**,286.4,41115,,645.52,인계동,41115,202202,
1988.0,,22.03.24,O,"80,000",8,2,2022,중개거래,경기 수원팔달구,단독,1***,169.8,41115,,179.49,인계동,41115,202202,
1995.0,,,,"140,000",8,2,2022,중개거래,경기 수원팔달구 서울 강남구,다가구,8*,234.0,41115,,322.97,장안동,41115,202202,
1975.0,,,,"33,000",15,2,2022,중개거래,경기 수원팔달구,단독,2**,112.0,41115,,52.09,지동,41115,202202,
1994.0,,,,"150,000",17,2,2022,중개거래,경기 수원장안구 경기 수원팔달구,다가구,4**,197.4,41115,,299.87,지동,41115,202202,
1994.0,,,,"200,168",17,2,2022,중개거래,경기 수원장안구 경기 수원팔달구,다가구,4**,599.9,41115,,248.46,지동,41115,202202,
1999.0,,,,"28,000",15,2,2022,중개거래,경기 수원권선구 경기 수원팔달구,단독,2**,182.0,41115,,85.23,지동,41115,202202,
1971.0,,,,"21,000",7,2,2022,중개거래,경기 수원팔달구,단독,1**,112.0,41115,,52.89,지동,41115,202202,
1999.0,,,,"55,500",17,2,2022,중개거래,경기 수원팔달구,단독,3**,164.7,41115,,139.17,지동,41115,202202,
1999.0,,,,"16,400",6,2,2022,직거래,,단독,2**,149.0,41115,,142.56,화서동,41115,202202,
1990.0,,,,"82,400",23,2,2022,중개거래,경기 수원영통구,단독,8**,214.9,41117,,417.4,매탄동,41117,202202,
1989.0,,,,"59,000",15,2,2022,중개거래,경기 수원시 영통구,다가구,1**,219.3,41117,,234.99,매탄동,41117,202202,
2002.0,,,,"90,000",4,2,2022,중개거래,경기 수원영통구 경기 수원장안구,다가구,1***,196.0,41117,,415.3,매탄동,41117,202202,
2017.0,,,,"102,200",24,2,2022,중개거래,경기,단독,1***,255.9342,41117,,172.77,영통동,41117,202202,
2014.0,,,,"212,000",16,2,2022,중개거래,경기 수원영통구,다가구,1***,269.3,41117,,483.89,이의동,41117,202202,
1989.0,,,,"67,500",15,3,2022,중개거래,경기 수원장안구,단독,4**,180.2,41111,,273.57,송죽동,41111,202203,
1983.0,,,,"49,000",30,3,2022,중개거래,경기 수원장안구,단독,2**,133.5,41111,,137.8,연무동,41111,202203,
1991.0,,,,"25,000",14,3,2022,중개거래,경기 수원장안구,단독,5*,86.0,41111,,147.67,연무동,41111,202203,
1995.0,,,,"15,800",16,3,2022,직거래,,단독,6*,104.0,41111,,157.8,연무동,41111,202203,
1988.0,,,,"88,000",31,3,2022,중개거래,경기 수원장안구,단독,3**,218.3,41111,,294.69,영화동,41111,202203,
1982.0,,,,"55,200",26,3,2022,중개거래,경기 수원장안구,단독,3**,164.4,41111,,97.92,영화동,41111,202203,
1977.0,,22.06.15,O,"43,000",4,3,2022,중개거래,경기 수원장안구,단독,4**,197.4,41111,,156.15,영화동,41111,202203,
1993.0,,22.08.23,O,"60,000",28,3,2022,중개거래,경기 수원장안구,단독,1**,167.0,41111,,239.78,율전동,41111,202203,
1997.0,,22.08.23,O,"79,000",28,3,2022,중개거래,경기 수원장안구,단독,1**,204.0,41111,,327.36,율전동,41111,202203,
1994.0,,,,"50,000",15,3,2022,직거래,,단독,1**,185.0,41111,,230.8,율전동,41111,202203,
1990.0,,,,"52,500",19,3,2022,중개거래,경기 수원시 장안구,다가구,1**,223.0,41111,,227.22,율전동,41111,202203,
1993.0,,,,"59,000",1,3,2022,중개거래,경기 수원장안구,다가구,2**,159.0,41111,,227.19,율전동,41111,202203,
2016.0,,,,"88,000",2,3,2022,중개거래,경기 수원팔달구,다가구,7**,157.7,41111,,253.7,조원동,41111,202203,
2002.0,,,,"101,000",2,3,2022,중개거래,경기 수원장안구,다가구,5**,203.8,41111,,312.01,천천동,41111,202203,
1988.0,,,,"57,000",15,3,2022,중개거래,경기 수원장안구,다가구,5**,121.7,41111,,202.64,파장동,41111,202203,
1988.0,,,,"45,000",15,3,2022,중개거래,경기 수원장안구,다가구,5**,147.8,41111,,219.6,파장동,41111,202203,
1994.0,,,,"174,500",31,3,2022,중개거래,경기 수원팔달구,단독,5**,333.0,41111,,795.02,파장동,41111,202203,
1994.0,,,,"68,000",31,3,2022,중개거래,경기 수원팔달구,다가구,5**,214.0,41111,,295.74,파장동,41111,202203,
1979.0,,,,"43,500",5,3,2022,중개거래,경기 수원권선구,단독,4**,164.0,41113,,88.89,고색동,41113,202203,
2006.0,,,,"63,500",18,3,2022,중개거래,경기 수원권선구,다가구,6**,173.6,41113,,401.05,곡반정동,41113,202203,
2008.0,,,,"210,000",16,3,2022,중개거래,경기 수원권선구 경기 안양만안구,다가구,5**,251.2,41113,,962.04,곡반정동,41113,202203,
2002.0,,,,"82,250",22,3,2022,중개거래,경기 수원권선구,단독,9**,240.6,41113,,502.5,구운동,41113,202203,
1991.0,,,,"138,700",18,3,2022,중개거래,경기 수원권선구,단독,5**,224.9,41113,,396.9,구운동,41113,202203,
1990.0,,,,"94,000",10,3,2022,중개거래,경기 수원권선구 경기 수원팔달구,다가구,9**,259.7,41113,,487.32,권선동,41113,202203,
1990.0,,,,"47,000",26,3,2022,중개거래,경기 수원권선구,단독,1***,145.5,41113,,247.68,세류동,41113,202203,
1980.0,,,,"50,000",12,3,2022,중개거래,경기 수원권선구,단독,2**,150.5,41113,,96.6,세류동,41113,202203,
1992.0,,,,"50,000",12,3,2022,중개거래,경기 수원권선구,단독,2**,150.5,41113,,164.72,세류동,41113,202203,
1993.0,,,,"48,400",10,3,2022,직거래,,다가구,9**,133.0,41113,,223.2,세류동,41113,202203,
1988.0,,,,"30,000",2,3,2022,중개거래,경기 수원권선구,다가구,1***,141.3,41113,,190.26,세류동,41113,202203,
1973.0,,,,"522,300",18,3,2022,중개거래,경기,단독,1**,1017.0,41113,,75.01,세류동,41113,202203,
,,22.03.21,O,"595,000",18,3,2022,중개거래,경기,단독,1**,1157.0,41113,,75.01,세류동,41113,202203,
1988.0,,,,"29,900",15,3,2022,중개거래,경기 수원권선구 경기 수원장안구,단독,3**,108.0,41113,,53.1,탑동,41113,202203,
1988.0,,,,"37,000",15,3,2022,중개거래,경기 수원권선구 경기 수원장안구,단독,3**,125.0,41113,,61.1,탑동,41113,202203,
1993.0,,,,"35,000",22,3,2022,직거래,,단독,1*,161.0,41113,,228.19,탑동,41113,202203,
1996.0,,,,"53,000",14,3,2022,중개거래,경기 수원장안구 경기 수원팔달구,다가구,4*,144.2,41115,,250.665,고등동,41115,202203,
1997.0,,,,"35,200",16,3,2022,중개거래,경기 수원팔달구,단독,2**,73.0,41115,,127.44,고등동,41115,202203,
1982.0,,,,"30,000",3,3,2022,중개거래,경기 수원팔달구,단독,8*,129.8,41115,,131.83,고등동,41115,202203,
1976.0,,,,"52,500",8,3,2022,중개거래,경기 수원권선구 경기 수원팔달구,단독,1*,158.0,41115,,79.44,고등동,41115,202203,
1976.0,,,,"49,400",8,3,2022,중개거래,경기 수원권선구 경기 수원팔달구,단독,1*,163.3,41115,,79.73,고등동,41115,202203,
1979.0,,,,"46,000",7,3,2022,중개거래,경기 수원팔달구,단독,1*,96.0,41115,,94.99,남수동,41115,202203,
1985.0,,,,"50,000",7,3,2022,직거래,,단독,9*,154.0,41115,,294.82,남창동,41115,202203,
1990.0,,,,"135,000",30,3,2022,중개거래,경기 수원팔달구,다가구,1**,149.0,41115,,648.22,매교동,41115,202203,
1965.0,,,,"26,500",19,3,2022,중개거래,경기 수원팔달구,단독,8*,99.0,41115,,35.87,매산로2가,41115,202203,
1999.0,,,,"593,150",18,3,2022,직거래,,단독,7*,676.0,41115,,159.5,매산로2가,41115,202203,
1999.0,,,,"507,790",18,3,2022,직거래,,단독,7*,579.0,41115,,260.44,매산로2가,41115,202203,
1986.0,,,,"35,000",19,3,2022,중개거래,경기 수원팔달구,다가구,5**,118.9,41115,,114.4,우만동,41115,202203,
1987.0,,,,"30,000",10,3,2022,중개거래,경기 수원팔달구,다가구,4**,145.2,41115,,111.51,우만동,41115,202203,
1997.0,,,,"36,100",3,3,2022,중개거래,경기 수원팔달구,단독,2**,104.0,41115,,125.46,인계동,41115,202203,
1988.0,,,,"51,500",17,3,2022,중개거래,경기 수원권선구 경기 수원팔달구,다가구,9**,138.9,41115,,140.21,인계동,41115,202203,
1991.0,,,,"49,000",17,3,2022,중개거래,경기 수원권선구 경기 수원팔달구,다가구,9**,133.3,41115,,199.08,인계동,41115,202203,
1988.0,,,,"80,000",23,3,2022,중개거래,경기 수원팔달구,단독,1***,169.8,41115,,179.49,인계동,41115,202203,
1997.0,,22.05.10,O,"36,338",3,3,2022,중개거래,경기 수원시 팔달구,단독,2**,104.0,41115,,125.46,인계동,41115,202203,
1988.0,,,,"405,000",2,3,2022,중개거래,경기 수원팔달구,단독,9**,652.6,41115,,1865.13,인계동,41115,202203,
1995.0,,,,"90,000",12,3,2022,중개거래,경기 수원권선구,다가구,9*,175.0,41115,,258.78,장안동,41115,202203,
1968.0,,,,"45,000",5,3,2022,중개거래,경기 수원팔달구,단독,1**,83.0,41115,,83.31,장안동,41115,202203,
1976.0,,,,"120,000",16,3,2022,중개거래,경기 수원팔달구,단독,3**,198.0,41115,,160.26,장안동,41115,202203,
1970.0,,,,"35,000",20,3,2022,중개거래,경기 수원팔달구,단독,2**,132.0,41115,,61.95,지동,41115,202203,
1979.0,,,,"29,800",1,3,2022,중개거래,경기 수원팔달구,단독,2**,137.0,41115,,115.41,지동,41115,202203,
1995.0,,,,"39,700",22,3,2022,중개거래,경기 수원팔달구,다가구,1**,143.0,41115,,190.92,화서동,41115,202203,
1985.0,,,,"33,750",21,3,2022,중개거래,경기 수원팔달구,단독,1**,112.4,41115,,66.25,화서동,41115,202203,
1995.0,,22.06.20,O,"40,000",22,3,2022,중개거래,경기 수원팔달구,다가구,1**,149.0,41115,,190.92,화서동,41115,202203,
1999.0,,,,"450,000",4,3,2022,중개거래,경기 수원팔달구,단독,1**,460.5,41115,,1482.6,화서동,41115,202203,
2019.0,,,,"160,000",30,3,2022,중개거래,경기 수원영통구,다가구,1**,229.6,41117,,432.16,매탄동,41117,202203,
1990.0,,,,"67,000",31,3,2022,중개거래,경기 수원영통구,단독,2**,217.0,41117,,276.9,매탄동,41117,202203,
2002.0,,,,"89,000",21,3,2022,중개거래,경기 수원영통구,다가구,1***,278.6,41117,,503.5,매탄동,41117,202203,
1993.0,,,,"175,000",2,3,2022,중개거래,경기 수원영통구 경기 수원팔달구,다가구,8**,502.7,41117,,421.11,매탄동,41117,202203,
1999.0,,,,"86,000",21,3,2022,중개거래,경기 수원영통구,다가구,1***,189.8,41117,,324.84,영통동,41117,202203,
1985.0,,,,"57,400",20,4,2022,중개거래,경기 수원장안구,단독,2**,139.0,41111,,165.03,영화동,41111,202204,
1974.0,,,,"23,800",12,4,2022,중개거래,경기 수원장안구 경기 수원팔달구,단독,3*,86.0,41111,,33.72,영화동,41111,202204,
1997.0,,,,"49,000",19,4,2022,중개거래,경기 수원장안구,단독,4**,126.4,41111,,222.75,영화동,41111,202204,
1979.0,,,,"105,000",4,4,2022,중개거래,경기 수원장안구 경기 수원팔달구,단독,4**,303.8,41111,,201.28,영화동,41111,202204,
1983.0,,,,"44,800",5,4,2022,중개거래,경기 수원장안구,단독,4**,150.3,41111,,144.48,영화동,41111,202204,
1988.0,,,,"91,000",27,4,2022,중개거래,경기 수원장안구,단독,4**,199.0,41111,,245.36,율전동,41111,202204,
1982.0,,,,"59,000",9,4,2022,중개거래,경기 수원장안구,단독,4**,158.0,41111,,163.4,율전동,41111,202204,
1993.0,,,,"61,000",4,4,2022,중개거래,경기 수원장안구,다가구,3*,206.1,41111,,355.26,정자동,41111,202204,
1983.0,,,,"63,500",2,4,2022,중개거래,경기 수원장안구,단독,4*,149.3,41111,,166.07,정자동,41111,202204,
1989.0,,22.06.27,O,"70,000",27,4,2022,중개거래,경기 수원장안구,단독,7**,175.2,41111,,414.12,조원동,41111,202204,
1988.0,,,,"39,000",26,4,2022,중개거래,경기 수원장안구,단독,7**,123.0,41111,,147.41,조원동,41111,202204,
1996.0,,,,"22,000",19,4,2022,중개거래,경기 수원장안구,단독,6**,66.0,41111,,49.4,조원동,41111,202204,
2016.0,,,,"123,000",12,4,2022,중개거래,경기 수원장안구,다가구,4**,362.0,41111,,474.6,조원동,41111,202204,
1981.0,,,,"82,500",5,4,2022,중개거래,경기 수원장안구,다가구,5**,248.0,41111,,250.17,조원동,41111,202204,
2002.0,,,,"88,000",2,4,2022,중개거래,경기 수원장안구,다가구,8**,237.7,41111,,501.36,조원동,41111,202204,
1984.0,,,,"63,000",1,4,2022,중개거래,경기 수원장안구,단독,7**,206.9,41111,,162.48,조원동,41111,202204,
1991.0,,,,"60,200",30,4,2022,중개거래,경기 수원장안구,단독,2**,144.0,41111,,199.23,천천동,41111,202204,
2022.0,,,,"132,000",29,4,2022,중개거래,경기 수원장안구,다가구,5**,186.5,41111,,390.41,파장동,41111,202204,
1983.0,,,,"29,500",6,4,2022,중개거래,경기 수원권선구,단독,4*,106.0,41113,,117.78,고색동,41113,202204,
2008.0,,,,"139,500",29,4,2022,중개거래,경기 수원영통구,단독,5**,207.4,41113,,823.6,곡반정동,41113,202204,
2010.0,,,,"100,000",25,4,2022,중개거래,경기 수원권선구 경기 수원장안구,단독,9**,218.1,41113,,402.61,구운동,41113,202204,
2003.0,,,,"69,000",29,4,2022,중개거래,경기 수원권선구,단독,9**,237.5,41113,,502.9,구운동,41113,202204,
1989.0,,,,"17,000",28,4,2022,직거래,,단독,5**,134.9,41113,,162.18,구운동,41113,202204,
1991.0,,,,"52,500",20,4,2022,중개거래,경기 수원권선구,다가구,5**,202.7,41113,,289.37,구운동,41113,202204,
2014.0,,,,"28,000",7,4,2022,중개거래,경기 수원권선구,단독,5**,97.2,41113,,164.88,구운동,41113,202204,
1988.0,,,,"198,700",13,4,2022,중개거래,경기 수원권선구,단독,1***,392.2,41113,,779.58,권선동,41113,202204,
1996.0,,,,"70,000",18,4,2022,중개거래,경기 수원권선구,다가구,9*,191.0,41113,,326.04,서둔동,41113,202204,
2011.0,,,,"66,000",6,4,2022,중개거래,경기 수원권선구,다가구,2*,158.0,41113,,247.85,서둔동,41113,202204,
1991.0,,,,"50,000",28,4,2022,중개거래,경기 수원권선구,단독,4**,179.4,41113,,255.1,세류동,41113,202204,
1979.0,,22.06.19,O,"53,000",28,4,2022,중개거래,경기 수원권선구,단독,1**,164.0,41113,,82.02,세류동,41113,202204,
1979.0,,22.06.21,O,"45,000",28,4,2022,중개거래,경기 수원권선구,단독,1**,166.0,41113,,126.9,세류동,41113,202204,
1974.0,,,,"27,200",25,4,2022,중개거래,경기 수원권선구,단독,6**,112.0,41113,,44.36,세류동,41113,202204,
2019.0,,,,"180,000",15,4,2022,중개거래,경기 수원권선구,다가구,4**,192.1,41113,,467.42,세류동,41113,202204,
1994.0,,,,"35,000",23,4,2022,중개거래,경기 수원권선구,단독,1***,116.0,41113,,69.08,세류동,41113,202204,
1989.0,,,,"30,000",16,4,2022,중개거래,경기 수원팔달구,다가구,2**,144.0,41113,,211.01,세류동,41113,202204,
1978.0,,,,"52,500",12,4,2022,중개거래,경기 수원권선구,단독,4**,151.0,41113,,83.43,세류동,41113,202204,
1982.0,,,,"85,000",12,4,2022,중개거래,경기 수원권선구,단독,4**,182.0,41113,,164.8,세류동,41113,202204,
1981.0,,,,"38,000",14,4,2022,직거래,,다가구,1***,155.0,41113,,150.84,세류동,41113,202204,
1984.0,,,,"31,700",12,4,2022,중개거래,경기 수원권선구,단독,4**,156.7,41113,,189.3,세류동,41113,202204,
1994.0,,,,"70,000",20,4,2022,중개거래,경기 수원권선구,단독,9*,167.0,41113,,245.39,세류동,41113,202204,
1988.0,,,,"32,500",1,4,2022,중개거래,경기 수원권선구,단독,4**,156.0,41113,,153.54,세류동,41113,202204,
1955.0,,,,"80,000",9,4,2022,중개거래,경기 수원팔달구,단독,2**,307.0,41113,,39.34,세류동,41113,202204,
1944.0,,,,"60,000",9,4,2022,중개거래,경기 수원팔달구,단독,2**,165.0,41113,,54.21,세류동,41113,202204,
1947.0,,,,"25,000",9,4,2022,중개거래,경기 수원팔달구,단독,2**,66.0,41113,,31.97,세류동,41113,202204,
1981.0,,,,"97,000",9,4,2022,중개거래,경기 수원팔달구,다가구,2**,202.0,41113,,160.53,세류동,41113,202204,
1985.0,,,,"191,100",1,4,2022,중개거래,경기 수원시 권선구,단독,1***,452.0,41113,,239.22,세류동,41113,202204,
2003.0,,,,"62,300",28,4,2022,중개거래,경기 수원권선구,단독,8**,235.2,41113,,280.44,탑동,41113,202204,
2016.0,,,,"171,000",30,4,2022,중개거래,경기 수원권선구,다가구,1***,250.7,41113,,494.56,호매실동,41113,202204,
2015.0,,,,"149,000",21,4,2022,직거래,,단독,1***,249.3,41113,,448.78,호매실동,41113,202204,
1994.0,,22.08.29,O,"65,000",20,4,2022,중개거래,경기 수원팔달구,다가구,5*,222.0,41115,,338.58,남창동,41115,202204,
1975.0,,,,"39,000",19,4,2022,중개거래,경기 수원팔달구,단독,9*,188.0,41115,,149.85,남창동,41115,202204,
1969.0,,,,"4,500",9,4,2022,중개거래,경기 수원팔달구,단독,8*,33.0,41115,,49.59,매산로2가,41115,202204,
1975.0,,,,"35,800",19,4,2022,중개거래,경기 수원팔달구,단독,1*,210.0,41115,,136.5,매향동,41115,202204,
1968.0,,,,"122,000",18,4,2022,중개거래,서울 강남구,단독,2**,255.0,41115,,125.95,신풍동,41115,202204,
1992.0,,,,"93,000",26,4,2022,중개거래,경기 수원팔달구,다가구,4**,152.4,41115,,395.37,우만동,41115,202204,
1988.0,,,,"48,500",21,4,2022,중개거래,경기 수원팔달구,단독,4**,157.7,41115,,223.19,우만동,41115,202204,
1995.0,,,,"39,600",29,4,2022,중개거래,경기 수원팔달구,다가구,7**,159.0,41115,,176.03,인계동,41115,202204,
1976.0,,,,"11,000",30,4,2022,직거래,,단독,2**,127.0,41115,,47.35,인계동,41115,202204,
1969.0,,,,"80,000",21,4,2022,중개거래,서울 강남구,단독,2*,142.0,41115,,49.59,장안동,41115,202204,
1989.0,,,,"39,000",28,4,2022,중개거래,경기 수원장안구 경기 수원팔달구,단독,1**,125.0,41115,,165.96,지동,41115,202204,
1976.0,,,,"43,000",13,4,2022,중개거래,경기 수원팔달구,다가구,1**,175.0,41115,,131.57,지동,41115,202204,
1960.0,,,,"15,500",12,4,2022,중개거래,경기 수원팔달구,단독,3**,145.0,41115,,48.89,지동,41115,202204,
2010.0,,,,"126,000",8,4,2022,직거래,,단독,5**,263.0,41117,,716.8,매탄동,41117,202204,
1988.0,,,,"51,500",15,4,2022,중개거래,경기 수원영통구,단독,1**,173.5,41117,,256.17,매탄동,41117,202204,
1996.0,,,,"91,000",2,4,2022,중개거래,경기 수원영통구,다가구,1**,231.0,41117,,362.52,매탄동,41117,202204,
1989.0,,,,"58,500",12,4,2022,중개거래,경기 수원영통구,단독,2**,196.1,41117,,278.52,매탄동,41117,202204,
1991.0,,,,"59,000",6,4,2022,중개거래,경기 수원영통구,단독,1***,180.6,41117,,237.06,매탄동,41117,202204,
2001.0,,,,"105,000",21,4,2022,중개거래,경기 수원영통구,단독,9**,255.4,41117,,499.65,영통동,41117,202204,
2002.0,,,,"167,000",14,4,2022,중개거래,경기 수원영통구,다가구,1***,211.7,41117,,380.24,영통동,41117,202204,
2008.0,,,,"145,000",27,4,2022,중개거래,경기 수원영통구,다가구,2*,209.0,41117,,359.8,원천동,41117,202204,
1989.0,,,,"37,800",20,5,2022,중개거래,경기 수원장안구,단독,4**,107.4,41111,,182.61,송죽동,41111,202205,
1995.0,,,,"32,000",14,5,2022,중개거래,경기 수원장안구,다가구,2**,109.0,41111,,189.15,송죽동,41111,202205,
1981.0,,,,"55,000",14,5,2022,중개거래,경기 수원장안구,단독,2**,190.0,41111,,114.54,연무동,41111,202205,
1984.0,,,,"130,000",2,5,2022,중개거래,경기 수원시 장안구,단독,2**,186.4,41111,,218.7,연무동,41111,202205,
1964.0,,,,"23,400",3,5,2022,중개거래,경기 수원장안구,단독,6*,86.0,41111,,24.56,연무동,41111,202205,
1984.0,,,,"44,000",16,5,2022,중개거래,경기 수원장안구,단독,2**,118.5,41111,,116.01,연무동,41111,202205,
1964.0,,,,"22,000",10,5,2022,중개거래,경기 수원장안구,단독,1**,40.0,41111,,34.51,연무동,41111,202205,
1982.0,,,,"41,700",10,5,2022,중개거래,경기 수원장안구,단독,4**,172.4,41111,,146.78,영화동,41111,202205,
1982.0,,,,"43,100",10,5,2022,중개거래,경기 수원장안구,단독,4**,178.2,41111,,140.8,영화동,41111,202205,
1987.0,,,,"49,000",14,5,2022,중개거래,경기 수원장안구,단독,1**,158.0,41111,,178.29,영화동,41111,202205,
1996.0,,,,"112,000",7,5,2022,중개거래,경기 수원장안구,다가구,9*,270.0,41111,,636.75,영화동,41111,202205,
2008.0,,,,"29,000",10,5,2022,중개거래,경기 수원팔달구,단독,3*,92.0,41111,,80.48,영화동,41111,202205,
1994.0,,,,"27,500",1,5,2022,중개거래,경기 수원장안구,단독,1**,102.0,41111,,83.98,영화동,41111,202205,
1982.0,,,,"60,000",30,5,2022,직거래,,단독,4**,158.0,41111,,163.4,율전동,41111,202205,
2018.0,,,,"180,000",19,5,2022,중개거래,경기 수원장안구,다가구,4**,189.0,41111,,368.54,율전동,41111,202205,
1972.0,,,,"23,600",9,5,2022,직거래,,단독,8**,142.0,41111,,48.26,이목동,41111,202205,
1985.0,,,,"50,500",19,5,2022,직거래,,단독,4**,284.0,41111,,94.9,정자동,41111,202205,
1988.0,,,,"46,500",24,5,2022,중개거래,경기 수원장안구,단독,4**,199.0,41111,,298.96,조원동,41111,202205,
2002.0,,,,"84,000",31,5,2022,중개거래,경기 수원장안구,다가구,8**,234.1,41111,,502.68,조원동,41111,202205,
1985.0,,,,"50,000",4,5,2022,중개거래,경기 수원장안구,단독,7**,197.1,41111,,232.92,조원동,41111,202205,
1997.0,,,,"21,500",18,5,2022,중개거래,경기 수원장안구,단독,6**,59.0,41111,,78.29,조원동,41111,202205,
2002.0,,,,"84,000",19,5,2022,중개거래,경기 수원장안구,단독,8**,217.0,41111,,486.84,조원동,41111,202205,
1990.0,,,,"74,250",11,5,2022,중개거래,경기 수원장안구,단독,2**,182.0,41111,,243.51,천천동,41111,202205,
1989.0,,,,"43,000",30,5,2022,중개거래,경기 수원장안구 서울 성동구,단독,5**,153.5,41111,,253.05,파장동,41111,202205,
1999.0,,,,"46,800",16,5,2022,중개거래,경기 수원권선구,단독,8*,159.0,41113,,199.71,고색동,41113,202205,
2007.0,,,,"107,500",25,5,2022,중개거래,경기 수원권선구,다가구,5**,228.7,41113,,566.41,곡반정동,41113,202205,
1990.0,,,,"124,500",3,5,2022,중개거래,경기 수원영통구,다가구,4**,272.6,41113,,537.46,구운동,41113,202205,
2007.0,,,,"133,000",8,5,2022,중개거래,경기 군포시 경기 수원권선구,다가구,9**,249.9,41113,,520.06,권선동,41113,202205,
1980.0,,,,"25,000",25,5,2022,중개거래,경기 수원권선구,단독,3*,100.0,41113,,121.6,서둔동,41113,202205,
1990.0,,,,"68,200",11,5,2022,중개거래,경기 수원권선구,단독,5**,203.4,41113,,272.78,세류동,41113,202205,
2002.0,,,,"52,900",18,5,2022,중개거래,경기 성남중원구 경기 수원권선구,다가구,6**,174.0,41113,,296.2,세류동,41113,202205,
1989.0,,,,"66,000",14,5,2022,중개거래,경기 수원권선구,단독,1***,184.0,41113,,269.88,세류동,41113,202205,
1989.0,,,,"57,000",14,5,2022,중개거래,경기 수원권선구,단독,1***,157.0,41113,,240.48,세류동,41113,202205,
1984.0,,,,"52,000",17,5,2022,중개거래,경기 수원권선구,단독,4**,151.1,41113,,187.74,세류동,41113,202205,
1980.0,,,,"34,900",9,5,2022,직거래,,단독,5**,105.0,41113,,146.05,세류동,41113,202205,
1998.0,,,,"70,000",24,5,2022,중개거래,경기 수원권선구,다가구,5**,206.0,41113,,328.72,세류동,41113,202205,
1990.0,,22.07.11,O,"69,000",11,5,2022,중개거래,경기 수원권선구,다가구,5**,218.9,41113,,272.78,세류동,41113,202205,
1971.0,,,,"20,000",1,5,2022,중개거래,경기 수원권선구,단독,1***,116.0,41113,,49.59,세류동,41113,202205,
1976.0,,,,"24,900",3,5,2022,직거래,,단독,1**,67.0,41113,,101.2,세류동,41113,202205,
1995.0,,,,"40,500",4,5,2022,중개거래,경기 수원권선구,단독,3**,132.0,41113,,148.62,탑동,41113,202205,
1989.0,,,,"48,000",4,5,2022,중개거래,경기 수원권선구,단독,3**,132.0,41113,,165.99,탑동,41113,202205,
2015.0,,,,"125,000",16,5,2022,직거래,,단독,2**,379.0,41113,,328.65,평리동,41113,202205,
1973.0,,,,"40,000",26,5,2022,중개거래,경기 수원팔달구,다가구,1**,129.0,41115,,141.32,남창동,41115,202205,
1995.0,,,,"87,500",17,5,2022,중개거래,경기 수원팔달구,다가구,6*,217.0,41115,,391.58,남창동,41115,202205,
1975.0,,,,"18,300",11,5,2022,중개거래,경기 수원시 팔달구,단독,1**,40.0,41115,,20.63,남창동,41115,202205,
1969.0,,,,"44,900",17,5,2022,중개거래,경기 수원권선구,단독,9*,149.0,41115,,51.9,매산로3가,41115,202205,
1969.0,,,,"21,500",10,5,2022,중개거래,경기 수원장안구,단독,7*,122.0,41115,,45.62,매산로3가,41115,202205,
1997.0,,,,"71,680",28,5,2022,중개거래,경기 수원팔달구,다가구,1**,158.0,41115,,276.45,신풍동,41115,202205,
1989.0,,,,"69,000",13,5,2022,중개거래,경기 수원팔달구,단독,4**,165.9,41115,,267.75,우만동,41115,202205,
1994.0,,,,"50,000",12,5,2022,중개거래,경기 수원권선구 경기 수원팔달구,다가구,8**,132.0,41115,,152.19,인계동,41115,202205,
1970.0,,,,"37,000",9,5,2022,중개거래,경기 수원팔달구,단독,7**,119.0,41115,,48.93,인계동,41115,202205,
1988.0,,,,"75,000",4,5,2022,직거래,,단독,9**,180.1,41115,,233.09,인계동,41115,202205,
1996.0,,,,"110,000",17,5,2022,중개거래,경기 수원권선구,단독,2*,108.0,41115,,134.06,장안동,41115,202205,
1979.0,,,,"180,000",1,5,2022,중개거래,경기 수원팔달구,단독,5*,226.0,41115,,139.14,장안동,41115,202205,
1999.0,,,,"37,000",14,5,2022,중개거래,경기 수원권선구,단독,2**,182.0,41115,,71.4,지동,41115,202205,
1974.0,,,,"19,000",6,5,2022,중개거래,경기 수원장안구,단독,2**,150.0,41115,,59.93,지동,41115,202205,
1978.0,,,,"21,700",26,5,2022,중개거래,경기 수원팔달구,단독,2**,141.0,41115,,130.96,지동,41115,202205,
1985.0,,,,"58,000",19,5,2022,직거래,,단독,1**,116.0,41115,,155.13,지동,41115,202205,
1991.0,,,,"70,000",3,5,2022,중개거래,경기 수원팔달구,단독,1**,233.0,41115,,491.8,지동,41115,202205,
1997.0,,,,"30,000",19,5,2022,중개거래,경기 수원팔달구,다가구,2**,195.0,41115,,193.41,지동,41115,202205,
1999.0,,,,"11,000",2,5,2022,중개거래,경기 수원팔달구,단독,3**,155.0,41115,,49.59,지동,41115,202205,
1989.0,,,,"80,000",20,5,2022,중개거래,경기 수원장안구 경기 수원팔달구,다가구,3**,206.0,41115,,183.15,화서동,41115,202205,
1992.0,,22.08.25,O,"356,400",31,5,2022,중개거래,경기 수원장안구 경기 수원팔달구,단독,*,871.0,41115,,283.77,화서동,41115,202205,
1981.0,,,,"42,000",24,5,2022,중개거래,경기 수원팔달구,다가구,2**,134.0,41115,,164.16,화서동,41115,202205,
1988.0,,,,"82,000",13,5,2022,중개거래,경기 수원팔달구,다가구,1**,174.9,41115,,254.7,화서동,41115,202205,
1978.0,,,,"34,500",3,5,2022,중개거래,경기 수원팔달구,다가구,8*,211.0,41115,,149.76,화서동,41115,202205,
1983.0,,,,"37,000",16,5,2022,중개거래,경기 수원팔달구,다가구,1**,188.4,41115,,145.55,화서동,41115,202205,
1995.0,,,,"69,000",1,5,2022,중개거래,경기 수원팔달구,다가구,8*,208.0,41115,,349.68,화서동,41115,202205,
1989.0,,,,"75,200",18,5,2022,중개거래,경기 수원영통구,다가구,1**,194.7,41117,,550.86,매탄동,41117,202205,
2002.0,,,,"112,000",24,5,2022,중개거래,경기 수원영통구,다가구,1***,250.2,41117,,442.8,매탄동,41117,202205,
1993.0,,,,"61,000",13,5,2022,중개거래,경기 수원시 영통구,다가구,1**,201.6,41117,,260.07,매탄동,41117,202205,
2008.0,,,,"207,000",11,5,2022,중개거래,경기 수원영통구,다가구,4**,338.0,41117,,991.4,매탄동,41117,202205,
2003.0,,,,"108,500",4,5,2022,중개거래,경기 수원권선구,단독,5**,285.0,41117,,608.64,매탄동,41117,202205,
1990.0,,,,"64,000",14,5,2022,중개거래,경기 수원영통구,단독,1**,211.9,41117,,263.98,매탄동,41117,202205,
2001.0,,,,"78,000",13,5,2022,직거래,,다가구,9**,255.6,41117,,503.61,영통동,41117,202205,
2006.0,,,,"152,500",26,5,2022,중개거래,경기 수원권선구 경기 수원영통구,다가구,3**,389.0,41117,,650.4,원천동,41117,202205,
2002.0,,,,"180,000",12,5,2022,중개거래,경기 수원영통구,다가구,6*,271.0,41117,,503.84,원천동,41117,202205,
2017.0,,,,"253,000",19,5,2022,중개거래,경기 수원영통구 경기 용인처인구,다가구,9**,251.2,41117,,447.29,하동,41117,202205,
2002.0,,,,"22,500",22,6,2022,중개거래,경기 수원장안구,단독,2**,94.8,41111,,96.25,연무동,41111,202206,
1988.0,,,,"35,500",2,6,2022,중개거래,경기 수원장안구,단독,2**,100.9,41111,,166.52,연무동,41111,202206,
1985.0,,22.10.17,O,"60,000",23,6,2022,중개거래,경기 수원장안구,단독,2**,139.0,41111,,165.03,영화동,41111,202206,
1996.0,,,,"29,500",22,6,2022,중개거래,경기 수원장안구,다가구,3*,146.0,41111,,130.08,영화동,41111,202206,
2010.0,,,,"88,000",17,6,2022,중개거래,경기 수원장안구,다가구,4*,192.0,41111,,357.67,영화동,41111,202206,
2016.0,,,,"58,000",11,6,2022,중개거래,경기 수원장안구,단독,1**,136.0,41111,,213.11,영화동,41111,202206,
2012.0,,,,"76,000",7,6,2022,중개거래,경기 수원장안구 경기 안양만안구,단독,3**,163.3,41111,,279.2,영화동,41111,202206,
1997.0,,,,"85,000",1,6,2022,중개거래,경기 수원장안구,다가구,4**,160.1,41111,,373.3,영화동,41111,202206,
2022.0,,,,"146,000",6,6,2022,중개거래,경기 수원장안구,다가구,3**,151.9,41111,,280.85,영화동,41111,202206,
2011.0,,,,"91,500",8,6,2022,중개거래,경기 수원장안구,다가구,4**,160.9,41111,,320.35,영화동,41111,202206,
1990.0,,,,"35,000",8,6,2022,직거래,,단독,4**,164.5,41111,,259.52,영화동,41111,202206,
1984.0,,,,"68,000",14,6,2022,중개거래,경기 수원장안구,다가구,3**,124.0,41111,,141.58,율전동,41111,202206,
1982.0,,,,"67,000",15,6,2022,중개거래,경기 수원시 장안구,단독,4**,148.0,41111,,151.31,율전동,41111,202206,
1989.0,,,,"70,000",27,6,2022,중개거래,경기 수원장안구,단독,7**,175.2,41111,,414.12,조원동,41111,202206,
1985.0,,,,"55,000",13,6,2022,중개거래,경기 수원장안구,다가구,7**,135.2,41111,,176.44,조원동,41111,202206,
1984.0,,,,"64,800",12,6,2022,중개거래,경기 군포시 경기 수원장안구,단독,7**,153.8,41111,,168.98,조원동,41111,202206,
1981.0,,,,"39,000",3,6,2022,중개거래,경기 수원장안구,단독,3**,111.0,41111,,68.4,파장동,41111,202206,
2005.0,,,,"120,000",15,6,2022,직거래,,단독,1**,833.0,41111,,198.82,하광교동,41111,202206,
2005.0,,,,"85,000",23,6,2022,중개거래,경기 수원권선구,다가구,5**,214.1,41113,,491.71,곡반정동,41113,202206,
2005.0,,,,"110,000",15,6,2022,중개거래,경기 수원권선구,다가구,5**,236.2,41113,,490.82,곡반정동,41113,202206,
1990.0,,22.10.04,O,"29,000",9,6,2022,중개거래,경기 수원권선구,다가구,5**,131.4,41113,,124.78,구운동,41113,202206,
1989.0,,,,"49,000",9,6,2022,중개거래,경기 수원시 권선구,다가구,5**,174.4,41113,,248.44,구운동,41113,202206,
2002.0,,,,"160,000",10,6,2022,직거래,,단독,9**,259.3,41113,,568.89,구운동,41113,202206,
1986.0,,,,"73,000",28,6,2022,중개거래,경기 수원권선구,다가구,9**,202.8,41113,,225.37,권선동,41113,202206,
1994.0,,22.08.26,O,"78,700",6,6,2022,중개거래,경기 수원권선구,다가구,9**,171.9,41113,,169.3,권선동,41113,202206,
1988.0,,22.08.26,O,"56,700",6,6,2022,중개거래,경기 수원권선구,다가구,9**,148.2,41113,,157.47,권선동,41113,202206,
1990.0,,,,"47,000",9,6,2022,중개거래,경기 수원팔달구,단독,1***,168.3,41113,,272.76,권선동,41113,202206,
2002.0,,,,"240,000",16,6,2022,중개거래,경기 수원권선구,단독,1***,269.6,41113,,497.31,권선동,41113,202206,
2014.0,,,,"147,000",8,6,2022,중개거래,경기 수원시권선구,단독,1***,276.0,41113,,172.62,금곡동,41113,202206,
2019.0,,23.01.16,O,"133,000",21,6,2022,중개거래,경기 수원권선구,다가구,2**,202.0,41113,,396.35,서둔동,41113,202206,
1995.0,,,,"124,000",16,6,2022,중개거래,경기 수원시 권선구,다가구,1**,441.0,41113,,650.48,서둔동,41113,202206,
1985.0,,,,"44,000",25,6,2022,중개거래,경기 수원권선구,다가구,1*,130.0,41113,,77.53,서둔동,41113,202206,
2004.0,,,,"56,000",29,6,2022,중개거래,경기 수원권선구,다가구,4**,200.6,41113,,390.22,세류동,41113,202206,
1988.0,,,,"51,000",22,6,2022,중개거래,경기 수원권선구,단독,1***,102.6,41113,,173.6,세류동,41113,202206,
1995.0,,,,"77,700",10,6,2022,중개거래,경기 수원권선구,다가구,2**,188.9,41113,,320.08,세류동,41113,202206,
1982.0,,,,"66,617",10,6,2022,중개거래,경기 수원권선구,다가구,2**,169.4,41113,,160.79,세류동,41113,202206,
1980.0,,,,"69,179",10,6,2022,중개거래,경기 수원권선구,단독,2**,169.4,41113,,98.54,세류동,41113,202206,
1989.0,,,,"76,500",17,6,2022,중개거래,경기 수원권선구,단독,1***,169.7,41113,,262.12,세류동,41113,202206,
1989.0,,,,"61,000",18,6,2022,중개거래,경기 수원권선구,단독,1***,169.9,41113,,262.12,세류동,41113,202206,
1979.0,,,,"45,000",16,6,2022,중개거래,경기 수원권선구,단독,1**,166.0,41113,,126.9,세류동,41113,202206,
1979.0,,,,"53,000",16,6,2022,중개거래,경기 수원권선구,단독,1**,164.0,41113,,82.02,세류동,41113,202206,
1991.0,,,,"95,000",13,6,2022,중개거래,경기 수원권선구,단독,1***,199.5,41113,,379.29,세류동,41113,202206,
1989.0,,,,"36,500",2,6,2022,중개거래,경기 화성시,단독,1***,112.4,41113,,126.54,세류동,41113,202206,
1993.0,,,,"30,500",7,6,2022,중개거래,경기 수원권선구,단독,1***,135.0,41113,,197.91,세류동,41113,202206,
1985.0,,,,"30,000",10,6,2022,직거래,,다가구,2**,153.2,41113,,152.58,세류동,41113,202206,
1984.0,,,,"15,000",2,6,2022,중개거래,경기 수원권선구,단독,1***,50.9,41113,,34.55,세류동,41113,202206,
1987.0,,,,"45,000",3,6,2022,중개거래,경기 수원권선구,단독,9**,126.0,41113,,161.04,세류동,41113,202206,
1939.0,,,,"82,000",14,6,2022,중개거래,경기 수원권선구,단독,1***,565.0,41113,,98.48,오목천동,41113,202206,
1986.0,,,,"30,500",22,6,2022,중개거래,경기 수원권선구,다가구,1*,149.0,41113,,160.17,탑동,41113,202206,
2004.0,,,,"84,000",17,6,2022,중개거래,경기 수원권선구,다가구,3**,161.0,41113,,480.5,탑동,41113,202206,
1994.0,,,,"40,000",13,6,2022,중개거래,경기 수원권선구,다가구,2**,182.0,41113,,166.88,탑동,41113,202206,
2002.0,,,,"30,000",1,6,2022,중개거래,경기 수원권선구,단독,8**,121.9,41113,,175.38,탑동,41113,202206,
2017.0,,,,"78,500",7,6,2022,중개거래,경기 수원권선구,다가구,3*,180.0,41113,,332.7,탑동,41113,202206,
1977.0,,,,"14,000",25,6,2022,중개거래,경기 수원권선구 경기 수원팔달구,단독,2*,99.0,41113,,44.17,평동,41113,202206,
2016.0,,,,"172,500",10,6,2022,중개거래,경기 수원권선구,다가구,1***,284.6,41113,,559.09,호매실동,41113,202206,
1943.0,,,,"20,000",4,6,2022,중개거래,경기 수원영통구,단독,3*,49.0,41115,,50.25,남수동,41115,202206,
1992.0,,,,"77,000",18,6,2022,중개거래,경기 수원팔달구,다가구,9*,146.0,41115,,357.47,매산로3가,41115,202206,
1988.0,,,,"61,000",29,6,2022,중개거래,경기 수원팔달구,단독,4**,165.3,41115,,245.82,우만동,41115,202206,
1990.0,,,,"53,000",13,6,2022,중개거래,경기 수원팔달구,다가구,4**,197.2,41115,,257.19,우만동,41115,202206,
1975.0,,,,"64,835",7,6,2022,중개거래,경기 수원권선구,단독,5**,163.6,41115,,71.41,우만동,41115,202206,
1975.0,,22.12.14,O,"74,500",7,6,2022,중개거래,경기 수원권선구,단독,5**,164.7,41115,,92.74,우만동,41115,202206,
1975.0,,22.12.14,O,"58,000",3,6,2022,중개거래,경기 수원권선구,단독,5**,147.7,41115,,71.41,우만동,41115,202206,
1975.0,,22.12.14,O,"66,000",2,6,2022,중개거래,경기 수원권선구,단독,5**,144.3,41115,,56.57,우만동,41115,202206,
1975.0,,22.12.14,O,"44,000",2,6,2022,중개거래,경기 수원권선구,단독,5**,145.6,41115,,86.25,우만동,41115,202206,
1988.0,,22.07.14,O,"109,000",8,6,2022,중개거래,경기 수원팔달구,단독,5**,136.9368,41115,,387.12,우만동,41115,202206,
1975.0,,,,"50,000",8,6,2022,중개거래,경기 수원권선구,단독,5**,160.0,41115,,71.41,우만동,41115,202206,
2002.0,,,,"250,000",7,6,2022,중개거래,경기 수원팔달구,다가구,5**,496.3,41115,,1093.71,우만동,41115,202206,
1970.0,,,,"38,000",24,6,2022,중개거래,경기 수원팔달구,단독,7**,106.0,41115,,48.93,인계동,41115,202206,
1988.0,,,,"97,000",9,6,2022,중개거래,경기 수원권선구,다가구,1***,182.2,41115,,300.32,인계동,41115,202206,
1970.0,,,,"41,000",15,6,2022,중개거래,경기 수원팔달구,단독,7**,172.0,41115,,43.31,인계동,41115,202206,
1996.0,,,,"20,000",30,6,2022,중개거래,경기 수원시 팔달구,단독,2**,76.0,41115,,65.8,지동,41115,202206,
1990.0,,,,"49,700",20,6,2022,중개거래,경기 수원시 팔달구,단독,1**,176.0,41115,,181.78,지동,41115,202206,
1976.0,,,,"14,000",24,6,2022,중개거래,경기 수원팔달구,단독,2**,38.87,41115,,38.87,지동,41115,202206,
1994.0,,22.10.17,O,"50,000",14,6,2022,중개거래,경기 수원권선구 경기 수원팔달구,다가구,8*,147.9,41115,,229.91,화서동,41115,202206,
1994.0,,22.10.17,O,"60,500",14,6,2022,중개거래,경기 수원권선구 경기 수원팔달구,다가구,8*,169.2,41115,,278.13,화서동,41115,202206,
1989.0,,,,"40,000",5,6,2022,중개거래,경기 수원팔달구,단독,2**,112.0,41115,,171.87,화서동,41115,202206,
1989.0,,,,"68,000",20,6,2022,중개거래,경기 수원권선구,다가구,1***,191.0,41117,,304.65,매탄동,41117,202206,
1992.0,,,,"62,500",28,6,2022,중개거래,경기 수원영통구,다가구,1***,185.9,41117,,302.94,매탄동,41117,202206,
1990.0,,,,"89,500",17,6,2022,중개거래,경기 수원영통구,다가구,1**,293.8,41117,,431.01,매탄동,41117,202206,
2017.0,,,,"141,720",17,6,2022,직거래,,다가구,4**,199.0,41117,,377.48,매탄동,41117,202206,
1990.0,,,,"78,430",3,6,2022,중개거래,경기 수원팔달구,다가구,1**,204.4,41117,,263.7,매탄동,41117,202206,
2015.0,,,,"292,000",27,6,2022,중개거래,경기 수원영통구,다가구,9**,362.9,41117,,724.59,신동,41117,202206,
1984.0,,,,"48,900",27,7,2022,중개거래,경기 수원장안구,단독,2**,219.7,41111,,203.38,연무동,41111,202207,
1983.0,,,,"50,000",7,7,2022,중개거래,경기 성남수정구 경기 수원장안구,단독,2**,128.9,41111,,114.19,연무동,41111,202207,
1978.0,,,,"53,500",11,7,2022,중개거래,경기 수원장안구,단독,3**,163.3,41111,,95.1,영화동,41111,202207,
1977.0,,,,"56,800",2,7,2022,중개거래,경기 수원장안구,단독,4**,223.3,41111,,149.48,영화동,41111,202207,
1995.0,,,,"141,000",28,7,2022,중개거래,경기 수원시 장안구,다가구,3**,491.0,41111,,333.93,율전동,41111,202207,
2003.0,,,,"170,000",4,7,2022,중개거래,경기 수원장안구,다가구,2**,245.0,41111,,521.92,율전동,41111,202207,
1980.0,,,,"45,000",6,7,2022,중개거래,경기 수원장안구,단독,7*,166.0,41111,,157.58,정자동,41111,202207,
1980.0,,,,"72,500",6,7,2022,중개거래,경기 수원장안구,단독,7*,166.0,41111,,157.58,정자동,41111,202207,
1983.0,,,,"47,000",30,7,2022,중개거래,경기 수원장안구,다가구,5**,203.0,41111,,180.03,파장동,41111,202207,
1984.0,,,,"59,000",23,7,2022,중개거래,경기 수원장안구,단독,5**,190.3,41111,,166.76,파장동,41111,202207,
1985.0,,,,"51,000",11,7,2022,중개거래,경기 수원시 장안구,단독,5**,122.3,41111,,159.38,파장동,41111,202207,
1984.0,,,,"33,500",5,7,2022,중개거래,경기 수원권선구 서울 강북구,단독,2**,145.0,41113,,77.47,고색동,41113,202207,
1980.0,,,,"38,000",26,7,2022,중개거래,경기 수원권선구,단독,3*,137.0,41113,,63.21,서둔동,41113,202207,
1971.0,,,,"59,000",4,7,2022,중개거래,경기 수원권선구,다가구,1**,175.0,41113,,134.88,서둔동,41113,202207,
1986.0,,23.01.31,O,"45,000",22,7,2022,중개거래,경기 수원권선구,단독,1***,94.4,41113,,114.41,세류동,41113,202207,
1986.0,,23.02.22,O,"51,000",26,7,2022,중개거래,경기 수원권선구,단독,1***,100.7,41113,,126.18,세류동,41113,202207,
1982.0,,,,"94,000",14,7,2022,중개거래,경기 수원권선구,단독,3*,311.0,41113,,96.46,평동,41113,202207,
1991.0,,,,"70,500",4,7,2022,직거래,,단독,2**,104.0,41115,,313.92,고등동,41115,202207,
2002.0,,,,"78,900",30,7,2022,중개거래,경기 수원팔달구,단독,8*,189.0,41115,,272.67,매산로3가,41115,202207,
2002.0,,22.12.21,O,"79,000",30,7,2022,중개거래,경기 수원팔달구,단독,8*,195.0,41115,,272.67,매산로3가,41115,202207,
1970.0,,,,"58,000",20,7,2022,중개거래,경기 수원팔달구,다가구,6*,138.0,41115,,118.68,매산로3가,41115,202207,
2002.0,,,,"45,000",18,7,2022,중개거래,경기 수원팔달구,다가구,1**,140.0,41115,,207.84,우만동,41115,202207,
1997.0,,,,"55,800",7,7,2022,중개거래,경기 수원팔달구,다가구,1**,137.0,41115,,243.48,인계동,41115,202207,
1978.0,,,,"90,000",21,7,2022,중개거래,경기 수원팔달구,단독,7**,170.0,41115,,84.56,인계동,41115,202207,
1985.0,,,,"22,500",25,7,2022,중개거래,경기 수원시 팔달구,다가구,4**,95.7,41115,,127.11,지동,41115,202207,
1974.0,,,,"12,000",1,7,2022,직거래,,단독,2**,68.0,41115,,57.75,지동,41115,202207,
1974.0,,,,"47,200",23,7,2022,중개거래,경기 수원권선구,단독,4*,145.0,41115,,62.71,화서동,41115,202207,
1974.0,,,,"49,635",23,7,2022,중개거래,경기 수원권선구,단독,4*,187.0,41115,,65.63,화서동,41115,202207,
1984.0,,,,"41,300",22,7,2022,중개거래,경기 수원권선구,단독,4*,152.0,41115,,92.22,화서동,41115,202207,
2004.0,,,,"198,000",13,7,2022,중개거래,경기 수원영통구,다가구,3**,432.0,41117,,1028.99,망포동,41117,202207,
1991.0,,,,"67,000",25,7,2022,중개거래,경기 수원영통구,단독,1***,184.7,41117,,327.96,매탄동,41117,202207,
2014.0,,22.11.21,O,"67,000",25,7,2022,중개거래,경기 수원영통구,다가구,1***,180.1,41117,,307.61,매탄동,41117,202207,
1991.0,,,,"65,000",2,7,2022,중개거래,경기 수원영통구,단독,8**,197.4,41117,,324.24,매탄동,41117,202207,
2001.0,,,,"120,500",21,7,2022,중개거래,경기 수원영통구,다가구,9**,210.4,41117,,470.36,영통동,41117,202207,
2004.0,,,,"105,000",26,7,2022,중개거래,경기 수원영통구,다가구,4**,245.0,41117,,563.18,원천동,41117,202207,
1982.0,,,,"40,000",31,8,2022,직거래,,단독,2**,136.1,41111,,133.03,연무동,41111,202208,
2020.0,,23.07.17,O,"115,000",1,8,2022,중개거래,경기 수원팔달구,다가구,2**,135.4,41111,,276.53,연무동,41111,202208,
1994.0,,,,"49,000",20,8,2022,중개거래,경기 수원장안구,다가구,4**,201.4,41111,,288.04,영화동,41111,202208,
1977.0,,,,"122,500",20,8,2022,중개거래,경기 수원장안구,단독,4**,257.1,41111,,84.69,영화동,41111,202208,
2008.0,,,,"84,500",25,8,2022,중개거래,경기 수원장안구,단독,4**,165.7,41111,,329.1,영화동,41111,202208,
1983.0,,,,"52,000",7,8,2022,중개거래,경기 수원장안구,단독,1**,141.0,41111,,134.2,영화동,41111,202208,
1993.0,,,,"60,000",19,8,2022,중개거래,경기 수원장안구,단독,1**,167.0,41111,,239.78,율전동,41111,202208,
1997.0,,,,"79,000",19,8,2022,중개거래,경기 수원장안구,단독,1**,204.0,41111,,327.36,율전동,41111,202208,
2012.0,,,,"182,000",4,8,2022,중개거래,경기 수원장안구,단독,2**,215.0,41111,,521.53,율전동,41111,202208,
1983.0,,,,"50,000",18,8,2022,중개거래,경기 수원장안구,다가구,4*,142.9,41111,,149.76,정자동,41111,202208,
1984.0,,,,"35,000",18,8,2022,중개거래,경기 수원장안구,다가구,4*,163.8,41111,,144.64,정자동,41111,202208,
2017.0,,,,"109,000",5,8,2022,중개거래,경기 수원장안구,다가구,4*,171.0,41111,,326.74,정자동,41111,202208,
2006.0,,,,"119,500",5,8,2022,중개거래,경기 수원장안구,다가구,4**,229.5,41111,,384.41,천천동,41111,202208,
1994.0,,,,"47,500",15,8,2022,중개거래,경기 수원장안구,다가구,4**,139.0,41111,,199.27,파장동,41111,202208,
1991.0,,22.12.02,O,"40,000",10,8,2022,중개거래,경기 수원장안구,다가구,6**,131.9,41111,,223.75,파장동,41111,202208,
1989.0,,,,"34,000",25,8,2022,중개거래,경기 수원권선구,다가구,5**,99.6,41113,,117.36,구운동,41113,202208,
1994.0,,,,"78,700",22,8,2022,중개거래,경기 수원권선구 경기 수원팔달구,다가구,9**,171.9,41113,,169.3,권선동,41113,202208,
1988.0,,,,"56,700",22,8,2022,중개거래,경기 수원권선구 경기 수원팔달구,다가구,9**,148.2,41113,,157.47,권선동,41113,202208,
1997.0,,,,"87,000",12,8,2022,중개거래,경기 수원권선구,단독,1***,201.6,41113,,328.29,권선동,41113,202208,
1999.0,,,,"31,000",19,8,2022,중개거래,경기 수원권선구 경기 수원장안구,단독,1**,63.0,41113,,63.21,서둔동,41113,202208,
1979.0,,,,"32,000",19,8,2022,중개거래,경기 수원권선구 경기 수원장안구,단독,1**,121.0,41113,,81.05,서둔동,41113,202208,
1980.0,,,,"78,000",19,8,2022,중개거래,경기 수원권선구 경기 수원장안구,다가구,1**,258.0,41113,,165.82,서둔동,41113,202208,
1973.0,,,,"51,600",10,8,2022,중개거래,경기 수원권선구 경기 수원장안구,단독,1**,228.0,41113,,45.29,서둔동,41113,202208,
1970.0,,,,"24,500",10,8,2022,중개거래,경기 수원권선구 경기 수원장안구,단독,1**,116.0,41113,,41.98,서둔동,41113,202208,
1971.0,,,,"59,300",9,8,2022,중개거래,경기 수원권선구 경기 수원장안구,단독,1**,231.0,41113,,55.21,서둔동,41113,202208,
1961.0,,,,"43,000",9,8,2022,중개거래,경기 수원권선구 경기 수원장안구,단독,1**,142.0,41113,,41.29,서둔동,41113,202208,
1969.0,,,,"29,000",16,8,2022,중개거래,경기 수원권선구,단독,1**,126.0,41113,,58.81,서둔동,41113,202208,
1981.0,,22.10.26,O,"27,000",28,8,2022,중개거래,경기 수원권선구,다가구,5**,167.0,41113,,166.62,세류동,41113,202208,
1977.0,,,,"19,000",17,8,2022,중개거래,경기 수원권선구,단독,8**,117.0,41113,,35.01,세류동,41113,202208,
2010.0,,,,"70,000",25,8,2022,중개거래,경기 수원권선구,단독,9**,152.0,41113,,261.5,세류동,41113,202208,
1979.0,,,,"48,000",5,8,2022,중개거래,경기 수원권선구,단독,4**,160.1,41113,,214.61,세류동,41113,202208,
1995.0,,,,"37,000",2,8,2022,중개거래,경기 수원권선구,단독,3**,132.0,41113,,142.96,탑동,41113,202208,
2016.0,,,,"163,500",19,8,2022,중개거래,경기 수원권선구,다가구,1***,254.1,41113,,492.9,호매실동,41113,202208,
1974.0,,,,"23,100",27,8,2022,중개거래,경기 수원팔달구,단독,1*,104.0,41115,,47.0,남수동,41115,202208,
1984.0,,,,"158,010",12,8,2022,중개거래,경기 용인기흥구,단독,9*,367.0,41115,,299.3,남창동,41115,202208,
1994.0,,,,"65,000",1,8,2022,중개거래,경기 수원팔달구,다가구,5*,214.0,41115,,338.58,남창동,41115,202208,
1987.0,,,,"56,800",27,8,2022,중개거래,경기 수원팔달구,단독,5**,124.9,41115,,153.35,우만동,41115,202208,
1992.0,,,,"170,000",4,8,2022,중개거래,경기 수원팔달구,다가구,5**,275.9,41115,,1067.48,우만동,41115,202208,
1970.0,,,,"59,000",24,8,2022,직거래,,단독,7**,112.0,41115,,119.7,인계동,41115,202208,
1996.0,,,,"51,500",25,8,2022,중개거래,경기 수원팔달구,다가구,2**,140.0,41115,,316.12,지동,41115,202208,
1979.0,,,,"40,000",29,8,2022,중개거래,경기 수원팔달구,단독,2**,211.0,41115,,97.12,지동,41115,202208,
1986.0,,,,"37,000",11,8,2022,중개거래,경기 수원팔달구,단독,1**,127.0,41115,,84.79,지동,41115,202208,
1969.0,,,,"35,500",6,8,2022,중개거래,경기 수원팔달구,단독,2**,187.0,41115,,71.4,지동,41115,202208,
1992.0,,23.02.03,O,"356,400",30,8,2022,중개거래,경기 수원장안구 경기 수원팔달구,단독,*,871.0,41115,,283.77,화서동,41115,202208,
1980.0,,22.10.11,O,"30,800",13,8,2022,중개거래,경기 수원팔달구,단독,2**,208.0,41115,,142.79,화서동,41115,202208,
1997.0,,,,"160,000",1,8,2022,중개거래,경기 수원영통구 경기 수원팔달구,다가구,8**,488.8,41117,,625.08,매탄동,41117,202208,
2021.0,,,,"243,000",26,8,2022,중개거래,서울 강남구,다가구,1**,274.2,41117,,486.37,매탄동,41117,202208,
1995.0,,,,"53,000",17,8,2022,중개거래,경기 수원영통구,다가구,2**,200.8,41117,,322.65,매탄동,41117,202208,
1997.0,,23.04.25,O,"160,000",1,8,2022,중개거래,경기 수원영통구 경기 수원팔달구,다가구,8**,473.0,41117,,625.08,매탄동,41117,202208,
2007.0,,,,"89,500",26,9,2022,중개거래,경기 수원영통구,단독,3**,285.0,41111,,150.88,상광교동,41111,202209,
1997.0,,,,"72,700",24,9,2022,중개거래,경기 수원시 장안구,다가구,9*,206.0,41111,,362.91,송죽동,41111,202209,
1987.0,,,,"50,000",16,9,2022,중개거래,경기 수원장안구,다가구,2**,116.4,41111,,187.25,연무동,41111,202209,
1973.0,,,,"13,500",9,9,2022,중개거래,경기 수원장안구,단독,1**,63.0,41111,,53.73,연무동,41111,202209,
1964.0,,23.01.06,O,"20,600",1,9,2022,직거래,,단독,6*,99.0,41111,,24.56,연무동,41111,202209,
1997.0,,,,"46,500",6,9,2022,중개거래,경기 수원장안구,다가구,3*,168.0,41111,,168.89,영화동,41111,202209,
1989.0,,,,"29,350",6,9,2022,중개거래,경기 수원장안구,다가구,7*,144.0,41111,,225.0,정자동,41111,202209,
1995.0,,,,"148,500",2,9,2022,중개거래,경기 수원장안구,다가구,3**,294.8,41111,,628.94,천천동,41111,202209,
2004.0,,,,"65,000",27,9,2022,중개거래,경기 수원권선구,다가구,5**,175.0,41113,,370.24,곡반정동,41113,202209,
2008.0,,,,"155,000",20,9,2022,중개거래,경기 수원권선구,다가구,5**,205.7,41113,,985.5,곡반정동,41113,202209,
1991.0,,,,"58,800",20,9,2022,중개거래,경기 구리시 경기 수원권선구,단독,1***,192.7,41113,,199.7,권선동,41113,202209,
2022.0,,,,"64,900",23,9,2022,중개거래,경기 수원권선구,다가구,1***,180.4,41113,,316.14,세류동,41113,202209,
1984.0,,,,"64,800",23,9,2022,중개거래,경기 수원권선구,단독,1***,181.3,41113,,162.1,세류동,41113,202209,
1979.0,,,,"53,000",5,9,2022,중개거래,경기 수원권선구,다가구,4**,166.0,41113,,122.18,세류동,41113,202209,
1977.0,,,,"25,000",1,9,2022,중개거래,경기 수원권선구,단독,2**,129.0,41113,,60.16,세류동,41113,202209,
1984.0,,,,"39,500",5,9,2022,직거래,,단독,8**,114.0,41113,,95.8,세류동,41113,202209,
1988.0,,,,"65,000",8,9,2022,중개거래,경기 수원팔달구,단독,7*,166.4,41115,,247.9,고등동,41115,202209,
1988.0,,22.10.29,O,"66,000",8,9,2022,중개거래,경기 수원팔달구,다가구,7*,168.4,41115,,247.9,고등동,41115,202209,
1975.0,,,,"40,000",23,9,2022,중개거래,경기 수원팔달구,단독,5*,131.6,41115,,72.5,고등동,41115,202209,
1988.0,,,,"89,000",30,9,2022,중개거래,경기 수원팔달구,다가구,5**,232.1,41115,,317.3,우만동,41115,202209,
1988.0,,,,"67,000",6,9,2022,중개거래,경기 수원팔달구,단독,5**,207.3,41115,,298.75,우만동,41115,202209,
1987.0,,,,"240,000",28,9,2022,중개거래,경기 수원팔달구,다가구,2**,534.0,41115,,1160.824,인계동,41115,202209,
1957.0,,,,"45,000",7,9,2022,직거래,,단독,2**,126.0,41115,,38.98,인계동,41115,202209,
2014.0,,,,"35,000",22,9,2022,직거래,,다가구,2**,99.0,41115,,179.26,지동,41115,202209,
1983.0,,,,"39,500",5,9,2022,중개거래,경기 수원팔달구,단독,2**,254.0,41115,,130.64,지동,41115,202209,
1994.0,,,,"66,500",6,9,2022,중개거래,경기 수원팔달구,다가구,3**,185.0,41115,,197.82,지동,41115,202209,
1983.0,,,,"70,700",28,9,2022,중개거래,경기 수원팔달구,단독,6*,185.6,41115,,151.44,화서동,41115,202209,
2003.0,,,,"199,500",5,9,2022,중개거래,경기 수원권선구,단독,5**,549.0,41117,,357.04,망포동,41117,202209,
2018.0,,,,"150,000",20,9,2022,중개거래,경기 수원장안구 경기 수원팔달구,다가구,1**,204.9,41117,,429.1,매탄동,41117,202209,
1993.0,,,,"66,000",5,9,2022,중개거래,경기 수원영통구 경기 화성시,다가구,8**,234.0,41117,,266.91,매탄동,41117,202209,
2007.0,,,,"101,000",1,9,2022,중개거래,경기 수원영통구,다가구,4**,265.0,41117,,503.16,원천동,41117,202209,
1990.0,,,,"60,000",20,10,2022,중개거래,경기 수원장안구,다가구,4**,175.1,41111,,329.06,송죽동,41111,202210,
1989.0,,,,"50,000",20,10,2022,중개거래,경기 수원장안구,단독,4**,135.7,41111,,225.01,송죽동,41111,202210,
1991.0,,,,"25,000",4,10,2022,직거래,,다가구,1**,128.0,41111,,196.73,송죽동,41111,202210,
1969.0,,,,"20,000",20,10,2022,직거래,,단독,2**,86.0,41111,,52.89,영화동,41111,202210,
2008.0,,23.03.06,O,"178,600",12,10,2022,중개거래,경기 수원시 장안구,단독,5*,660.0,41111,,195.52,이목동,41111,202210,
1983.0,,,,"40,000",31,10,2022,중개거래,경기 수원장안구 경기 수원팔달구,단독,5*,135.7,41111,,130.18,정자동,41111,202210,
1989.0,,,,"42,500",6,10,2022,중개거래,경기 수원장안구,단독,3*,186.3,41111,,278.45,정자동,41111,202210,
2022.0,,,,"168,000",21,10,2022,직거래,,다가구,7**,170.6,41111,,399.38,조원동,41111,202210,
1987.0,,,,"41,500",30,10,2022,중개거래,경기 수원장안구,다가구,5**,118.4,41111,,195.21,파장동,41111,202210,
2016.0,,,,"84,500",6,10,2022,중개거래,경기 수원장안구,다가구,3**,160.0,41111,,293.99,파장동,41111,202210,
2022.0,,,,"60,000",26,10,2022,중개거래,경기 성남수정구,단독,2**,184.0,41113,,421.94,서둔동,41113,202210,
2023.0,,,,"34,640",11,10,2022,중개거래,경기 수원권선구,단독,4**,113.1,41113,,87.67,세류동,41113,202210,
1979.0,,,,"55,000",14,10,2022,직거래,,다가구,4**,166.0,41113,,122.18,세류동,41113,202210,
1982.0,,23.01.31,O,"35,150",11,10,2022,중개거래,경기 수원권선구,단독,4**,123.4,41113,,87.67,세류동,41113,202210,
1982.0,,,,"33,200",12,10,2022,중개거래,경기 수원권선구,단독,4**,116.3,41113,,86.48,세류동,41113,202210,
1996.0,,,,"82,000",22,10,2022,중개거래,경기 수원권선구,다가구,5**,248.1,41113,,340.42,세류동,41113,202210,
1982.0,,,,"33,100",8,10,2022,중개거래,경기 수원권선구,단독,4**,129.5,41113,,86.48,세류동,41113,202210,
2022.0,,,,"19,000",26,10,2022,직거래,,단독,1***,125.7,41113,,205.2,세류동,41113,202210,
2022.0,,,,"66,300",14,10,2022,직거래,,다가구,1***,181.0,41113,,316.85,세류동,41113,202210,
2022.0,,,,"30,000",19,10,2022,직거래,,단독,*,156.0,41113,,156.94,탑동,41113,202210,
1979.0,,,,"61,000",13,10,2022,중개거래,경기 수원팔달구,단독,4*,238.0,41115,,135.18,고등동,41115,202210,
1988.0,,,,"66,000",14,10,2022,중개거래,경기 수원팔달구,다가구,7*,168.4,41115,,247.9,고등동,41115,202210,
1963.0,,,,"62,000",7,10,2022,중개거래,경기 수원팔달구,단독,2**,129.0,41115,,58.18,북수동,41115,202210,
1976.0,,,,"18,200",4,10,2022,직거래,,단독,2**,75.0,41115,,61.71,지동,41115,202210,
1991.0,,,,"44,500",19,10,2022,중개거래,경기 수원장안구 경기 수원팔달구,다가구,1**,145.5,41115,,181.98,화서동,41115,202210,
1994.0,,,,"60,500",17,10,2022,중개거래,경기 수원권선구,다가구,8*,169.2,41115,,278.13,화서동,41115,202210,
1994.0,,,,"50,000",17,10,2022,중개거래,경기 수원권선구,다가구,8*,147.9,41115,,229.91,화서동,41115,202210,
2002.0,,,,"115,000",28,10,2022,중개거래,경기 수원영통구,다가구,1***,224.0,41117,,470.94,매탄동,41117,202210,
1995.0,,,,"69,000",15,10,2022,중개거래,경기 수원영통구,단독,8**,193.7,41117,,462.6,매탄동,41117,202210,
1990.0,,,,"50,000",11,10,2022,직거래,,단독,1**,161.0,41117,,244.65,매탄동,41117,202210,
1991.0,,,,"70,000",1,10,2022,중개거래,경기 수원영통구,다가구,1**,201.6,41117,,372.74,매탄동,41117,202210,
2001.0,,,,"115,000",12,10,2022,중개거래,경기 수원영통구,다가구,1***,206.1,41117,,410.78,영통동,41117,202210,
1970.0,,,,"26,500",20,11,2022,중개거래,경기 수원장안구,단독,1**,71.0,41111,,23.37,연무동,41111,202211,
1981.0,,,,"43,000",29,11,2022,중개거래,경기 수원장안구,단독,2**,122.8,41111,,144.9,연무동,41111,202211,
1971.0,,,,"24,500",19,11,2022,중개거래,경기 수원장안구,단독,1**,119.0,41111,,45.95,연무동,41111,202211,
1992.0,,,,"73,000",16,11,2022,중개거래,경기 수원장안구,단독,1**,198.0,41111,,254.41,율전동,41111,202211,
1992.0,,,,"68,200",16,11,2022,중개거래,경기 수원장안구,다가구,1**,185.0,41111,,252.81,율전동,41111,202211,
1984.0,,23.05.16,O,"38,000",29,11,2022,중개거래,경기 수원장안구,단독,6*,147.1,41111,,159.58,정자동,41111,202211,
1972.0,,,,"20,800",1,11,2022,중개거래,경기 수원장안구,단독,6**,126.0,41111,,56.2,조원동,41111,202211,
1995.0,,,,"78,000",22,11,2022,중개거래,경기 수원시 장안구,단독,5**,154.2,41111,,695.94,파장동,41111,202211,
1991.0,,,,"40,000",16,11,2022,중개거래,경기 수원장안구,다가구,6**,131.9,41111,,223.75,파장동,41111,202211,
1991.0,,,,"65,000",14,11,2022,중개거래,경기 수원장안구,단독,6**,185.8,41111,,291.79,파장동,41111,202211,
1997.0,,,,"85,000",23,11,2022,직거래,,단독,1**,197.0,41111,,198.0,하광교동,41111,202211,
1988.0,,,,"36,000",10,11,2022,중개거래,경기 수원권선구,다가구,1***,142.3,41113,,179.22,세류동,41113,202211,
1990.0,,,,"25,000",15,11,2022,중개거래,경기 수원권선구,다가구,1***,118.7,41113,,154.65,세류동,41113,202211,
2022.0,,,,"30,500",21,11,2022,직거래,,단독,5**,178.1,41113,,191.06,세류동,41113,202211,
1990.0,,,,"53,000",19,11,2022,직거래,,다가구,1**,141.0,41115,,232.66,고등동,41115,202211,
1993.0,,,,"51,700",14,11,2022,직거래,,다가구,4**,129.7,41115,,222.87,우만동,41115,202211,
1990.0,,24.04.30,O,"360,000",17,11,2022,중개거래,경기 수원시팔달구,단독,9**,327.7,41115,,704.79,인계동,41115,202211,
1971.0,,,,"22,800",14,11,2022,중개거래,경기 수원권선구 경기 수원팔달구,단독,2**,122.0,41115,,49.59,지동,41115,202211,
1991.0,,,,"24,800",18,11,2022,중개거래,경기 수원팔달구,다가구,1**,86.0,41115,,136.05,지동,41115,202211,
1970.0,,,,"21,500",17,11,2022,중개거래,경기 수원팔달구,단독,1**,106.0,41115,,50.58,지동,41115,202211,
1997.0,,,,"76,900",9,11,2022,중개거래,경기 수원팔달구,다가구,2**,173.0,41115,,273.36,지동,41115,202211,
1981.0,,,,"31,000",11,11,2022,중개거래,경기 수원권선구,단독,4*,125.0,41115,,123.1,화서동,41115,202211,
1981.0,,,,"50,000",11,11,2022,중개거래,경기 수원권선구,단독,4*,131.0,41115,,88.67,화서동,41115,202211,
1973.0,,,,"76,000",11,11,2022,중개거래,경기 수원권선구,단독,4*,231.0,41115,,65.79,화서동,41115,202211,
1992.0,,,,"14,000",23,11,2022,직거래,,단독,1**,62.0,41115,,82.17,화서동,41115,202211,
2002.0,,,,"90,000",4,11,2022,중개거래,경기 수원영통구,다가구,4**,244.0,41117,,355.47,망포동,41117,202211,
2019.0,,23.04.04,O,"210,000",30,11,2022,직거래,,다가구,4**,331.0,41117,,746.37,매탄동,41117,202211,
2002.0,,,,"93,000",30,11,2022,중개거래,경기 수원영통구,다가구,1***,197.6,41117,,437.48,매탄동,41117,202211,
1964.0,,,,"20,600",15,12,2022,직거래,,단독,6*,99.0,41111,,24.56,연무동,41111,202212,
1985.0,,,,"58,900",18,12,2022,중개거래,경기 수원장안구,단독,2**,139.0,41111,,165.03,영화동,41111,202212,
2002.0,,,,"62,000",27,12,2022,중개거래,경기 수원장안구,다가구,4**,149.9,41111,,318.75,영화동,41111,202212,
1985.0,,23.03.27,O,"59,500",18,12,2022,중개거래,경기 수원장안구,단독,2**,150.0,41111,,165.03,영화동,41111,202212,
2003.0,,,,"138,000",1,12,2022,중개거래,경기 수원장안구,다가구,4**,173.0,41111,,511.26,정자동,41111,202212,
2022.0,,23.01.11,O,"40,000",14,12,2022,직거래,,단독,2**,433.0,41113,,162.05,입북동,41113,202212,
1987.0,,,,"20,500",26,12,2022,직거래,,단독,1**,113.0,41115,,180.94,고등동,41115,202212,
1968.0,,,,"15,000",8,12,2022,직거래,,단독,1**,106.0,41115,,49.82,장안동,41115,202212,
1985.0,,,,"40,000",21,12,2022,중개거래,경기 수원팔달구,단독,4**,123.2,41115,,250.06,지동,41115,202212,
1980.0,,,,"30,000",22,12,2022,중개거래,경기 수원팔달구,단독,2**,131.0,41115,,126.05,지동,41115,202212,
2005.0,,,,"38,000",17,12,2022,중개거래,경기 수원영통구,다가구,8**,105.5,41117,,219.7,매탄동,41117,202212,
2004.0,,,,"114,000",6,12,2022,중개거래,경기 수원영통구,다가구,4**,248.0,41117,,551.14,원천동,41117,202212,
2011.0,,,,"91,500",5,1,2023,중개거래,경기 수원장안구,다가구,6*,221.0,41111,,395.61,연무동,41111,202301,
2005.0,,,,"73,500",12,1,2023,중개거래,경기 수원장안구,다가구,4**,243.5,41111,,252.93,영화동,41111,202301,
1982.0,,,,"37,000",30,1,2023,중개거래,경기 수원권선구 경기 수원장안구,단독,2*,214.6,41111,,104.06,정자동,41111,202301,
2003.0,,,,"37,000",18,1,2023,직거래,,다가구,4*,157.6,41111,,129.67,정자동,41111,202301,
2003.0,,,,"79,000",13,1,2023,직거래,,단독,5**,214.4,41111,,363.34,천천동,41111,202301,
2023.0,,,,"175,000",7,1,2023,중개거래,경기 수원시 권선구,단독,9**,430.7,41113,,995.34,구운동,41113,202301,
2023.0,,23.06.08,O,"133,000",16,1,2023,중개거래,경기 수원권선구,단독,2**,202.0,41113,,396.35,서둔동,41113,202301,
2023.0,,,,"45,000",31,1,2023,중개거래,경기 수원권선구 경기 화성시,단독,1***,94.4,41113,,114.41,세류동,41113,202301,
1994.0,,,,"89,000",12,1,2023,중개거래,경기 수원팔달구,단독,*,252.9,41115,,486.42,고등동,41115,202301,
1989.0,,,,"71,700",31,1,2023,중개거래,경기 수원영통구,다가구,1***,191.0,41117,,304.65,매탄동,41117,202301,
2002.0,,,,"104,000",7,1,2023,중개거래,경기 수원영통구,다가구,1***,222.7,41117,,521.3,매탄동,41117,202301,
1964.0,,,,"16,000",7,2,2023,중개거래,경기 수원장안구,단독,6*,96.0,41111,,49.07,연무동,41111,202302,
1970.0,,,,"28,500",8,2,2023,중개거래,경기 수원장안구,단독,1**,71.0,41111,,23.7,연무동,41111,202302,
1983.0,,,,"33,000",4,2,2023,중개거래,경기 수원장안구,단독,2**,139.6,41111,,103.62,연무동,41111,202302,
1989.0,,,,"33,945",6,2,2023,중개거래,경기 수원장안구,단독,7*,69.0,41111,,126.15,영화동,41111,202302,
1962.0,,,,"21,000",3,2,2023,중개거래,경기 수원장안구,단독,1**,96.0,41111,,30.74,영화동,41111,202302,
1983.0,,,,"30,000",3,2,2023,중개거래,경기 수원장안구,단독,4*,169.5,41111,,162.48,정자동,41111,202302,
1991.0,,,,"44,500",10,2,2023,중개거래,경기 수원장안구,단독,5**,158.0,41111,,327.48,파장동,41111,202302,
1990.0,,,,"63,500",18,2,2023,중개거래,경기 수원권선구,단독,4**,190.8,41113,,288.5,구운동,41113,202302,
2023.0,,,,"28,500",13,2,2023,중개거래,경기 수원팔달구,단독,4**,132.8,41113,,198.0,구운동,41113,202302,
1995.0,,23.04.05,O,"21,400",3,2,2023,직거래,,단독,1***,200.0,41113,,145.56,오목천동,41113,202302,
2015.0,,23.04.05,O,"37,000",3,2,2023,직거래,,단독,1***,306.0,41113,,60.48,오목천동,41113,202302,
1995.0,,,,"24,000",25,2,2023,중개거래,경기 수원팔달구,단독,2**,81.0,41115,,118.7,지동,41115,202302,
1980.0,,,,"26,000",8,2,2023,직거래,,단독,2**,266.0,41115,,112.99,지동,41115,202302,
1986.0,,,,"43,000",28,2,2023,직거래,,단독,1**,113.6,41115,,110.63,화서동,41115,202302,
1992.0,,,,"356,400",3,2,2023,중개거래,경기 수원장안구 경기 수원팔달구,단독,*,871.0,41115,,283.77,화서동,41115,202302,
1984.0,,,,"57,500",20,3,2023,중개거래,경기 수원장안구,단독,2**,98.8,41111,,153.04,연무동,41111,202303,
1964.0,,,,"24,800",22,3,2023,중개거래,경기 수원장안구,단독,6*,53.0,41111,,24.56,연무동,41111,202303,
1991.0,,23.04.18,O,"89,000",23,3,2023,중개거래,경기 수원장안구,단독,1*,223.0,41111,,298.56,연무동,41111,202303,
2018.0,,,,"74,500",23,3,2023,중개거래,경기 수원장안구 경기 수원팔달구,다가구,1**,115.0,41111,,211.98,연무동,41111,202303,
1972.0,,,,"16,900",22,3,2023,직거래,,단독,8*,69.0,41111,,59.5,영화동,41111,202303,
1987.0,,,,"40,000",1,3,2023,중개거래,경기 수원영통구,단독,4**,152.2,41111,,139.6,영화동,41111,202303,
1996.0,,,,"149,000",23,3,2023,중개거래,경기 수원장안구,단독,4**,215.0,41111,,493.19,율전동,41111,202303,
2008.0,,,,"80,000",25,3,2023,중개거래,경기 수원장안구,단독,3*,187.1,41111,,345.39,정자동,41111,202303,
1987.0,,,,"32,000",20,3,2023,직거래,,단독,7*,139.1,41111,,164.94,정자동,41111,202303,
1984.0,,,,"32,000",13,3,2023,중개거래,경기 수원장안구,단독,7**,121.1,41111,,127.32,조원동,41111,202303,
2022.0,,,,"200,500",1,3,2023,중개거래,경기 수원장안구,다가구,7**,239.5,41111,,456.8686,조원동,41111,202303,
1980.0,,,,"42,200",22,3,2023,중개거래,경기 수원권선구,단독,3**,129.0,41113,,142.05,고색동,41113,202303,
2007.0,,,,"163,000",25,3,2023,중개거래,경기 수원권선구,다가구,5**,324.9,41113,,788.38,곡반정동,41113,202303,
1990.0,,,,"38,000",11,3,2023,중개거래,경기 수원권선구,다가구,9**,110.7,41113,,188.54,권선동,41113,202303,
1996.0,,,,"55,000",3,3,2023,중개거래,경기 수원권선구,단독,1**,153.0,41113,,265.86,서둔동,41113,202303,
1980.0,,,,"39,500",7,3,2023,중개거래,경기 수원권선구,단독,3*,137.0,41113,,63.21,서둔동,41113,202303,
2023.0,,,,"9,000",31,3,2023,중개거래,경기 수원팔달구,단독,1**,10.0,41113,,30.51,세류동,41113,202303,
1970.0,,,,"20,000",20,3,2023,직거래,,단독,4**,136.0,41113,,49.59,세류동,41113,202303,
1971.0,,,,"24,000",19,3,2023,중개거래,경기 수원권선구,단독,1***,116.0,41113,,49.59,세류동,41113,202303,
1995.0,,,,"25,890",23,3,2023,직거래,,단독,1***,200.0,41113,,145.56,오목천동,41113,202303,
2015.0,,,,"31,000",23,3,2023,직거래,,단독,1***,306.0,41113,,60.48,오목천동,41113,202303,
1989.0,,,,"37,500",27,3,2023,중개거래,경기 수원권선구,다가구,6*,260.0,41115,,301.87,고등동,41115,202303,
1981.0,,,,"38,000",1,3,2023,중개거래,경기 수원팔달구,단독,4*,139.7,41115,,97.95,고등동,41115,202303,
1994.0,,,,"47,000",4,3,2023,중개거래,경기 수원팔달구,다가구,1*,118.0,41115,,193.12,남수동,41115,202303,
1994.0,,23.09.08,O,"48,000",4,3,2023,중개거래,경기 수원팔달구,다가구,1*,123.0,41115,,193.12,남수동,41115,202303,
1975.0,,,,"69,000",9,3,2023,중개거래,경기 수원권선구,단독,5**,164.7,41115,,92.74,우만동,41115,202303,
1988.0,,,,"38,000",4,3,2023,직거래,,단독,4**,150.7,41115,,239.9,우만동,41115,202303,
2003.0,,,,"75,000",3,3,2023,중개거래,경기 수원팔달구,다가구,4**,239.9,41115,,365.72,지동,41115,202303,
1997.0,,,,"40,000",8,3,2023,중개거래,경기 수원영통구,단독,2**,188.0,41115,,148.5,지동,41115,202303,
2003.0,,23.03.28,O,"77,000",3,3,2023,중개거래,경기 수원팔달구,다가구,4**,264.9,41115,,365.72,지동,41115,202303,
1977.0,,,,"29,000",2,3,2023,직거래,,단독,1**,204.0,41115,,80.43,지동,41115,202303,
2019.0,,,,"208,000",6,3,2023,직거래,,다가구,4**,331.0,41117,,746.37,매탄동,41117,202303,
2015.0,,,,"295,000",31,3,2023,중개거래,경기 수원영통구,다가구,1***,277.5,41117,,564.81,이의동,41117,202303,
1974.0,,,,"46,000",22,4,2023,중개거래,경기 수원장안구,단독,1**,76.0,41111,,50.02,연무동,41111,202304,
1991.0,,,,"89,000",17,4,2023,중개거래,경기 수원장안구,단독,1*,223.0,41111,,298.56,연무동,41111,202304,
1964.0,,,,"42,000",10,4,2023,중개거래,경기 수원장안구,단독,1**,119.0,41111,,59.5,영화동,41111,202304,
1983.0,,,,"31,500",6,4,2023,중개거래,경기 수원장안구,단독,3*,135.0,41111,,158.76,영화동,41111,202304,
2011.0,,,,"77,500",22,4,2023,중개거래,경기 수원권선구,다가구,4*,141.1,41111,,349.82,정자동,41111,202304,
2015.0,,,,"14,000",3,4,2023,중개거래,경기 수원장안구,단독,6**,80.0,41111,,47.5,조원동,41111,202304,
1989.0,,,,"40,000",14,4,2023,중개거래,경기 수원시 장안구,단독,5**,139.1,41111,,223.53,파장동,41111,202304,
2012.0,,,,"332,600",13,4,2023,중개거래,경기 화성시,단독,1*,1653.0,41111,,794.0,파장동,41111,202304,
1989.0,,,,"52,000",17,4,2023,직거래,,다가구,5**,187.3,41113,,240.2,구운동,41113,202304,
2003.0,,,,"83,000",10,4,2023,중개거래,경기 수원권선구,단독,9**,216.8,41113,,488.16,구운동,41113,202304,
2017.0,,,,"134,000",5,4,2023,중개거래,경기 수원장안구,다가구,5**,204.6,41113,,385.23,구운동,41113,202304,
1990.0,,,,"24,000",3,4,2023,중개거래,경기 수원권선구,단독,5**,93.7,41113,,120.65,구운동,41113,202304,
1996.0,,,,"100,000",14,4,2023,중개거래,경기 수원권선구,단독,1***,208.0,41113,,369.72,권선동,41113,202304,
1986.0,,,,"29,000",4,4,2023,중개거래,경기 수원권선구,단독,1***,114.7,41113,,141.0,세류동,41113,202304,
1975.0,,,,"30,000",4,4,2023,중개거래,경기 수원팔달구,단독,9*,109.0,41115,,66.18,고등동,41115,202304,
1986.0,,,,"182,500",11,4,2023,중개거래,경기 수원팔달구,단독,2*,242.0,41115,,185.26,장안동,41115,202304,
0.0,,,,"49,000",27,4,2023,중개거래,경기 수원시 권선구,단독,2**,222.0,41115,,103.87,지동,41115,202304,
1980.0,,,,"11,500",12,4,2023,중개거래,경기 수원팔달구,단독,2**,38.0,41115,,37.62,지동,41115,202304,
1980.0,,23.05.03,O,"8,500",12,4,2023,중개거래,경기 수원시 팔달구,단독,2**,38.0,41115,,37.62,지동,41115,202304,
1993.0,,,,"22,000",26,4,2023,중개거래,경기 수원팔달구,단독,1**,99.0,41115,,128.96,지동,41115,202304,
1954.0,,,,"19,000",10,4,2023,중개거래,경기 수원팔달구,단독,2**,70.0,41115,,63.47,지동,41115,202304,
2005.0,,,,"127,000",23,4,2023,중개거래,경기 수원팔달구,다가구,1**,250.6,41115,,625.2,화서동,41115,202304,
1998.0,,,,"210,000",28,4,2023,중개거래,경기 수원팔달구,다가구,1**,322.0,41115,,491.66,화서동,41115,202304,
2006.0,,,,"70,000",18,4,2023,직거래,,다가구,7*,152.0,41115,,323.22,화서동,41115,202304,
2018.0,,,,"139,000",6,4,2023,직거래,,다가구,5*,330.0,41117,,660.32,매탄동,41117,202304,
2000.0,,,,"113,700",5,4,2023,중개거래,경기 수원영통구,다가구,1***,206.2,41117,,446.84,영통동,41117,202304,
1970.0,,,,"17,000",17,5,2023,중개거래,경기 수원장안구,단독,1**,57.0,41111,,31.44,연무동,41111,202305,
1988.0,,,,"29,000",30,5,2023,중개거래,경기 수원장안구,단독,2**,124.0,41111,,159.92,연무동,41111,202305,
1989.0,,,,"34,915",18,5,2023,중개거래,경기 수원장안구,단독,7*,69.0,41111,,126.15,영화동,41111,202305,
2020.0,,,,"220,400",26,5,2023,중개거래,"경기 수원시 영통구, 경기 수원시 장안구",단독,2**,201.0,41111,,398.48,율전동,41111,202305,
2001.0,,,,"134,000",16,5,2023,중개거래,경기 수원장안구,단독,1**,308.0,41111,,642.76,율전동,41111,202305,
1994.0,,,,"48,000",26,5,2023,중개거래,경기 수원장안구,단독,2*,159.6,41111,,279.63,정자동,41111,202305,
1984.0,,,,"38,000",16,5,2023,중개거래,경기 수원장안구,단독,6*,147.1,41111,,159.58,정자동,41111,202305,
2002.0,,,,"73,000",5,5,2023,중개거래,경기 수원장안구,다가구,8**,239.8,41111,,502.68,조원동,41111,202305,
2013.0,,,,"77,000",2,5,2023,중개거래,경기 수원장안구 경기 수원팔달구,다가구,2**,161.0,41111,,305.53,파장동,41111,202305,
2006.0,,,,"75,000",10,5,2023,직거래,,다가구,5**,260.4,41113,,555.66,곡반정동,41113,202305,
1991.0,,,,"49,500",6,5,2023,중개거래,경기 수원권선구,단독,5**,193.9,41113,,309.84,구운동,41113,202305,
2004.0,,,,"60,000",19,5,2023,중개거래,경기 수원팔달구 경기 용인기흥구,단독,9**,137.6,41113,,296.99,구운동,41113,202305,
2001.0,,,,"118,000",4,5,2023,중개거래,경기 수원권선구,다가구,1***,246.7,41113,,516.23,권선동,41113,202305,
1975.0,,,,"33,000",22,5,2023,중개거래,경기 수원권선구,단독,1**,132.0,41113,,94.87,서둔동,41113,202305,
2023.0,,,,"43,000",25,5,2023,중개거래,경기 수원권선구,단독,1***,148.0,41113,,82.81,세류동,41113,202305,
1991.0,,,,"25,700",25,5,2023,중개거래,경기 수원권선구,단독,1***,134.1,41113,,198.6,세류동,41113,202305,
1995.0,,,,"28,000",17,5,2023,중개거래,경기 수원권선구,다가구,1***,108.0,41113,,131.98,세류동,41113,202305,
1987.0,,,,"17,200",11,5,2023,직거래,,다가구,4**,91.4,41113,,114.57,세류동,41113,202305,
1989.0,,,,"37,300",8,5,2023,중개거래,경기 수원권선구,단독,5**,142.0,41113,,206.98,세류동,41113,202305,
1990.0,,,,"51,000",18,5,2023,중개거래,경기 수원권선구,단독,2*,146.0,41113,,169.62,탑동,41113,202305,
1971.0,,,,"11,000",15,5,2023,중개거래,경기 수원권선구,단독,*,56.0,41113,,54.88,탑동,41113,202305,
1977.0,,,,"48,000",25,5,2023,중개거래,경기 수원팔달구,단독,3**,163.0,41115,,163.04,고등동,41115,202305,
1971.0,,,,"61,200",2,5,2023,중개거래,경기 수원장안구,단독,6*,119.0,41115,,70.98,북수동,41115,202305,
1940.0,,,,"97,000",11,5,2023,중개거래,경기 수원팔달구,단독,3*,177.0,41115,,51.66,영동,41115,202305,
1978.0,,,,"30,500",31,5,2023,직거래,,단독,2**,113.0,41115,,70.74,인계동,41115,202305,
1978.0,,23.05.26,O,"30,500",17,5,2023,직거래,,단독,2**,113.0,41115,,70.74,인계동,41115,202305,
1995.0,,,,"110,000",30,5,2023,직거래,,단독,3**,302.0,41117,,182.27,망포동,41117,202305,
1995.0,,,,"75,500",16,5,2023,중개거래,경기 수원영통구,다가구,4**,228.0,41117,,467.2,망포동,41117,202305,
2002.0,,,,"111,000",24,5,2023,중개거래,경기 수원영통구,다가구,1***,224.4,41117,,502.44,매탄동,41117,202305,
1989.0,,,,"72,000",15,5,2023,중개거래,경기 수원영통구,단독,1**,180.8,41117,,318.02,매탄동,41117,202305,
2003.0,,,,"53,000",15,6,2023,중개거래,경기 수원장안구,다가구,4**,145.6,41111,,328.8,송죽동,41111,202306,
1992.0,,,,"22,500",21,6,2023,중개거래,경기 수원장안구,단독,6*,74.0,41111,,120.0,연무동,41111,202306,
2004.0,,,,"69,500",24,6,2023,중개거래,경기 수원장안구,다가구,2**,156.3,41111,,290.3,연무동,41111,202306,
1989.0,,,,"93,000",19,6,2023,중개거래,경기 수원장안구,단독,2**,174.0,41111,,395.38,연무동,41111,202306,
1983.0,,,,"88,000",10,6,2023,중개거래,경기 수원장안구,단독,2**,129.0,41111,,275.83,연무동,41111,202306,
1995.0,,,,"28,000",12,6,2023,중개거래,경기 수원장안구,단독,3*,93.0,41111,,99.57,영화동,41111,202306,
1991.0,,,,"55,000",10,6,2023,중개거래,경기 수원시 장안구,단독,1**,175.0,41111,,242.97,율전동,41111,202306,
1993.0,,,,"58,000",26,6,2023,중개거래,경기 수원장안구,단독,7*,144.4,41111,,296.46,정자동,41111,202306,
1982.0,,,,"47,500",23,6,2023,중개거래,경기 수원장안구,단독,7**,147.0,41111,,164.1,조원동,41111,202306,
1989.0,,,,"127,000",1,6,2023,중개거래,경기 수원장안구,단독,7**,284.4,41111,,569.84,조원동,41111,202306,
2023.0,,,,"91,500",14,6,2023,직거래,,단독,3**,196.0,41111,,66.5,천천동,41111,202306,
2004.0,,,,"115,000",30,6,2023,중개거래,경기 수원권선구,다가구,5**,193.8,41113,,423.77,곡반정동,41113,202306,
2002.0,,,,"105,000",12,6,2023,중개거래,경기 수원권선구 경기 수원영통구,단독,1***,245.5,41113,,501.3,권선동,41113,202306,
2002.0,,,,"104,500",15,6,2023,중개거래,경기 수원팔달구,다가구,1***,204.4,41113,,416.9,권선동,41113,202306,
1982.0,,,,"30,000",30,6,2023,중개거래,경기 수원권선구,단독,3**,141.9,41113,,148.42,세류동,41113,202306,
1981.0,,,,"22,750",1,6,2023,직거래,,단독,5*,113.3,41115,,118.54,고등동,41115,202306,
1995.0,,,,"40,000",11,6,2023,중개거래,경기 수원팔달구,단독,4*,123.7,41115,,199.81,고등동,41115,202306,
1969.0,,,,"21,500",25,6,2023,중개거래,경기 수원팔달구,단독,7*,122.0,41115,,45.62,매산로3가,41115,202306,
1994.0,,,,"30,000",8,6,2023,중개거래,경기 수원팔달구,다가구,8*,100.0,41115,,133.25,매산로3가,41115,202306,
1999.0,,,,"117,225",1,6,2023,직거래,,단독,9*,155.0,41115,,26.44,장안동,41115,202306,
1967.0,,,,"19,000",9,6,2023,직거래,,단독,1**,129.0,41115,,35.97,팔달로3가,41115,202306,
2022.0,,23.07.27,O,"146,000",16,6,2023,중개거래,경기 수원권선구,다가구,1**,158.5,41115,,303.46,화서동,41115,202306,
1984.0,,,,"33,000",16,6,2023,중개거래,경기 수원팔달구,단독,8*,139.0,41115,,142.24,화서동,41115,202306,
1992.0,,,,"29,000",13,7,2023,중개거래,경기 수원팔달구,단독,6*,92.0,41111,,160.02,연무동,41111,202307,
1985.0,,,,"60,000",4,7,2023,직거래,,단독,2**,193.9,41111,,237.75,연무동,41111,202307,
1981.0,,,,"59,000",1,7,2023,직거래,,단독,1**,76.0,41111,,119.44,연무동,41111,202307,
1996.0,,,,"72,000",20,7,2023,중개거래,경기 수원장안구,다가구,1**,200.0,41111,,460.05,영화동,41111,202307,
2015.0,,,,"62,800",13,7,2023,중개거래,경기 화성시,다가구,1**,148.0,41111,,211.98,영화동,41111,202307,
2016.0,,,,"197,500",26,7,2023,직거래,,단독,2**,658.0,41111,,481.28,이목동,41111,202307,
1978.0,,,,"46,000",20,7,2023,중개거래,경기 수원장안구,단독,3*,202.1,41111,,99.7,정자동,41111,202307,
1993.0,,,,"31,000",20,7,2023,중개거래,경기 수원장안구,다가구,7**,141.2,41111,,198.01,조원동,41111,202307,
1991.0,,,,"49,600",25,7,2023,중개거래,경기 수원장안구,단독,5**,152.7,41111,,231.27,파장동,41111,202307,
1994.0,,,,"40,000",12,7,2023,중개거래,경기 수원권선구,단독,8*,167.0,41113,,222.07,고색동,41113,202307,
1994.0,,,,"26,500",4,7,2023,중개거래,경기 수원권선구,단독,5**,111.5,41113,,173.95,구운동,41113,202307,
1965.0,,,,"58,000",22,7,2023,중개거래,경기 수원시 팔달구,단독,3*,83.0,41115,,40.33,신풍동,41115,202307,
1986.0,,,,"36,000",10,7,2023,직거래,,다가구,1***,130.6,41115,,113.8,인계동,41115,202307,
1970.0,,,,"19,500",18,7,2023,중개거래,경기 수원권선구 경기 수원팔달구,단독,2**,99.0,41115,,36.36,지동,41115,202307,
1985.0,,,,"44,800",21,7,2023,중개거래,경기 수원팔달구,다가구,1**,160.0,41115,,220.32,지동,41115,202307,
2022.0,,,,"146,000",27,7,2023,중개거래,경기 수원권선구,다가구,1**,158.5,41115,,303.46,화서동,41115,202307,
1993.0,,,,"55,300",18,7,2023,중개거래,경기 수원영통구,단독,8**,199.6,41117,,325.77,매탄동,41117,202307,
1989.0,,,,"73,000",11,7,2023,중개거래,경기 수원영통구,단독,1**,164.0,41117,,168.67,매탄동,41117,202307,
1994.0,,,,"73,000",3,7,2023,중개거래,경기 수원영통구 경기 수원장안구,다가구,1***,173.3,41117,,325.4,매탄동,41117,202307,
2000.0,,,,"81,500",29,7,2023,중개거래,경기 수원영통구,다가구,9**,248.5,41117,,502.33,영통동,41117,202307,
2000.0,,,,"95,000",25,8,2023,직거래,,다가구,1**,203.0,41111,,349.35,송죽동,41111,202308,
1988.0,,,,"50,000",11,8,2023,중개거래,경기 수원장안구,단독,4**,156.7,41111,,173.79,송죽동,41111,202308,
2004.0,,,,"92,500",25,8,2023,중개거래,경기 수원장안구,다가구,2**,136.0,41111,,353.24,연무동,41111,202308,
1964.0,,,,"21,500",15,8,2023,중개거래,경기 수원장안구,단독,7*,79.0,41111,,50.82,연무동,41111,202308,
1993.0,,,,"23,500",10,8,2023,직거래,,다가구,6*,99.0,41111,,159.7,연무동,41111,202308,
1994.0,,,,"38,000",18,8,2023,중개거래,경기 수원장안구,단독,3**,191.3,41111,,154.64,영화동,41111,202308,
2004.0,,,,"66,000",5,8,2023,중개거래,경기 수원장안구,단독,4**,240.8,41111,,318.48,영화동,41111,202308,
1977.0,,,,"33,000",19,8,2023,중개거래,경기 수원장안구,단독,7*,145.6,41111,,66.05,정자동,41111,202308,
1974.0,,,,"20,000",18,8,2023,직거래,,다가구,1*,219.5,41111,,201.09,정자동,41111,202308,
2017.0,,,,"59,000",18,8,2023,중개거래,경기 수원장안구,다가구,5**,136.0,41111,,206.51,조원동,41111,202308,
2001.0,,,,"99,500",24,8,2023,중개거래,경기 수원권선구,단독,1***,247.3,41113,,500.64,권선동,41113,202308,
1987.0,,,,"75,000",10,8,2023,중개거래,경기 수원시 권선구,단독,9**,174.8,41113,,209.43,권선동,41113,202308,
1968.0,,,,"20,500",7,8,2023,중개거래,경기 수원권선구,단독,1**,139.0,41113,,49.59,서둔동,41113,202308,
2011.0,,,,"65,000",14,8,2023,직거래,,다가구,8**,178.6,41113,,343.94,탑동,41113,202308,
2011.0,,,,"42,000",18,8,2023,중개거래,경기 화성시,단독,3**,121.0,41113,,97.59,탑동,41113,202308,
1976.0,,,,"12,000",23,8,2023,중개거래,경기 수원권선구,단독,1*,76.0,41113,,40.66,평동,41113,202308,
1998.0,,,,"45,900",11,8,2023,중개거래,경기 수원팔달구,다가구,5*,165.1,41115,,278.76,고등동,41115,202308,
1989.0,,,,"70,000",26,8,2023,중개거래,경기 수원팔달구,다가구,9*,127.0,41115,,199.99,고등동,41115,202308,
1998.0,,23.10.30,O,"46,000",11,8,2023,중개거래,경기 수원팔달구,다가구,5*,171.2,41115,,278.76,고등동,41115,202308,
1999.0,,,,"68,000",25,8,2023,직거래,,단독,4*,242.0,41115,,54.81,교동,41115,202308,
1975.0,,,,"65,475",9,8,2023,중개거래,경기 수원권선구,단독,5**,144.3,41115,,56.57,우만동,41115,202308,
2003.0,,,,"143,000",21,8,2023,중개거래,경기 수원팔달구,단독,9**,300.9,41115,,657.9,인계동,41115,202308,
1988.0,,,,"39,500",4,8,2023,중개거래,경기 수원팔달구,단독,2**,106.0,41115,,177.03,화서동,41115,202308,
1993.0,,,,"57,000",31,8,2023,직거래,,다가구,1***,177.9,41117,,382.14,매탄동,41117,202308,
1995.0,,,,"36,500",24,8,2023,중개거래,경기 수원시 영통구,다가구,8**,165.0,41117,,197.79,매탄동,41117,202308,
2018.0,,25.09.15,O,"330,000",31,8,2023,직거래,,다가구,3**,418.0,41117,,1126.28,원천동,41117,202308,
2016.0,,25.09.15,O,"159,250",31,8,2023,직거래,,다가구,3**,302.0,41117,,479.82,원천동,41117,202308,
2014.0,,,,"285,000",4,8,2023,중개거래,경기 수원영통구 서울 서초구,다가구,1***,290.1,41117,,494.64,이의동,41117,202308,
2014.0,,,,"230,000",22,8,2023,중개거래,경기 수원영통구,다가구,9**,248.3,41117,,437.71,하동,41117,202308,
2005.0,,,,"132,500",5,9,2023,중개거래,경기 수원영통구,단독,9*,1085.0,41111,,165.97,상광교동,41111,202309,
1982.0,,,,"60,000",21,9,2023,중개거래,경기 수원장안구,단독,2**,157.2,41111,,200.54,연무동,41111,202309,
1982.0,,,,"53,000",21,9,2023,중개거래,경기 수원장안구,단독,2**,135.9,41111,,150.35,연무동,41111,202309,
2016.0,,23.10.06,O,"112,700",5,9,2023,중개거래,"경기 수원시 장안구, 경기 하남시",다가구,2**,220.0,41111,,401.69,영화동,41111,202309,
1987.0,,,,"30,000",6,9,2023,중개거래,경기 수원장안구,단독,7*,91.0,41111,,77.84,영화동,41111,202309,
1990.0,,,,"37,300",2,9,2023,중개거래,경기 수원장안구,단독,7*,154.4,41111,,72.82,정자동,41111,202309,
2002.0,,,,"100,000",18,9,2023,중개거래,경기 수원장안구,다가구,8**,244.4,41111,,388.69,조원동,41111,202309,
1993.0,,,,"34,700",6,9,2023,중개거래,경기 수원권선구,단독,4*,101.0,41113,,106.19,고색동,41113,202309,
2005.0,,,,"97,000",27,9,2023,중개거래,경기 수원권선구,다가구,5**,214.2,41113,,484.35,곡반정동,41113,202309,
2007.0,,,,"130,000",9,9,2023,중개거래,경기 수원권선구,단독,5**,243.0,41113,,486.28,곡반정동,41113,202309,
2007.0,,,,"104,000",4,9,2023,중개거래,경기 수원권선구,다가구,5**,215.1,41113,,467.04,곡반정동,41113,202309,
2006.0,,,,"64,600",10,9,2023,직거래,,단독,5**,184.2,41113,,391.13,곡반정동,41113,202309,
2003.0,,,,"185,000",5,9,2023,중개거래,경기 수원권선구,단독,9**,447.7,41113,,1053.51,구운동,41113,202309,
2003.0,,,,"108,000",27,9,2023,중개거래,경기 수원팔달구,단독,9**,261.1,41113,,555.83,권선동,41113,202309,
1991.0,,,,"80,000",23,9,2023,중개거래,경기 수원권선구,단독,1***,211.0,41113,,479.44,권선동,41113,202309,
1971.0,,,,"28,000",25,9,2023,중개거래,경기 수원권선구,단독,2*,33.0,41113,,37.36,서둔동,41113,202309,
2012.0,,,,"95,000",25,9,2023,직거래,,다가구,1**,369.0,41113,,568.27,세류동,41113,202309,
1977.0,,,,"19,000",8,9,2023,중개거래,경기 수원권선구,단독,8**,113.0,41113,,35.01,세류동,41113,202309,
1975.0,,,,"22,000",9,9,2023,중개거래,경기 수원권선구,단독,2*,96.0,41113,,42.64,평동,41113,202309,
1991.0,,,,"52,500",21,9,2023,중개거래,경기 수원팔달구,다가구,9**,105.7,41115,,325.24,인계동,41115,202309,
1991.0,,23.11.15,O,"53,500",21,9,2023,중개거래,경기 수원팔달구,다가구,9**,105.7,41115,,325.24,인계동,41115,202309,
2002.0,,,,"83,500",5,9,2023,중개거래,경기 수원팔달구,다가구,9**,270.9,41115,,479.31,인계동,41115,202309,
1996.0,,,,"29,000",27,9,2023,직거래,,다가구,4**,199.1,41115,,325.16,지동,41115,202309,
1991.0,,,,"59,500",9,9,2023,직거래,,다가구,1**,196.9,41117,,335.54,매탄동,41117,202309,
2017.0,,,,"330,000",7,9,2023,중개거래,경기 수원영통구,다가구,1***,293.0,41117,,688.49,이의동,41117,202309,
2011.0,,,,"103,000",24,10,2023,중개거래,경기 수원시장안구,다가구,4**,159.5,41111,,394.62,송죽동,41111,202310,
1979.0,,,,"18,500",17,10,2023,중개거래,경기 수원장안구,다가구,1**,76.0,41111,,121.68,연무동,41111,202310,
2013.0,,,,"74,000",7,10,2023,중개거래,경기 용인기흥구,단독,2**,109.6,41111,,157.78,연무동,41111,202310,
1988.0,,,,"33,500",13,10,2023,중개거래,경기 수원장안구,단독,4**,114.9,41111,,136.29,영화동,41111,202310,
1982.0,,,,"35,000",3,10,2023,중개거래,경기 수원장안구,단독,4**,205.1,41111,,184.37,영화동,41111,202310,
2016.0,,,,"112,700",10,10,2023,중개거래,경기 수원장안구 경기 하남시,다가구,2**,220.0,41111,,401.69,영화동,41111,202310,
1996.0,,,,"90,000",10,10,2023,중개거래,경기 수원시 장안구,다가구,1**,220.0,41111,,357.84,율전동,41111,202310,
1980.0,,,,"50,500",20,10,2023,중개거래,경기 수원장안구,단독,4**,82.5,41111,,100.39,율전동,41111,202310,
1981.0,,,,"30,000",6,10,2023,중개거래,경기 수원장안구,단독,7**,122.2,41111,,81.25,조원동,41111,202310,
2018.0,,,,"32,000",17,10,2023,중개거래,경기 수원시장안구,단독,6**,139.0,41111,,67.45,조원동,41111,202310,
1995.0,,23.11.14,O,"45,000",20,10,2023,중개거래,경기 수원장안구,단독,6**,177.0,41111,,272.22,조원동,41111,202310,
1980.0,,,,"30,000",19,10,2023,중개거래,경기 수원장안구,단독,4**,99.0,41111,,56.2,파장동,41111,202310,
1984.0,,,,"32,500",16,10,2023,중개거래,경기 수원장안구,다가구,5**,158.5,41111,,133.75,파장동,41111,202310,
2007.0,,,,"161,500",30,10,2023,중개거래,경기 수원권선구,단독,5**,272.0,41113,,806.13,곡반정동,41113,202310,
2013.0,,,,"35,000",5,10,2023,직거래,,다가구,1**,133.0,41113,,206.44,세류동,41113,202310,
1969.0,,,,"11,000",21,10,2023,중개거래,경기 수원팔달구,단독,4*,63.0,41113,,31.93,평동,41113,202310,
1990.0,,,,"60,800",11,10,2023,중개거래,경기 수원시팔달구,다가구,2**,139.0,41115,,122.73,고등동,41115,202310,
1993.0,,,,"27,000",13,10,2023,직거래,,다가구,1**,136.0,41115,,189.83,매향동,41115,202310,
1986.0,,,,"91,000",17,10,2023,중개거래,경기 수원시팔달구,단독,5**,199.8,41115,,436.05,우만동,41115,202310,
1981.0,,,,"56,000",20,10,2023,중개거래,경기 수원팔달구,단독,1**,70.0,41115,,163.84,장안동,41115,202310,
1970.0,,,,"11,000",31,10,2023,직거래,,단독,2**,116.0,41115,,47.27,지동,41115,202310,
1985.0,,,,"26,800",25,10,2023,중개거래,경기 수원팔달구,단독,4**,132.1,41115,,204.47,지동,41115,202310,
2022.0,,,,"137,000",19,10,2023,중개거래,경기 수원팔달구,단독,1**,172.7,41115,,431.7,화서동,41115,202310,
2022.0,,,,"155,000",12,10,2023,중개거래,경기 수원권선구,다가구,7*,176.0,41115,,437.74,화서동,41115,202310,
1990.0,,,,"59,000",30,10,2023,중개거래,경기 수원팔달구,다가구,9*,132.2,41115,,249.3,화서동,41115,202310,
1998.0,,,,"67,000",31,10,2023,중개거래,경기 수원팔달구,단독,9**,185.0,41117,,284.8,매탄동,41117,202310,
2002.0,,,,"117,000",25,10,2023,중개거래,경기 수원영통구,다가구,1***,223.4,41117,,520.98,매탄동,41117,202310,
1992.0,,,,"48,000",20,10,2023,중개거래,경기 수원영통구,단독,2**,186.9,41117,,299.85,매탄동,41117,202310,
1982.0,,24.01.09,O,"49,000",21,11,2023,중개거래,경기 수원장안구,단독,1**,165.0,41111,,178.25,연무동,41111,202311,
1981.0,,,,"44,000",27,11,2023,중개거래,경기 수원장안구,단독,2**,90.1,41111,,155.61,연무동,41111,202311,
2016.0,,,,"64,000",9,11,2023,중개거래,경기 수원시 장안구,다가구,1**,139.0,41111,,227.94,연무동,41111,202311,
1982.0,,,,"35,000",11,11,2023,중개거래,경기 수원장안구,단독,3**,119.9,41111,,184.22,영화동,41111,202311,
2004.0,,,,"131,000",12,11,2023,중개거래,경기 수원장안구,다가구,4**,242.7,41111,,550.57,영화동,41111,202311,
2004.0,,,,"143,000",28,11,2023,중개거래,경기 수원시장안구,다가구,2**,237.0,41111,,503.64,율전동,41111,202311,
2001.0,,,,"120,000",17,11,2023,중개거래,경기 수원시장안구,단독,1**,698.0,41111,,160.37,이목동,41111,202311,
1995.0,,,,"45,000",14,11,2023,중개거래,경기 수원시장안구,단독,6**,177.0,41111,,272.22,조원동,41111,202311,
1985.0,,,,"37,500",11,11,2023,중개거래,경기 수원시장안구,단독,7**,135.7,41111,,185.17,조원동,41111,202311,
2002.0,,,,"330,000",19,11,2023,중개거래,경기 수원시 장안구,단독,4**,1824.0,41111,,265.5,파장동,41111,202311,
1990.0,,,,"50,800",14,11,2023,직거래,,단독,9**,190.3,41113,,249.99,권선동,41113,202311,
2014.0,,,,"102,000",13,11,2023,중개거래,경기 수원시 권선구,다가구,1***,243.7,41113,,334.27,금곡동,41113,202311,
2003.0,,,,"75,000",6,11,2023,중개거래,경기 수원권선구 경기 수원영통구,다가구,9*,145.0,41113,,342.16,세류동,41113,202311,
2016.0,,,,"91,000",21,11,2023,중개거래,경기 수원시권선구,다가구,7**,166.9,41113,,332.81,탑동,41113,202311,
2002.0,,,,"61,000",23,11,2023,중개거래,경기 수원시권선구,단독,7**,162.4,41113,,343.18,탑동,41113,202311,
2006.0,,,,"46,000",7,11,2023,중개거래,경기 수원장안구,다가구,8**,111.1,41113,,200.81,탑동,41113,202311,
1999.0,,,,"35,782",3,11,2023,중개거래,경기 수원팔달구,다가구,2*,92.0,41115,,179.64,매교동,41115,202311,
1999.0,,23.11.08,O,"37,000",3,11,2023,중개거래,경기 수원시팔달구,다가구,2*,102.0,41115,,179.64,매교동,41115,202311,
,,23.11.08,O,"37,000",3,11,2023,중개거래,경기 수원팔달구,다가구,2*,102.0,41115,,179.64,매교동,41115,202311,
1993.0,,,,"100,000",2,11,2023,중개거래,경기 수원시팔달구,다가구,4*,142.0,41115,,198.99,신풍동,41115,202311,
2002.0,,,,"153,000",7,11,2023,중개거래,경기 수원팔달구,다가구,7**,330.0,41115,,650.73,인계동,41115,202311,
2005.0,,,,"177,000",22,11,2023,중개거래,경기 수원영통구 서울 동대문구,다가구,5**,249.0,41117,,526.92,매탄동,41117,202311,
2017.0,,,,"45,000",6,11,2023,직거래,,다가구,2**,110.7,41117,,66.08,매탄동,41117,202311,
2022.0,,,,"150,000",24,11,2023,중개거래,경기 수원영통구 경기 수원장안구,다가구,1***,188.9,41117,,355.79,매탄동,41117,202311,
2001.0,,,,"150,000",23,11,2023,중개거래,경기 수원시영통구,다가구,1***,253.7,41117,,529.17,영통동,41117,202311,
2014.0,,,,"257,000",1,11,2023,중개거래,경기 수원시영통구,다가구,1***,233.7,41117,,410.97,이의동,41117,202311,
2001.0,,,,"17,000",19,12,2023,직거래,,단독,2**,131.5,41111,,195.68,상광교동,41111,202312,
1984.0,,,,"28,500",9,12,2023,직거래,,단독,2**,134.5,41111,,134.79,연무동,41111,202312,
1983.0,,,,"31,500",19,12,2023,중개거래,경기 수원시장안구,단독,2**,92.8,41111,,107.75,연무동,41111,202312,
1985.0,,,,"347,000",11,12,2023,중개거래,"경기 수원시장안구, 제주 서귀포시",단독,2**,816.0,41111,,541.65,영화동,41111,202312,
1986.0,,,,"15,300",5,12,2023,직거래,,단독,6**,106.0,41111,,105.0,조원동,41111,202312,
1984.0,,,,"30,000",2,12,2023,중개거래,경기 수원장안구,단독,7**,104.6,41111,,134.74,조원동,41111,202312,
2004.0,,,,"100,000",29,12,2023,중개거래,경기 수원시장안구,다가구,5**,224.1,41111,,376.84,천천동,41111,202312,
2004.0,,,,"79,000",9,12,2023,중개거래,경기 수원권선구,다가구,5**,189.4,41113,,416.53,곡반정동,41113,202312,
1990.0,,25.01.03,O,"105,000",27,12,2023,중개거래,경기 수원시 권선구,단독,1***,152.2,41113,,336.71,권선동,41113,202312,
2002.0,,,,"110,000",2,12,2023,중개거래,경기 수원영통구,단독,1***,204.4,41113,,416.9,권선동,41113,202312,
2004.0,,,,"73,700",29,12,2023,중개거래,경기 수원시권선구,다가구,1**,160.0,41113,,404.48,서둔동,41113,202312,
1980.0,,24.10.07,O,"29,400",29,12,2023,중개거래,경기 수원시 권선구,단독,1**,155.0,41113,,70.84,서둔동,41113,202312,
1989.0,,,,"33,000",5,12,2023,직거래,,단독,2**,149.0,41113,,152.1,세류동,41113,202312,
1972.0,,,,"60,000",30,12,2023,중개거래,경기 수원시팔달구,단독,1**,136.2,41115,,204.96,고등동,41115,202312,
2022.0,,,,"120,500",6,12,2023,중개거래,경기 수원권선구,다가구,2*,137.9,41115,,343.3,고등동,41115,202312,
1974.0,,,,"36,500",7,12,2023,중개거래,경기 수원시팔달구,단독,4*,158.7,41115,,62.81,고등동,41115,202312,
1948.0,,,,"33,000",8,12,2023,중개거래,경기 수원팔달구,단독,1**,93.0,41115,,41.19,신풍동,41115,202312,
1987.0,,24.06.25,O,"36,300",22,12,2023,중개거래,경기 수원시팔달구,단독,5**,109.1,41115,,138.38,우만동,41115,202312,
1996.0,,,,"34,000",8,12,2023,중개거래,경기 수원팔달구,단독,2**,114.0,41115,,252.14,인계동,41115,202312,
2003.0,,,,"23,000",9,12,2023,중개거래,경기 수원시팔달구,단독,2**,89.0,41115,,66.3,지동,41115,202312,
1978.0,,,,"43,400",1,12,2023,중개거래,경기 수원팔달구,다가구,1**,171.0,41115,,180.86,지동,41115,202312,
1970.0,,,,"39,000",1,12,2023,중개거래,경기 수원시팔달구,단독,1**,116.0,41115,,94.48,팔달로3가,41115,202312,
2024.0,,,,"179,640",19,12,2023,직거래,,단독,5**,321.0,41117,,85.95,매탄동,41117,202312,
2017.0,,,,"143,000",15,12,2023,중개거래,경기 수원영통구,다가구,4**,199.0,41117,,377.48,매탄동,41117,202312,
1991.0,,,,"38,500",2,12,2023,중개거래,서울 성북구,다가구,2**,180.5,41117,,261.36,매탄동,41117,202312,
2008.0,,,,"166,000",7,12,2023,중개거래,경기 수원시영통구,다가구,3**,248.0,41117,,754.72,신동,41117,202312,
2015.0,,,,"322,000",9,12,2023,중개거래,경기 수원권선구,다가구,9**,525.9,41117,,785.51,신동,41117,202312,
2024.0,,,,"39,000",27,12,2023,중개거래,경기 수원영통구,단독,7*,184.0,41117,,219.0,원천동,41117,202312,
2017.0,개인,,,"140,000",23,1,2024,중개거래,대구 군위군,다가구,4**,197.4,41111,개인,432.03,송죽동,41111,202401,
1988.0,개인,,,"48,500",5,1,2024,중개거래,경기 수원시장안구,다가구,1**,214.0,41111,개인,174.26,송죽동,41111,202401,
2003.0,개인,,,"102,000",24,1,2024,중개거래,경기 수원시장안구,다가구,2**,160.0,41111,개인,329.92,율전동,41111,202401,
1986.0,개인,,,"145,000",24,1,2024,중개거래,경기 수원시장안구,단독,4*,185.6,41111,개인,238.35,정자동,41111,202401,
2003.0,개인,,,"94,000",5,1,2024,중개거래,경기 수원시장안구,다가구,5**,239.0,41111,개인,427.09,천천동,41111,202401,
2000.0,개인,,,"105,000",16,1,2024,중개거래,경기 수원권선구,단독,1***,235.3,41113,개인,473.66,권선동,41113,202401,
1985.0,개인,,,"38,500",22,1,2024,중개거래,경기 수원권선구,단독,3*,118.0,41113,개인,148.62,서둔동,41113,202401,
1982.0,법인,24.03.28,O,"27,700",17,1,2024,중개거래,경기 수원시권선구,단독,2**,120.8,41113,개인,158.42,세류동,41113,202401,
1960.0,개인,,,"10,000",31,1,2024,직거래,,단독,4**,100.0,41113,개인,53.27,세류동,41113,202401,
1997.0,개인,,,"38,000",9,1,2024,중개거래,경기 수원시권선구,다가구,2**,127.0,41113,개인,227.85,세류동,41113,202401,
1977.0,개인,,,"52,000",3,1,2024,직거래,,단독,2**,120.0,41115,법인,76.73,매교동,41115,202401,
2003.0,개인,,,"87,500",23,1,2024,중개거래,경기 수원시팔달구,다가구,5**,203.4,41115,개인,393.6,우만동,41115,202401,
1996.0,개인,,,"59,400",23,1,2024,직거래,,단독,1**,221.0,41115,개인,449.0,지동,41115,202401,
1977.0,개인,,,"38,000",30,1,2024,중개거래,"경기 수원시권선구, 경기 수원시팔달구",단독,6*,132.2,41115,개인,136.48,화서동,41115,202401,
1972.0,개인,,,"32,500",4,1,2024,중개거래,"경기 수원시장안구, 경기 수원시팔달구",단독,9*,165.3,41115,개인,59.5,화서동,41115,202401,
1986.0,개인,,,"57,000",13,1,2024,중개거래,경기 수원팔달구,다가구,1**,141.0,41115,개인,160.14,화서동,41115,202401,
2002.0,개인,,,"120,000",16,1,2024,중개거래,경기 수원시영통구,다가구,1***,213.9,41117,개인,364.61,매탄동,41117,202401,
2002.0,개인,,,"149,000",17,1,2024,중개거래,경기 수원시영통구,다가구,1***,234.3,41117,개인,524.16,매탄동,41117,202401,
2008.0,개인,,,"134,000",30,1,2024,중개거래,경기 수원시팔달구,다가구,3**,291.0,41117,법인,890.14,원천동,41117,202401,
1996.0,개인,,,"310,000",8,2,2024,직거래,,단독,1*,264.0,41111,개인,979.86,연무동,41111,202402,
1964.0,개인,,,"23,500",26,2,2024,중개거래,경기 수원시장안구,단독,5*,90.0,41111,개인,47.5,연무동,41111,202402,
1992.0,개인,,,"33,000",22,2,2024,중개거래,경기 수원시장안구,다가구,6*,98.0,41111,개인,148.65,연무동,41111,202402,
1964.0,개인,,,"30,000",23,2,2024,중개거래,경기 수원시장안구,단독,6*,139.0,41111,개인,35.76,연무동,41111,202402,
2022.0,기타,,,"148,000",1,2,2024,중개거래,경기 수원시장안구,다가구,1**,206.0,41111,개인,388.58,연무동,41111,202402,
1977.0,개인,,,"45,000",24,2,2024,중개거래,경기 수원시장안구,단독,2**,132.0,41111,개인,64.2,영화동,41111,202402,
2022.0,개인,,,"130,000",21,2,2024,중개거래,경기 수원시권선구,다가구,7*,130.0,41111,개인,324.0,정자동,41111,202402,
1987.0,개인,,,"42,000",23,2,2024,중개거래,경기 수원시장안구,단독,7**,106.2,41111,개인,110.62,조원동,41111,202402,
1980.0,개인,,,"42,770",23,2,2024,중개거래,경기 수원시장안구,단독,5**,157.1,41111,개인,151.29,파장동,41111,202402,
1990.0,개인,,,"51,000",13,2,2024,중개거래,경기 수원시권선구,단독,5**,187.2,41113,개인,185.04,구운동,41113,202402,
1990.0,개인,,,"75,000",1,2,2024,중개거래,경기 수원시권선구,단독,5**,179.6,41113,개인,318.03,구운동,41113,202402,
2016.0,개인,,,"148,000",23,2,2024,중개거래,경기 수원시권선구,단독,1***,252.0,41113,개인,476.5,금곡동,41113,202402,
1984.0,개인,,,"35,000",29,2,2024,직거래,,단독,2**,160.0,41113,개인,97.66,서둔동,41113,202402,
2018.0,개인,,,"60,000",2,2,2024,중개거래,"경기 수원시권선구, 경기 수원시팔달구",단독,1**,147.0,41113,개인,197.46,세류동,41113,202402,
1997.0,개인,,,"30,000",17,2,2024,중개거래,경기 수원시권선구,다가구,5**,81.1,41113,개인,143.6,세류동,41113,202402,
1970.0,개인,,,"19,400",1,2,2024,중개거래,경기 수원시권선구,단독,1***,136.0,41113,개인,55.67,세류동,41113,202402,
1994.0,개인,,,"18,200",3,2,2024,중개거래,경기 수원시권선구,단독,1***,88.9,41113,개인,139.38,세류동,41113,202402,
2017.0,개인,,,"80,000",2,2,2024,직거래,,다가구,3**,166.0,41113,개인,303.62,탑동,41113,202402,
2003.0,개인,,,"34,500",17,2,2024,중개거래,경기 수원시권선구,단독,8**,100.5,41113,개인,115.18,탑동,41113,202402,
1987.0,개인,,,"28,800",29,2,2024,중개거래,경기 수원시팔달구,다가구,6*,145.6,41115,개인,183.57,고등동,41115,202402,
1996.0,개인,,,"31,000",21,2,2024,중개거래,경기 수원시팔달구,다가구,1**,125.0,41115,개인,194.88,지동,41115,202402,
1987.0,개인,,,"34,000",20,2,2024,중개거래,경기 수원시팔달구,단독,1**,107.0,41115,개인,114.85,화서동,41115,202402,
1991.0,개인,,,"73,000",8,2,2024,중개거래,경기 수원시팔달구,단독,1**,151.4,41115,개인,328.48,화서동,41115,202402,
1977.0,개인,,,"38,500",1,2,2024,중개거래,경기 수원시팔달구,단독,1**,152.4,41115,개인,136.47,화서동,41115,202402,
2008.0,개인,,,"120,000",28,2,2024,중개거래,경기 수원시영통구,다가구,2**,235.0,41117,개인,569.67,원천동,41117,202402,
2001.0,개인,,,"44,000",20,3,2024,직거래,,다가구,2**,133.7,41111,개인,197.01,연무동,41111,202403,
1985.0,개인,,,"38,000",26,3,2024,중개거래,경기 수원시장안구,다가구,2**,130.2,41111,개인,150.7,연무동,41111,202403,
2017.0,개인,,,"105,000",5,3,2024,직거래,,다가구,1**,218.0,41111,개인,416.15,연무동,41111,202403,
2014.0,개인,,,"77,500",19,3,2024,중개거래,경기 오산시,다가구,2**,201.0,41111,개인,417.16,영화동,41111,202403,
2022.0,개인,,,"134,000",4,3,2024,중개거래,경기 수원시권선구,다가구,5**,156.0,41111,개인,394.33,조원동,41111,202403,
1977.0,개인,,,"41,000",4,3,2024,중개거래,경기 수원시장안구,단독,3**,166.0,41111,개인,65.95,파장동,41111,202403,
1993.0,개인,,,"50,000",12,3,2024,중개거래,경기 수원시 권선구,단독,2**,188.0,41113,개인,248.33,고색동,41113,202403,
2006.0,개인,,,"144,000",15,3,2024,중개거래,경기 수원시권선구,단독,5**,232.0,41113,개인,739.95,곡반정동,41113,202403,
2006.0,개인,,,"130,000",29,3,2024,중개거래,경기 수원시권선구,다가구,9**,328.3,41113,개인,610.33,권선동,41113,202403,
1985.0,개인,24.05.31,O,"50,000",21,3,2024,중개거래,경기 수원시권선구,단독,3*,182.0,41113,개인,167.33,서둔동,41113,202403,
1990.0,개인,,,"74,000",19,3,2024,중개거래,경기 수원시권선구,단독,1***,210.5,41113,개인,329.68,세류동,41113,202403,
1977.0,개인,,,"12,000",26,3,2024,중개거래,충북 청주시흥덕구,단독,8**,94.0,41113,개인,35.01,세류동,41113,202403,
1976.0,개인,,,"32,000",14,3,2024,중개거래,경기 수원시팔달구,단독,4**,137.0,41113,개인,124.96,세류동,41113,202403,
1987.0,개인,,,"27,500",16,3,2024,중개거래,경기 수원시팔달구,단독,8*,118.0,41115,개인,103.17,매산로3가,41115,202403,
1991.0,개인,,,"61,300",8,3,2024,중개거래,경기 수원시장안구,다가구,8*,115.0,41115,개인,136.68,신풍동,41115,202403,
1991.0,개인,24.06.13,O,"62,000",8,3,2024,중개거래,경기 수원시장안구,다가구,8*,115.0,41115,개인,136.68,신풍동,41115,202403,
1987.0,개인,24.07.05,O,"35,000",30,3,2024,중개거래,경기 수원시영통구,다가구,4**,100.2,41115,개인,125.82,우만동,41115,202403,
1992.0,개인,,,"97,000",13,3,2024,중개거래,경기 수원시팔달구,다가구,5**,167.7,41115,개인,481.98,우만동,41115,202403,
1974.0,개인,24.04.30,O,"25,000",24,3,2024,중개거래,경기 수원시팔달구,단독,2**,56.0,41115,개인,27.44,지동,41115,202403,
1968.0,개인,,,"40,500",27,3,2024,중개거래,경기 수원시팔달구,다가구,2**,145.0,41115,개인,126.21,지동,41115,202403,
1974.0,개인,,,"7,000",22,3,2024,중개거래,경기 수원시장안구,단독,1**,76.0,41115,개인,18.48,지동,41115,202403,
1989.0,개인,,,"53,000",20,3,2024,중개거래,경기 수원시영통구,단독,1**,202.4,41117,개인,299.79,매탄동,41117,202403,
2021.0,개인,,,"130,000",31,3,2024,직거래,,다가구,1***,183.6,41117,개인,328.65,매탄동,41117,202403,
1989.0,개인,,,"59,500",22,3,2024,중개거래,경기 수원시영통구,다가구,1**,171.1,41117,개인,254.86,매탄동,41117,202403,
1990.0,개인,,,"63,000",21,3,2024,중개거래,경기 수원시영통구,단독,1**,202.0,41117,개인,244.71,매탄동,41117,202403,
1995.0,개인,,,"45,000",16,3,2024,중개거래,경기 수원시영통구,다가구,2**,132.0,41117,개인,276.16,매탄동,41117,202403,
2003.0,개인,,,"106,000",21,3,2024,중개거래,경기 수원시영통구,다가구,2**,226.0,41117,개인,504.06,매탄동,41117,202403,
2002.0,개인,,,"118,500",8,3,2024,중개거래,경기 수원시영통구,다가구,1***,245.6,41117,개인,503.64,매탄동,41117,202403,
2015.0,개인,,,"198,000",12,3,2024,중개거래,경기 수원시영통구,다가구,1***,283.8,41117,개인,494.48,이의동,41117,202403,
1984.0,개인,,,"33,900",28,4,2024,중개거래,경기 수원시장안구,다가구,3**,135.5,41111,개인,134.63,송죽동,41111,202404,
2000.0,개인,,,"165,390",5,4,2024,중개거래,충남 천안시 서북구,다가구,3**,303.0,41111,개인,329.53,송죽동,41111,202404,
1993.0,개인,,,"24,000",10,4,2024,중개거래,경기 수원시장안구,다가구,4**,139.3,41111,개인,218.01,송죽동,41111,202404,
1989.0,개인,,,"40,250",5,4,2024,중개거래,경기 수원시장안구,단독,2**,109.5,41111,개인,184.83,연무동,41111,202404,
2002.0,개인,24.05.27,O,"86,500",2,4,2024,중개거래,경기 수원시장안구,다가구,3**,222.8,41111,개인,502.32,영화동,41111,202404,
1996.0,개인,,,"35,000",15,4,2024,직거래,,다가구,4**,186.2,41111,개인,304.08,영화동,41111,202404,
1985.0,기타,,,"28,000",29,4,2024,중개거래,경기 수원시장안구,다가구,9*,98.0,41111,개인,136.58,율전동,41111,202404,
1976.0,개인,,,"24,000",30,4,2024,중개거래,경기 수원시장안구,단독,5**,198.0,41111,개인,74.08,조원동,41111,202404,
1970.0,개인,24.09.24,O,"32,000",25,4,2024,중개거래,경기 수원시 장안구,단독,4**,142.0,41111,개인,59.5,조원동,41111,202404,
2020.0,개인,,,"141,000",12,4,2024,중개거래,경기 수원시장안구,다가구,7**,240.5,41111,개인,439.59,조원동,41111,202404,
2003.0,개인,,,"110,000",19,4,2024,중개거래,경기 수원시장안구,단독,8**,222.3,41111,개인,460.9,조원동,41111,202404,
2011.0,기타,,,"88,500",16,4,2024,직거래,,단독,1**,301.0,41111,개인,196.63,하광교동,41111,202404,
2012.0,개인,,,"105,000",25,4,2024,중개거래,경기 수원시 권선구,다가구,5**,213.9,41113,개인,449.11,구운동,41113,202404,
1989.0,개인,,,"50,000",24,4,2024,중개거래,경기 수원시권선구,단독,5**,181.3,41113,개인,268.7,구운동,41113,202404,
1993.0,개인,,,"60,000",5,4,2024,직거래,,다가구,5**,275.7,41113,개인,417.06,구운동,41113,202404,
1989.0,개인,,,"32,800",26,4,2024,중개거래,경기 수원시 권선구,다가구,5**,90.0,41113,개인,152.43,세류동,41113,202404,
1976.0,개인,,,"55,000",19,4,2024,중개거래,경기 수원시팔달구,단독,9*,187.0,41113,개인,78.31,세류동,41113,202404,
2010.0,개인,,,"69,950",26,4,2024,직거래,,다가구,6**,177.0,41113,개인,343.12,세류동,41113,202404,
1987.0,개인,,,"31,000",2,4,2024,중개거래,경기 수원시권선구,단독,3**,122.6,41113,개인,110.37,세류동,41113,202404,
2006.0,개인,,,"80,000",24,4,2024,직거래,,단독,7**,364.0,41113,개인,131.58,입북동,41113,202404,
1975.0,개인,,,"23,000",25,4,2024,중개거래,경기 수원시팔달구,단독,1*,132.0,41115,개인,58.31,남수동,41115,202404,
2017.0,개인,,,"134,500",25,4,2024,중개거래,경기 수원시 팔달구,다가구,1**,189.0,41115,개인,354.62,매산로3가,41115,202404,
2017.0,개인,24.10.04,O,"135,000",25,4,2024,중개거래,경기 수원시 팔달구,단독,1**,189.0,41115,개인,354.62,매산로3가,41115,202404,
1993.0,개인,,,"76,000",20,4,2024,중개거래,경기 수원시영통구,다가구,6*,142.0,41115,개인,217.99,우만동,41115,202404,
1981.0,개인,,,"72,000",1,4,2024,중개거래,경기 수원시팔달구,단독,2*,80.0,41115,개인,128.96,장안동,41115,202404,
1992.0,개인,,,"32,000",30,4,2024,중개거래,경기 수원시영통구,단독,2**,192.0,41115,개인,174.29,지동,41115,202404,
1974.0,개인,,,"25,000",30,4,2024,중개거래,경기 수원시팔달구,단독,2**,56.0,41115,개인,27.44,지동,41115,202404,
1974.0,개인,24.12.16,O,"13,000",1,4,2024,중개거래,경기 수원시 팔달구,단독,2**,86.0,41115,개인,30.74,지동,41115,202404,
1993.0,개인,,,"45,000",6,4,2024,중개거래,경기 수원시팔달구,단독,1**,172.0,41115,개인,267.48,지동,41115,202404,
1988.0,개인,,,"34,800",8,4,2024,중개거래,경기 수원시팔달구,다가구,4**,179.6,41115,개인,262.72,지동,41115,202404,
2002.0,개인,,,"118,000",27,4,2024,중개거래,경기 용인시 기흥구,다가구,4**,255.0,41117,개인,399.33,망포동,41117,202404,
2002.0,개인,,,"114,000",30,4,2024,직거래,,다가구,1***,210.0,41117,개인,494.74,매탄동,41117,202404,
1991.0,개인,24.05.24,O,"1,000",24,4,2024,중개거래,경기 수원시영통구,단독,8**,194.2,41117,개인,84.91,매탄동,41117,202404,
2002.0,개인,,,"145,000",18,4,2024,중개거래,경기 수원시영통구,다가구,1***,329.8,41117,개인,564.18,매탄동,41117,202404,
2001.0,개인,,,"155,000",1,4,2024,중개거래,경기 수원시영통구,다가구,9**,199.0,41117,개인,417.11,영통동,41117,202404,
2009.0,개인,,,"130,000",12,4,2024,중개거래,경기 수원시영통구,다가구,2**,263.0,41117,기타,592.49,원천동,41117,202404,
2002.0,개인,,,"20,000",10,5,2024,중개거래,경기 수원시장안구,다가구,6*,96.0,41111,개인,121.4,연무동,41111,202405,
1990.0,개인,,,"64,500",1,5,2024,중개거래,경기 수원시장안구,다가구,3**,169.0,41111,개인,208.71,율전동,41111,202405,
2005.0,개인,,,"97,500",7,5,2024,중개거래,경기 수원시권선구,단독,5**,237.7,41113,개인,491.31,곡반정동,41113,202405,
1991.0,개인,,,"31,800",30,5,2024,중개거래,경기 수원시권선구,단독,5**,114.0,41113,개인,112.97,구운동,41113,202405,
1996.0,개인,,,"11,000",1,5,2024,중개거래,경기 성남시분당구,단독,2**,106.0,41113,개인,84.15,서둔동,41113,202405,
1982.0,개인,,,"43,000",31,5,2024,중개거래,경기 수원시권선구,다가구,4**,167.0,41113,개인,164.8,세류동,41113,202405,
1974.0,개인,24.06.21,O,"15,000",29,5,2024,중개거래,경기 수원시 권선구,단독,6**,82.0,41113,개인,33.48,세류동,41113,202405,
1979.0,개인,,,"27,800",11,5,2024,중개거래,경기 수원시권선구,단독,5**,133.0,41113,개인,74.09,세류동,41113,202405,
1985.0,개인,,,"27,200",8,5,2024,중개거래,경기 수원시권선구,단독,1***,94.6,41113,개인,111.32,세류동,41113,202405,
2024.0,개인,,,"134,000",22,5,2024,중개거래,경기 수원시권선구,단독,1***,268.8,41113,개인,494.09,호매실동,41113,202405,
1972.0,개인,,,"52,000",5,5,2024,중개거래,경기 수원시팔달구,단독,9*,132.2667,41115,개인,57.85,고등동,41115,202405,
1974.0,개인,,,"40,000",20,5,2024,중개거래,경기 수원시팔달구,다가구,1**,132.0,41115,개인,125.43,남창동,41115,202405,
1948.0,법인,,,"25,163",12,5,2024,직거래,,단독,5*,60.0,41115,개인,38.76,매산로1가,41115,202405,
1948.0,개인,,,"33,000",8,5,2024,중개거래,경기 수원시팔달구,단독,1**,93.0,41115,개인,41.19,신풍동,41115,202405,
1962.0,개인,,,"83,000",16,5,2024,중개거래,경기 수원시 팔달구,단독,2**,229.0,41115,개인,108.53,지동,41115,202405,
1974.0,개인,,,"39,000",24,5,2024,직거래,,단독,3**,66.0,41115,개인,28.56,지동,41115,202405,
1962.0,개인,25.05.13,O,"79,821",16,5,2024,중개거래,경기 수원시 팔달구,단독,2**,212.0,41115,개인,108.53,지동,41115,202405,
1962.0,개인,24.06.13,O,"77,000",16,5,2024,중개거래,경기 수원시팔달구,단독,2**,212.0,41115,개인,108.53,지동,41115,202405,
1990.0,개인,,,"60,000",24,5,2024,중개거래,경기 수원시팔달구,단독,1**,158.0,41115,개인,288.31,지동,41115,202405,
1947.0,기타,,,"49,000",21,5,2024,중개거래,경기 수원시팔달구,단독,2**,125.0,41115,개인,28.36,지동,41115,202405,
1996.0,개인,,,"50,000",22,5,2024,중개거래,경기 수원시팔달구,다가구,1**,159.0,41115,개인,159.79,지동,41115,202405,
1990.0,개인,,,"55,000",4,5,2024,중개거래,경기 수원시팔달구,다가구,2**,195.0,41115,개인,304.71,지동,41115,202405,
1994.0,개인,,,"36,000",31,5,2024,중개거래,경기 수원시팔달구,다가구,8*,145.0,41115,개인,215.39,화서동,41115,202405,
2001.0,개인,,,"118,000",7,5,2024,중개거래,경기 수원시영통구,다가구,1***,195.9,41117,개인,414.85,영통동,41117,202405,
2003.0,개인,,,"100,000",9,5,2024,중개거래,경기 수원시영통구,단독,7*,194.0,41117,개인,442.88,원천동,41117,202405,
1989.0,개인,24.08.30,O,"88,000",20,6,2024,중개거래,경기 수원시 팔달구,단독,1**,323.0,41111,개인,324.43,송죽동,41111,202406,
1991.0,개인,,,"39,200",25,6,2024,중개거래,경기 수원시장안구,다가구,4**,143.2,41111,개인,198.79,송죽동,41111,202406,
1990.0,개인,,,"34,200",1,6,2024,중개거래,경기 수원시장안구,다가구,6*,93.0,41111,법인,140.81,연무동,41111,202406,
1978.0,개인,,,"40,000",19,6,2024,중개거래,경기 수원시장안구,단독,3**,180.9,41111,개인,79.51,영화동,41111,202406,
2009.0,개인,,,"119,000",29,6,2024,중개거래,경기 수원시 장안구,단독,4**,192.1,41111,개인,384.07,영화동,41111,202406,
1997.0,개인,,,"50,000",21,6,2024,중개거래,경기 수원시장안구,다가구,1**,174.0,41111,개인,277.96,율전동,41111,202406,
1981.0,개인,,,"34,000",29,6,2024,중개거래,경기 수원시 장안구,다가구,7*,161.5,41111,개인,152.0,정자동,41111,202406,
1976.0,개인,,,"27,500",7,6,2024,중개거래,경기 수원시장안구,단독,5**,198.0,41111,개인,74.08,조원동,41111,202406,
2004.0,개인,,,"95,000",24,6,2024,중개거래,경기 수원시 장안구,다가구,5**,243.4,41111,개인,412.33,천천동,41111,202406,
1986.0,개인,,,"23,000",1,6,2024,직거래,,다가구,5**,148.1,41111,개인,145.54,파장동,41111,202406,
1993.0,개인,,,"41,900",17,6,2024,중개거래,경기 수원시권선구,다가구,8*,176.0,41113,개인,255.96,고색동,41113,202406,
1991.0,개인,,,"73,500",17,6,2024,중개거래,경기 화성시,단독,4**,200.9,41113,법인,293.4,구운동,41113,202406,
1994.0,개인,,,"62,500",7,6,2024,중개거래,"경기 수원시 권선구, 경기 수원시 장안구",다가구,4**,181.0,41113,개인,330.78,구운동,41113,202406,
2002.0,개인,,,"129,000",12,6,2024,중개거래,경기 수원시 권선구,단독,9**,348.9,41113,개인,656.64,권선동,41113,202406,
1993.0,개인,,,"37,000",14,6,2024,중개거래,경기 수원시권선구,단독,2*,158.0,41113,개인,199.2,서둔동,41113,202406,
2014.0,개인,,,"74,000",21,6,2024,중개거래,경기 수원시 권선구,단독,4**,116.7,41113,개인,229.99,세류동,41113,202406,
2024.0,법인,24.07.17,O,"71,000",11,6,2024,직거래,,단독,1***,169.7,41113,법인,262.12,세류동,41113,202406,
2024.0,법인,24.07.17,O,"71,000",11,6,2024,직거래,,단독,1***,169.9,41113,법인,262.12,세류동,41113,202406,
1991.0,개인,,,"52,500",29,6,2024,중개거래,경기 수원시권선구,단독,4**,182.0,41113,개인,255.27,세류동,41113,202406,
1974.0,개인,,,"16,300",17,6,2024,중개거래,경기 수원시권선구,단독,6**,82.0,41113,개인,33.48,세류동,41113,202406,
1982.0,법인,,,"27,700",10,6,2024,중개거래,경기 수원시권선구,단독,2**,120.8,41113,개인,158.42,세류동,41113,202406,
1986.0,개인,,,"53,000",21,6,2024,중개거래,경기 수원시 팔달구,단독,5**,119.8,41115,개인,158.12,우만동,41115,202406,
1981.0,개인,,,"82,500",2,6,2024,중개거래,경기 수원시 팔달구,단독,1**,109.0,41115,개인,165.39,장안동,41115,202406,
1980.0,개인,,,"43,000",24,6,2024,중개거래,경기 수원시 팔달구,단독,2**,127.0,41115,개인,145.79,지동,41115,202406,
1995.0,개인,,,"74,500",9,6,2024,중개거래,경기 수원시 팔달구,다가구,1**,206.0,41115,개인,302.92,화서동,41115,202406,
1994.0,개인,,,"42,700",22,6,2024,중개거래,경기 수원시팔달구,다가구,1**,112.0,41115,개인,183.87,화서동,41115,202406,
1982.0,개인,,,"27,000",1,6,2024,중개거래,경기 수원시팔달구,단독,3**,164.0,41115,개인,72.47,화서동,41115,202406,
1978.0,개인,,,"28,000",28,6,2024,중개거래,경기 화성시,단독,1**,148.0,41117,개인,84.2,매탄동,41117,202406,
2002.0,개인,,,"96,000",20,6,2024,중개거래,경기 수원시 영통구,다가구,1***,240.8,41117,개인,548.56,매탄동,41117,202406,
2016.0,개인,,,"155,000",19,6,2024,중개거래,경기 수원시 영통구,다가구,8**,244.2,41117,개인,399.51,매탄동,41117,202406,
2002.0,개인,,,"110,000",10,6,2024,중개거래,경기 수원시영통구,다가구,1***,198.8,41117,개인,417.36,매탄동,41117,202406,
1990.0,개인,,,"35,000",10,6,2024,직거래,,단독,1***,176.0,41117,개인,210.72,매탄동,41117,202406,
2020.0,개인,,,"253,500",28,6,2024,직거래,,다가구,3**,385.0,41117,개인,852.02,신동,41117,202406,
1998.0,개인,,,"125,000",25,6,2024,중개거래,경기 수원시 영통구,단독,1***,197.8,41117,개인,326.6,영통동,41117,202406,
2001.0,개인,,,"113,000",24,6,2024,중개거래,경기 수원시영통구,다가구,1***,189.8,41117,개인,416.64,영통동,41117,202406,
2008.0,법인,,,"110,000",13,6,2024,중개거래,경기 수원시영통구,다가구,2**,277.0,41117,개인,443.92,원천동,41117,202406,
2008.0,법인,,,"110,000",12,6,2024,중개거래,경기 수원시영통구,다가구,2**,277.0,41117,개인,443.92,원천동,41117,202406,
2017.0,개인,,,"261,000",8,6,2024,중개거래,경기 수원시 영통구,단독,1***,332.9,41117,개인,404.91,이의동,41117,202406,
2015.0,개인,,,"215,000",14,6,2024,중개거래,경기 수원시 영통구,다가구,9**,252.0,41117,개인,452.71,하동,41117,202406,
1989.0,개인,,,"44,700",12,7,2024,중개거래,경기 수원시 장안구,단독,4**,107.4,41111,개인,182.61,송죽동,41111,202407,
1978.0,개인,,,"42,000",2,7,2024,중개거래,경기 수원시 장안구,단독,2**,201.0,41111,개인,141.91,송죽동,41111,202407,
1997.0,개인,,,"20,000",17,7,2024,중개거래,경기 화성시,다가구,3*,81.0,41111,개인,82.99,영화동,41111,202407,
1994.0,개인,,,"28,000",22,7,2024,중개거래,경기 수원시 장안구,단독,1**,165.0,41111,개인,199.55,영화동,41111,202407,
1977.0,개인,,,"59,500",22,7,2024,중개거래,경기 수원시 장안구,단독,4**,198.0,41111,개인,79.01,영화동,41111,202407,
1971.0,개인,,,"21,500",18,7,2024,중개거래,경기 수원시 장안구,단독,1**,112.0,41111,개인,50.58,영화동,41111,202407,
2015.0,개인,,,"200,000",22,7,2024,직거래,,단독,4**,333.0,41111,개인,834.52,율전동,41111,202407,
1985.0,개인,,,"40,400",3,7,2024,중개거래,경기 수원시장안구,단독,5**,136.9,41111,개인,167.55,파장동,41111,202407,
1996.0,개인,,,"47,300",20,7,2024,중개거래,경기 수원시 권선구,다가구,8*,171.0,41113,개인,257.38,고색동,41113,202407,
1983.0,개인,,,"33,000",12,7,2024,중개거래,경기 수원시 권선구,다가구,4*,101.0,41113,개인,100.93,고색동,41113,202407,
2006.0,개인,,,"170,000",12,7,2024,중개거래,경기 수원시권선구,다가구,5**,479.4,41113,개인,955.05,곡반정동,41113,202407,
2005.0,개인,,,"80,000",9,7,2024,중개거래,경기 수원시 권선구,다가구,5**,212.3,41113,개인,410.52,곡반정동,41113,202407,
1990.0,개인,,,"51,000",1,7,2024,중개거래,경기 수원시 권선구,단독,4**,184.1,41113,개인,187.14,구운동,41113,202407,
1993.0,개인,,,"47,000",10,7,2024,중개거래,경기 수원시 권선구,다가구,1*,140.0,41113,개인,149.98,서둔동,41113,202407,
1996.0,개인,,,"43,500",26,7,2024,중개거래,경기 수원시 권선구,다가구,1**,111.8,41113,개인,188.82,세류동,41113,202407,
1993.0,개인,,,"42,000",30,7,2024,중개거래,경기 수원시 권선구,다가구,1**,163.0,41115,개인,162.96,매산로3가,41115,202407,
1962.0,개인,,,"50,000",18,7,2024,중개거래,경기 수원시 장안구,단독,8*,136.0,41115,개인,55.54,신풍동,41115,202407,
1987.0,개인,,,"49,800",20,7,2024,중개거래,경기 수원시 팔달구,단독,5**,147.6,41115,개인,157.4,우만동,41115,202407,
1988.0,개인,,,"53,500",18,7,2024,중개거래,경기 수원시팔달구,다가구,5**,196.0,41115,개인,249.93,우만동,41115,202407,
1987.0,개인,,,"35,000",6,7,2024,중개거래,경기 수원시 영통구,다가구,4**,100.2,41115,개인,125.82,우만동,41115,202407,
1988.0,개인,,,"49,200",26,7,2024,직거래,,다가구,1***,150.1,41115,개인,337.2,인계동,41115,202407,
1970.0,법인,25.11.26,O,"97,000",24,7,2024,직거래,,단독,7**,99.0,41115,개인,119.24,인계동,41115,202407,
1980.0,개인,,,"32,000",30,7,2024,중개거래,경기 수원시 팔달구,단독,2**,122.0,41115,개인,115.71,지동,41115,202407,
2004.0,법인,,,"680,000",26,7,2024,중개거래,경기 수원시 팔달구,단독,1**,773.5,41115,개인,1304.75,화서동,41115,202407,
2001.0,개인,,,"69,000",20,7,2024,중개거래,경기 수원시 팔달구,다가구,1**,161.0,41115,개인,264.57,화서동,41115,202407,
1972.0,개인,,,"179,000",24,7,2024,중개거래,경기 수원시 장안구,다가구,1**,197.0,41115,개인,502.79,화서동,41115,202407,
1990.0,개인,,,"50,000",9,7,2024,중개거래,경기 수원시 팔달구,다가구,2**,168.0,41115,개인,278.84,화서동,41115,202407,
2003.0,개인,,,"123,000",20,7,2024,중개거래,경기 수원시 영통구,단독,1***,254.1,41117,개인,549.76,매탄동,41117,202407,
2004.0,개인,,,"100,000",20,7,2024,중개거래,경기 수원시 영통구,다가구,1***,193.3,41117,개인,411.2,매탄동,41117,202407,
2014.0,개인,,,"195,000",26,7,2024,중개거래,경기 수원시 영통구,단독,1***,286.3,41117,법인,494.17,이의동,41117,202407,
1989.0,개인,,,"88,000",30,8,2024,중개거래,경기 수원시 팔달구,단독,1**,323.0,41111,개인,324.43,송죽동,41111,202408,
1992.0,개인,,,"35,000",8,8,2024,중개거래,경기 수원시 장안구,다가구,5*,100.0,41111,개인,161.24,연무동,41111,202408,
2018.0,개인,,,"50,000",6,8,2024,중개거래,경기 수원시 장안구,단독,1**,103.0,41111,개인,98.82,연무동,41111,202408,
2017.0,개인,,,"147,000",10,8,2024,중개거래,경기 수원시 장안구,다가구,3**,234.5,41111,개인,466.88,영화동,41111,202408,
1984.0,개인,,,"30,500",21,8,2024,중개거래,경기 수원시 장안구,단독,3*,167.0,41111,개인,92.35,영화동,41111,202408,
1989.0,개인,,,"60,000",10,8,2024,중개거래,경기 수원시 장안구,단독,7**,175.2,41111,개인,414.12,조원동,41111,202408,
2016.0,개인,,,"45,000",19,8,2024,중개거래,경기 수원시 장안구,단독,4**,92.0,41111,개인,176.16,파장동,41111,202408,
1991.0,개인,24.12.23,O,"42,500",21,8,2024,중개거래,경기 수원시 권선구,단독,4*,133.0,41113,개인,111.68,고색동,41113,202408,
1984.0,개인,,,"36,900",14,8,2024,중개거래,경기 수원시 권선구,단독,1**,143.0,41113,개인,67.96,고색동,41113,202408,
1991.0,개인,24.09.20,O,"43,000",21,8,2024,중개거래,경기 수원시 권선구,단독,4**,187.1,41113,개인,225.0,구운동,41113,202408,
,개인,,,"66,808",1,8,2024,중개거래,경기 수원시 권선구,단독,5*,149.0,41113,개인,60.76,서둔동,41113,202408,
1978.0,개인,24.08.08,O,"73,200",1,8,2024,중개거래,경기 수원시권선구,단독,5*,202.0,41113,개인,60.76,서둔동,41113,202408,
2024.0,개인,,,"57,000",1,8,2024,중개거래,경기 수원시 권선구,단독,1*,181.0,41113,개인,98.99,서둔동,41113,202408,
1986.0,개인,,,"45,000",8,8,2024,중개거래,경기 수원시 권선구,단독,2**,121.9,41113,개인,210.87,세류동,41113,202408,
1972.0,개인,,,"30,000",9,8,2024,직거래,,단독,1**,142.0,41115,개인,47.9,고등동,41115,202408,
1977.0,개인,,,"46,000",7,8,2024,중개거래,경기 수원시 팔달구,단독,1**,133.6,41115,개인,83.24,고등동,41115,202408,
1991.0,개인,,,"13,000",2,8,2024,직거래,,단독,1**,136.0,41115,개인,81.46,매향동,41115,202408,
1997.0,개인,,,"39,500",8,8,2024,중개거래,경기 수원시 팔달구,다가구,5**,101.1,41115,개인,198.66,우만동,41115,202408,
2000.0,개인,,,"109,000",1,8,2024,중개거래,경기 수원시 팔달구,단독,4**,270.7,41115,개인,443.52,우만동,41115,202408,
2007.0,개인,,,"192,500",19,8,2024,중개거래,서울 동대문구,다가구,9**,390.1,41115,개인,835.9,인계동,41115,202408,
1981.0,개인,,,"34,000",28,8,2024,중개거래,경기 수원시 팔달구,단독,1**,104.7,41115,개인,69.72,화서동,41115,202408,
1997.0,법인,,,"141,000",1,8,2024,중개거래,경기 수원시 영통구,다가구,4**,310.0,41117,개인,496.23,매탄동,41117,202408,
2012.0,개인,,,"109,000",13,8,2024,중개거래,경기 수원시 영통구,다가구,2*,154.0,41117,개인,341.51,원천동,41117,202408,
2012.0,개인,24.09.23,O,"110,000",13,8,2024,중개거래,경기 수원시 영통구,다가구,2*,165.0,41117,개인,341.51,원천동,41117,202408,
2016.0,개인,,,"237,500",18,8,2024,중개거래,경기 수원시 영통구,다가구,1***,270.1,41117,개인,485.41,이의동,41117,202408,
1993.0,개인,,,"33,000",2,9,2024,중개거래,경기 수원시 장안구,다가구,5*,96.0,41111,개인,153.96,연무동,41111,202409,
2016.0,개인,,,"109,000",23,9,2024,중개거래,경기 수원시 장안구,다가구,1**,208.0,41111,개인,394.13,영화동,41111,202409,
1994.0,개인,,,"24,500",30,9,2024,중개거래,"경기 수원시 장안구, 경기 수원시 팔달구",단독,3*,71.0,41111,개인,115.55,영화동,41111,202409,
2003.0,개인,,,"60,000",28,9,2024,중개거래,경기 수원시 장안구,다가구,4**,151.5,41111,개인,327.75,영화동,41111,202409,
1974.0,개인,,,"27,500",3,9,2024,중개거래,경기 수원시 장안구,단독,2**,136.0,41111,개인,57.42,영화동,41111,202409,
2003.0,개인,,,"95,000",6,9,2024,중개거래,경기 수원시 장안구,다가구,4**,165.0,41111,개인,383.52,율전동,41111,202409,
2013.0,개인,,,"36,000",21,9,2024,중개거래,"경기 수원시 장안구, 경기 수원시 팔달구",단독,4**,104.0,41111,개인,115.53,파장동,41111,202409,
1995.0,개인,,,"50,800",9,9,2024,중개거래,경기 수원시 권선구,다가구,8*,166.0,41113,개인,281.52,고색동,41113,202409,
2023.0,개인,,,"164,000",21,9,2024,중개거래,경기 수원시 장안구,다가구,1***,192.3,41113,개인,399.36,권선동,41113,202409,
2002.0,개인,,,"125,000",6,9,2024,중개거래,"경기 수원시 권선구, 경기 수원시 영통구",단독,1***,235.4,41113,개인,469.09,권선동,41113,202409,
1984.0,개인,,,"47,000",29,9,2024,중개거래,경기 수원시 권선구,단독,1*,159.0,41113,개인,88.85,서둔동,41113,202409,
1982.0,법인,25.08.12,O,"30,000",30,9,2024,중개거래,경기 수원시 권선구,다가구,2**,120.8,41113,개인,161.32,세류동,41113,202409,
1981.0,개인,,,"28,250",6,9,2024,중개거래,경기 수원시 팔달구,단독,1*,83.0,41115,개인,86.17,남수동,41115,202409,
1971.0,개인,,,"20,900",11,9,2024,중개거래,경기 수원시 팔달구,단독,1**,86.0,41115,개인,62.15,매향동,41115,202409,
1990.0,개인,,,"67,000",9,9,2024,중개거래,경기 수원시 팔달구,다가구,4**,169.2,41115,개인,263.13,우만동,41115,202409,
1995.0,개인,,,"39,000",9,9,2024,중개거래,경기 수원시 팔달구,단독,5**,138.9,41115,개인,144.6,우만동,41115,202409,
1988.0,개인,,,"60,000",5,9,2024,중개거래,경기 수원시 팔달구,단독,4**,170.1,41115,개인,249.68,우만동,41115,202409,
1987.0,개인,,,"40,000",30,9,2024,중개거래,경기 수원시 팔달구,단독,1***,96.2,41115,개인,101.44,인계동,41115,202409,
1944.0,개인,,,"50,000",16,9,2024,직거래,,단독,3**,139.0,41115,개인,42.84,장안동,41115,202409,
1985.0,개인,,,"46,000",21,9,2024,중개거래,경기 수원시 팔달구,단독,1**,160.0,41115,개인,220.32,지동,41115,202409,
2002.0,개인,,,"89,500",26,9,2024,중개거래,경기 수원시 영통구,다가구,2**,232.1,41117,개인,493.14,매탄동,41117,202409,
1990.0,개인,,,"64,000",27,9,2024,중개거래,경기 수원시 영통구,단독,2**,176.5,41117,개인,230.97,매탄동,41117,202409,
1993.0,개인,,,"35,000",18,10,2024,중개거래,경기 수원시 장안구,단독,2**,145.7,41111,개인,158.66,연무동,41111,202410,
1971.0,개인,,,"25,500",11,10,2024,중개거래,경기 수원시 장안구,단독,1**,119.0,41111,개인,45.95,연무동,41111,202410,
2016.0,개인,24.11.30,O,"56,750",16,10,2024,중개거래,경기 수원시 장안구,다가구,1**,131.0,41111,개인,213.32,영화동,41111,202410,
1988.0,공공기관,,,"50,000",15,10,2024,중개거래,경기 수원시 장안구,단독,3**,183.0,41111,개인,244.98,영화동,41111,202410,
1994.0,개인,,,"31,950",2,10,2024,중개거래,경기 수원시 장안구,다가구,1**,140.0,41111,개인,199.55,영화동,41111,202410,
1973.0,개인,,,"13,000",17,10,2024,중개거래,경기 수원시 장안구,단독,3*,79.0,41111,개인,33.49,영화동,41111,202410,
2018.0,개인,,,"155,000",17,10,2024,중개거래,"경기 수원시 권선구, 경기 화성시",다가구,7**,228.9,41111,개인,458.81,조원동,41111,202410,
1995.0,개인,,,"100,000",21,10,2024,직거래,,단독,*,646.0,41113,개인,199.66,고색동,41113,202410,
1984.0,개인,,,"27,500",21,10,2024,중개거래,경기 수원시 권선구,단독,2**,147.0,41113,개인,75.13,고색동,41113,202410,
1991.0,개인,,,"44,900",7,10,2024,중개거래,경기 수원시 권선구,다가구,5*,155.0,41113,개인,219.0,고색동,41113,202410,
2024.0,개인,,,"113,000",1,10,2024,직거래,,단독,8*,358.0,41113,개인,95.87,고색동,41113,202410,
2005.0,개인,,,"84,500",23,10,2024,중개거래,경기 수원시 권선구,다가구,5**,175.7,41113,개인,389.5,곡반정동,41113,202410,
2006.0,개인,,,"69,500",20,10,2024,중개거래,경기 수원시 권선구,다가구,5**,173.8,41113,개인,356.44,곡반정동,41113,202410,
1994.0,개인,,,"81,500",20,10,2024,중개거래,경기 수원시 권선구,단독,1***,246.5,41113,개인,438.98,권선동,41113,202410,
1987.0,개인,,,"56,500",1,10,2024,중개거래,경기 수원시 권선구,단독,9**,168.2,41113,개인,169.74,권선동,41113,202410,
1971.0,개인,,,"67,000",17,10,2024,중개거래,경기 수원시 권선구,단독,2*,102.0,41113,개인,37.36,서둔동,41113,202410,
1990.0,개인,,,"49,000",25,10,2024,중개거래,경기 수원시 권선구,단독,3*,161.0,41113,개인,227.06,서둔동,41113,202410,
1985.0,개인,24.11.19,O,"33,000",24,10,2024,중개거래,경기 수원시 권선구,단독,3*,122.0,41113,개인,112.92,서둔동,41113,202410,
1985.0,개인,24.10.24,O,"33,000",9,10,2024,중개거래,경기 수원시 권선구,다가구,3*,122.0,41113,개인,122.0,서둔동,41113,202410,
1987.0,개인,,,"40,000",25,10,2024,중개거래,경기 수원시 권선구,단독,1***,120.8,41113,개인,209.82,세류동,41113,202410,
1993.0,개인,,,"38,000",19,10,2024,중개거래,경기 수원시 권선구,다가구,4**,124.0,41113,개인,167.13,호매실동,41113,202410,
2013.0,개인,,,"79,000",10,10,2024,중개거래,경기 수원시 팔달구,다가구,3*,204.2,41115,개인,302.65,고등동,41115,202410,
1974.0,개인,,,"24,000",30,10,2024,직거래,,단독,1*,162.0,41115,개인,30.41,남수동,41115,202410,
1995.0,개인,,,"89,000",25,10,2024,중개거래,"경기 수원시 영통구, 경기 수원시 팔달구",다가구,5**,198.5,41115,개인,349.38,우만동,41115,202410,
2002.0,개인,,,"160,000",12,10,2024,중개거래,"경기 수원시 팔달구, 경기 오산시",다가구,7*,251.0,41115,개인,475.44,우만동,41115,202410,
1987.0,개인,,,"44,500",5,10,2024,중개거래,경기 수원시 팔달구,다가구,5**,126.0,41115,개인,146.92,우만동,41115,202410,
1958.0,개인,,,"29,400",8,10,2024,직거래,,단독,7**,89.0,41115,개인,39.67,인계동,41115,202410,
2002.0,개인,,,"48,500",11,10,2024,중개거래,경기 수원시 팔달구,다가구,2**,135.0,41115,개인,289.53,지동,41115,202410,
2005.0,개인,,,"160,000",27,10,2024,중개거래,경기 수원시 팔달구,다가구,1**,277.0,41115,개인,544.45,화서동,41115,202410,
2003.0,개인,,,"58,000",13,10,2024,중개거래,경기 수원시 팔달구,다가구,1*,156.0,41115,개인,339.69,화서동,41115,202410,
1984.0,개인,,,"42,500",13,10,2024,중개거래,경기 수원시 팔달구,다가구,1**,100.0,41115,개인,106.68,화서동,41115,202410,
2004.0,개인,,,"47,600",12,10,2024,중개거래,경기 수원시 팔달구,다가구,1**,165.6,41115,개인,179.55,화서동,41115,202410,
1986.0,개인,,,"19,000",4,10,2024,중개거래,경기 수원시 팔달구,단독,1**,134.0,41115,개인,129.48,화서동,41115,202410,
1986.0,개인,24.10.08,O,"16,000",4,10,2024,중개거래,경기 수원시 팔달구,단독,1**,134.0,41115,개인,129.48,화서동,41115,202410,
2018.0,개인,,,"147,000",29,10,2024,중개거래,경기 수원시 권선구,다가구,2**,209.6,41117,개인,438.93,매탄동,41117,202410,
1990.0,개인,,,"58,700",17,10,2024,중개거래,경기 수원시 영통구,단독,2**,185.2,41117,개인,263.1,매탄동,41117,202410,
2017.0,개인,,,"107,311",18,10,2024,직거래,,다가구,4**,211.0,41117,개인,413.95,매탄동,41117,202410,
2017.0,개인,,,"146,000",22,10,2024,중개거래,경기 수원시 영통구,다가구,1**,193.0,41117,개인,364.57,매탄동,41117,202410,
1993.0,개인,,,"57,000",16,10,2024,직거래,,다가구,1***,173.4,41117,개인,329.44,매탄동,41117,202410,
1993.0,개인,,,"43,000",27,11,2024,중개거래,"경기 수원시 권선구, 경기 수원시 장안구",단독,6*,139.0,41111,개인,198.48,연무동,41111,202411,
1995.0,개인,,,"25,000",26,11,2024,중개거래,경기 수원시 장안구,단독,2**,127.6,41111,개인,179.81,연무동,41111,202411,
2004.0,개인,,,"65,500",23,11,2024,중개거래,경기 수원시 장안구,단독,4**,128.6,41111,개인,296.39,영화동,41111,202411,
2016.0,개인,,,"56,750",30,11,2024,중개거래,경기 수원시 장안구,다가구,1**,131.0,41111,개인,213.32,영화동,41111,202411,
2001.0,개인,,,"130,000",21,11,2024,중개거래,경기 수원시 장안구,단독,2**,210.0,41111,개인,463.05,율전동,41111,202411,
1975.0,개인,,,"11,000",7,11,2024,중개거래,경기 수원시 장안구,단독,6**,72.5,41111,개인,25.79,조원동,41111,202411,
1975.0,개인,,,"10,000",7,11,2024,중개거래,경기 수원시 장안구,단독,6**,72.5,41111,개인,22.51,조원동,41111,202411,
1992.0,개인,,,"62,500",30,11,2024,중개거래,경기 수원시 팔달구,다가구,2**,164.0,41111,개인,234.66,천천동,41111,202411,
2012.0,개인,25.03.04,O,"70,000",10,11,2024,중개거래,경기 수원시 장안구,다가구,4**,181.0,41111,개인,326.22,파장동,41111,202411,
1984.0,개인,,,"64,700",4,11,2024,중개거래,경기 수원시 장안구,단독,6**,258.8,41111,개인,232.06,파장동,41111,202411,
2024.0,개인,,,"95,000",20,11,2024,직거래,,단독,2**,519.0,41111,개인,80.81,하광교동,41111,202411,
1990.0,개인,,,"44,000",5,11,2024,중개거래,경기 수원시 권선구,단독,5**,191.7,41113,개인,238.57,구운동,41113,202411,
1994.0,개인,,,"89,500",20,11,2024,직거래,,다가구,1***,233.3,41113,개인,496.3,권선동,41113,202411,
1985.0,개인,,,"32,500",19,11,2024,중개거래,경기 수원시 권선구,단독,3*,122.0,41113,개인,112.92,서둔동,41113,202411,
1984.0,개인,,,"12,500",13,11,2024,중개거래,경기 수원시 권선구,단독,4**,112.3,41113,개인,78.975,세류동,41113,202411,
1989.0,기타,,,"48,000",9,11,2024,중개거래,경기 수원시 팔달구,다가구,9**,149.0,41113,개인,220.88,세류동,41113,202411,
2016.0,개인,,,"150,000",7,11,2024,중개거래,경기 수원시 권선구,단독,1***,289.0,41113,개인,553.2,호매실동,41113,202411,
1975.0,기타,,,"17,000",5,11,2024,중개거래,경기 수원시 팔달구,단독,*,116.0,41115,개인,95.7,교동,41115,202411,
1979.0,개인,,,"39,200",7,11,2024,중개거래,경기 수원시 팔달구,다가구,1**,217.0,41115,개인,120.79,남창동,41115,202411,
1988.0,개인,,,"64,000",15,11,2024,중개거래,경기 수원시 팔달구,단독,9**,170.7,41115,개인,191.86,인계동,41115,202411,
1992.0,개인,,,"50,850",16,11,2024,중개거래,경기 수원시 팔달구,다가구,1**,172.0,41115,개인,325.89,지동,41115,202411,
1992.0,개인,25.02.28,O,"51,300",16,11,2024,중개거래,경기 수원시 팔달구,다가구,1**,172.0,41115,개인,325.89,지동,41115,202411,
1959.0,개인,,,"22,000",14,11,2024,중개거래,경기 수원시 팔달구,단독,3**,155.0,41115,개인,49.59,지동,41115,202411,
1974.0,개인,,,"12,800",7,11,2024,중개거래,경기 수원시 팔달구,단독,1**,63.0,41115,개인,24.79,지동,41115,202411,
1974.0,개인,24.11.15,O,"6,400",7,11,2024,중개거래,경기 수원시 팔달구,단독,1**,63.0,41115,개인,24.79,지동,41115,202411,
1974.0,개인,24.11.15,O,"6,400",7,11,2024,중개거래,경기 수원시 팔달구,단독,1**,26.0,41115,개인,24.79,지동,41115,202411,
1989.0,개인,,,"58,000",3,11,2024,중개거래,경기 수원시 팔달구,단독,5*,185.8,41115,개인,219.35,화서동,41115,202411,
1989.0,개인,24.11.26,O,"58,300",3,11,2024,중개거래,경기 수원시 팔달구,다가구,5*,185.8,41115,개인,219.35,화서동,41115,202411,
1984.0,개인,,,"30,000",8,11,2024,중개거래,경기 수원시 팔달구,단독,8*,129.0,41115,개인,124.75,화서동,41115,202411,
1978.0,개인,,,"36,000",26,12,2024,중개거래,경기 수원시 장안구,다가구,1**,123.0,41111,개인,139.96,송죽동,41111,202412,
2023.0,개인,,,"140,000",9,12,2024,중개거래,경기 수원시 장안구,단독,4**,180.2,41111,법인,379.68,송죽동,41111,202412,
2001.0,개인,,,"87,500",17,12,2024,중개거래,경기 수원시 장안구,단독,*,175.0,41111,개인,250.95,연무동,41111,202412,
1998.0,개인,,,"63,500",25,12,2024,중개거래,경기 수원시 장안구,다가구,2**,135.0,41111,개인,237.84,율전동,41111,202412,
2017.0,개인,,,"307,880",4,12,2024,중개거래,경기 수원시 장안구,단독,2**,391.0,41111,개인,746.07,율전동,41111,202412,
1996.0,개인,,,"53,000",9,12,2024,직거래,,다가구,8*,198.0,41113,개인,346.16,고색동,41113,202412,
1990.0,개인,,,"46,500",20,12,2024,중개거래,경기 수원시 권선구,단독,4**,184.2,41113,개인,288.84,구운동,41113,202412,
1985.0,개인,,,"16,300",17,12,2024,직거래,,단독,8**,126.0,41113,개인,207.7,세류동,41113,202412,
1989.0,개인,,,"39,500",30,12,2024,중개거래,경기 수원시 권선구,단독,2*,184.0,41113,개인,156.01,탑동,41113,202412,
1959.0,개인,,,"11,300",30,12,2024,중개거래,경기 수원시 팔달구,단독,1**,26.0,41115,개인,30.21,매산로3가,41115,202412,
1994.0,개인,,,"33,500",10,12,2024,중개거래,경기 수원시 팔달구,다가구,1**,92.0,41115,개인,132.91,지동,41115,202412,
1985.0,개인,,,"40,000",2,12,2024,직거래,,다가구,4**,186.5,41115,개인,192.49,지동,41115,202412,
2001.0,개인,,,"55,500",2,12,2024,직거래,,단독,1**,157.0,41115,개인,92.4,지동,41115,202412,
2001.0,개인,,,"178,500",11,12,2024,중개거래,경기 수원시 팔달구,다가구,6**,300.0,41115,개인,490.74,화서동,41115,202412,
1989.0,개인,,,"40,400",10,12,2024,직거래,,다가구,1**,180.5,41117,개인,257.12,매탄동,41117,202412,
1992.0,개인,,,"41,500",9,12,2024,중개거래,경기 수원시 영통구,다가구,2**,132.0,41117,개인,223.02,매탄동,41117,202412,
2001.0,개인,,,"132,000",14,12,2024,중개거래,경기 수원시 영통구,다가구,1***,199.4,41117,개인,417.12,영통동,41117,202412,
1975.0,개인,,,"73,000",4,12,2024,직거래,,단독,2**,165.0,41117,개인,74.71,원천동,41117,202412,
1994.0,개인,,,"60,000",20,1,2025,중개거래,경기 수원시 장안구,다가구,3**,185.9,41111,개인,400.24,송죽동,41111,202501,
2003.0,개인,,,"121,000",14,1,2025,중개거래,경기 수원시 장안구,다가구,2**,254.7,41111,법인,501.83,연무동,41111,202501,
1996.0,개인,,,"34,000",9,1,2025,직거래,,다가구,5*,106.0,41111,개인,167.07,연무동,41111,202501,
1995.0,개인,25.02.01,O,"52,550",18,1,2025,중개거래,경기 수원시 장안구,다가구,1**,160.0,41111,개인,199.71,영화동,41111,202501,
2002.0,개인,,,"84,000",13,1,2025,중개거래,경기 수원시 장안구,다가구,3**,222.8,41111,개인,502.32,영화동,41111,202501,
1982.0,개인,,,"35,000",4,1,2025,중개거래,경기 수원시 장안구,단독,3**,122.8,41111,개인,194.8,영화동,41111,202501,
1978.0,개인,,,"27,000",21,1,2025,직거래,,단독,6**,99.0,41111,개인,20.3,조원동,41111,202501,
2001.0,개인,,,"103,000",24,1,2025,중개거래,경기 수원시 장안구,단독,5**,243.3,41111,개인,382.53,천천동,41111,202501,
1986.0,개인,,,"24,300",24,1,2025,중개거래,경기 수원시 권선구,단독,8**,109.0,41113,개인,139.3,고색동,41113,202501,
1991.0,개인,,,"23,200",20,1,2025,직거래,,단독,5**,120.0,41113,개인,65.6,구운동,41113,202501,
1989.0,개인,,,"67,000",14,1,2025,중개거래,경기 수원시 권선구,단독,1***,210.5,41113,개인,325.3,세류동,41113,202501,
1988.0,개인,25.04.04,O,"48,500",3,1,2025,중개거래,경기 수원시 권선구,단독,1***,171.8,41113,개인,176.35,세류동,41113,202501,
2015.0,개인,,,"85,630",16,1,2025,중개거래,경기 수원시 권선구,단독,1***,705.0,41113,개인,160.68,오목천동,41113,202501,
1990.0,개인,,,"35,000",16,1,2025,직거래,,단독,4*,114.9,41115,개인,195.45,고등동,41115,202501,
2017.0,개인,,,"77,000",17,1,2025,중개거래,경기 수원시 장안구,다가구,1**,124.0,41115,개인,233.88,매향동,41115,202501,
1989.0,개인,,,"57,000",5,1,2025,직거래,,다가구,2**,144.0,41115,개인,192.15,화서동,41115,202501,
1985.0,개인,25.02.07,O,"50,000",4,1,2025,중개거래,경기 수원시 팔달구,단독,1**,123.0,41115,개인,107.85,화서동,41115,202501,
1991.0,개인,,,"53,000",11,1,2025,중개거래,경기 수원시 영통구,단독,1**,194.9,41117,개인,287.28,매탄동,41117,202501,
1983.0,개인,,,"42,000",25,2,2025,중개거래,경기 수원시 장안구,다가구,2**,173.0,41111,개인,135.63,연무동,41111,202502,
2018.0,개인,,,"188,000",17,2,2025,직거래,,다가구,2**,175.0,41111,개인,723.51,연무동,41111,202502,
1993.0,개인,,,"30,000",14,2,2025,중개거래,경기 수원시 장안구,단독,6*,99.0,41111,개인,159.7,연무동,41111,202502,
1968.0,개인,,,"25,500",26,2,2025,중개거래,경기 수원시 장안구,단독,1**,142.0,41111,개인,61.55,영화동,41111,202502,
2004.0,개인,,,"38,500",24,2,2025,중개거래,경기 수원시 장안구,다가구,3**,112.0,41111,개인,223.65,정자동,41111,202502,
1984.0,개인,,,"58,000",9,2,2025,중개거래,경기 수원시 장안구,단독,7**,213.1,41111,개인,162.48,조원동,41111,202502,
2004.0,개인,,,"82,000",6,2,2025,중개거래,경기 수원시 장안구,다가구,7**,163.8,41111,개인,442.61,조원동,41111,202502,
1996.0,개인,,,"26,000",22,2,2025,중개거래,경기 수원시 장안구,다가구,4**,103.0,41111,개인,147.96,파장동,41111,202502,
1979.0,개인,,,"20,000",25,2,2025,중개거래,경기 수원시 권선구,단독,2**,119.0,41113,개인,64.23,고색동,41113,202502,
1989.0,개인,,,"47,000",25,2,2025,직거래,,단독,5**,178.5,41113,개인,178.92,구운동,41113,202502,
2012.0,개인,,,"87,000",28,2,2025,중개거래,경기 수원시 권선구,다가구,2**,223.0,41113,개인,420.0,서둔동,41113,202502,
1994.0,개인,,,"56,550",1,2,2025,중개거래,경기 수원시 권선구,단독,1**,248.0,41113,개인,111.25,세류동,41113,202502,
1994.0,개인,25.04.30,O,"60,000",1,2,2025,중개거래,경기 수원시 권선구,단독,1**,327.0,41113,개인,111.25,세류동,41113,202502,
1970.0,개인,,,"59,000",14,2,2025,중개거래,경기 수원시 권선구,단독,4*,161.0,41113,개인,57.95,평동,41113,202502,
1956.0,개인,,,"23,000",8,2,2025,직거래,,단독,9*,142.0,41115,법인,29.42,고등동,41115,202502,
1976.0,개인,,,"30,500",22,2,2025,중개거래,경기 수원시 팔달구,단독,1*,140.8,41115,개인,70.84,고등동,41115,202502,
2002.0,개인,,,"120,000",5,2,2025,중개거래,경기 수원시 팔달구,다가구,8*,298.5,41115,개인,502.86,고등동,41115,202502,
1991.0,개인,,,"40,000",1,2,2025,중개거래,경기 수원시 팔달구,다가구,4**,153.8,41115,개인,199.92,우만동,41115,202502,
1988.0,개인,,,"45,000",7,2,2025,중개거래,경기 수원시 팔달구,다가구,5**,133.3,41115,개인,218.04,우만동,41115,202502,
1987.0,개인,,,"45,000",15,2,2025,중개거래,경기 수원시 팔달구,단독,5**,102.7,41115,개인,142.4,우만동,41115,202502,
1974.0,개인,,,"4,000",13,2,2025,중개거래,경기 수원시 팔달구,단독,2**,33.0,41115,개인,18.05,지동,41115,202502,
1974.0,개인,,,"8,000",13,2,2025,중개거래,경기 수원시 팔달구,단독,2**,66.0,41115,개인,32.4,지동,41115,202502,
1971.0,개인,25.05.30,O,"28,000",26,2,2025,중개거래,경기 수원시 장안구,단독,2**,126.0,41115,개인,49.59,지동,41115,202502,
1972.0,개인,,,"50,000",8,2,2025,중개거래,경기 수원시 팔달구,단독,2**,132.0,41115,개인,108.2,지동,41115,202502,
1985.0,개인,,,"50,000",7,2,2025,중개거래,경기 수원시 팔달구,단독,1**,123.0,41115,개인,107.85,화서동,41115,202502,
2002.0,개인,,,"105,000",3,2,2025,중개거래,경기 수원시 영통구,다가구,1***,229.0,41117,개인,503.2,매탄동,41117,202502,
2015.0,개인,,,"240,000",26,2,2025,중개거래,"경기 성남시 분당구, 경기 수원시 영통구",다가구,1***,300.2,41117,개인,631.98,이의동,41117,202502,
1978.0,개인,,,"43,000",12,3,2025,중개거래,경기 수원시 장안구,단독,7*,175.0,41111,개인,74.43,상광교동,41111,202503,
1992.0,개인,,,"38,000",7,3,2025,중개거래,경기 수원시 장안구,단독,2**,150.0,41111,개인,194.82,송죽동,41111,202503,
1964.0,개인,,,"10,000",15,3,2025,중개거래,경기 수원시 장안구,단독,6*,60.0,41111,개인,24.56,연무동,41111,202503,
1995.0,개인,,,"31,700",8,3,2025,중개거래,경기 수원시 장안구,다가구,6*,82.0,41111,개인,136.96,연무동,41111,202503,
1992.0,개인,,,"80,000",26,3,2025,중개거래,경기 수원시 장안구,단독,3*,205.0,41111,개인,577.97,영화동,41111,202503,
2004.0,개인,,,"28,000",25,3,2025,직거래,,단독,1**,132.0,41111,개인,77.04,율전동,41111,202503,
1977.0,공공기관,,,"47,300",21,3,2025,중개거래,경기 수원시 권선구,단독,4*,143.0,41111,개인,69.41,정자동,41111,202503,
1989.0,개인,,,"45,700",15,3,2025,중개거래,경기 수원시 장안구,단독,7*,144.0,41111,개인,225.0,정자동,41111,202503,
1984.0,법인,,,"76,000",17,3,2025,직거래,,다가구,5*,202.8,41111,개인,161.61,정자동,41111,202503,
1970.0,개인,,,"32,000",21,3,2025,중개거래,경기 수원시 장안구,단독,4**,142.0,41111,개인,59.5,조원동,41111,202503,
1989.0,개인,,,"40,000",1,3,2025,중개거래,경기 수원시 장안구,단독,7**,132.6,41111,개인,215.1,조원동,41111,202503,
2012.0,개인,,,"70,000",10,3,2025,중개거래,경기 수원시 장안구,다가구,4**,181.0,41111,개인,326.22,파장동,41111,202503,
2012.0,개인,25.03.10,O,"70,000",4,3,2025,중개거래,경기 수원시 장안구,다가구,4**,181.0,41111,개인,326.22,파장동,41111,202503,
1994.0,개인,,,"32,000",23,3,2025,중개거래,경기 수원시 영통구,단독,1**,126.005,41111,개인,59.5,하광교동,41111,202503,
1983.0,개인,,,"31,000",14,3,2025,중개거래,경기 수원시 권선구,다가구,4*,108.0,41113,개인,113.26,고색동,41113,202503,
2007.0,개인,,,"56,300",12,3,2025,중개거래,경기 수원시 권선구,다가구,5**,159.9,41113,개인,369.43,곡반정동,41113,202503,
1996.0,개인,,,"134,500",20,3,2025,중개거래,경기 수원시 권선구,다가구,1***,241.8,41113,개인,428.28,권선동,41113,202503,
1976.0,개인,,,"22,900",27,3,2025,직거래,,단독,4*,139.0,41113,개인,49.92,서둔동,41113,202503,
1995.0,개인,,,"45,000",20,3,2025,중개거래,경기 수원시 권선구,다가구,3*,156.0,41113,개인,232.61,서둔동,41113,202503,
1989.0,개인,25.04.07,O,"39,500",28,3,2025,중개거래,경기 수원시 팔달구,다가구,2**,121.0,41113,개인,186.82,세류동,41113,202503,
1993.0,개인,,,"50,000",11,3,2025,직거래,,단독,1***,178.2,41113,개인,294.66,세류동,41113,202503,
1978.0,개인,,,"19,000",16,3,2025,중개거래,경기 평택시,단독,1***,123.0,41113,개인,76.7,세류동,41113,202503,
2013.0,개인,,,"33,150",1,3,2025,중개거래,경기 수원시 팔달구,단독,1***,444.5,41113,개인,128.92,세류동,41113,202503,
1987.0,개인,,,"35,500",13,3,2025,직거래,,단독,1***,181.7,41113,개인,138.97,세류동,41113,202503,
1985.0,개인,,,"15,000",5,3,2025,중개거래,경기 수원시 권선구,다가구,4**,158.5,41113,개인,161.04,세류동,41113,202503,
1988.0,개인,,,"30,000",10,3,2025,직거래,,다가구,*,148.0,41113,개인,184.05,장지동,41113,202503,
2014.0,개인,,,"135,000",6,3,2025,중개거래,경기 수원시 권선구,다가구,1***,303.9,41113,개인,483.24,호매실동,41113,202503,
1984.0,개인,,,"70,000",24,3,2025,중개거래,경기 수원시 팔달구,단독,2**,156.0,41115,개인,176.92,고등동,41115,202503,
1987.0,개인,,,"22,000",11,3,2025,중개거래,경기 수원시 팔달구,다가구,8*,112.0,41115,개인,106.99,매산로3가,41115,202503,
1983.0,개인,,,"29,500",26,3,2025,중개거래,경기 수원시 장안구,단독,3*,102.0,41115,개인,44.9,북수동,41115,202503,
2002.0,개인,,,"100,000",20,3,2025,중개거래,경기 수원시 팔달구,다가구,1**,243.0,41115,개인,399.39,우만동,41115,202503,
1966.0,개인,,,"40,000",14,3,2025,중개거래,경기 수원시 팔달구,단독,1**,111.0,41115,개인,55.44,장안동,41115,202503,
1997.0,개인,,,"37,200",27,3,2025,중개거래,경기 수원시 팔달구,다가구,2**,141.0,41115,개인,152.98,지동,41115,202503,
1970.0,개인,,,"21,000",5,3,2025,중개거래,경기 수원시 팔달구,단독,2**,99.0,41115,개인,36.36,지동,41115,202503,
1984.0,개인,,,"25,000",12,3,2025,중개거래,경기 수원시 팔달구,단독,8*,177.0,41115,개인,124.74,화서동,41115,202503,
2001.0,개인,,,"114,000",29,3,2025,중개거래,경기 수원시 영통구,단독,1***,235.0,41117,개인,387.76,영통동,41117,202503,
2021.0,개인,,,"225,227",4,3,2025,직거래,,다가구,3**,445.0,41117,법인,1221.72,원천동,41117,202503,
2017.0,개인,25.04.16,O,"169,000",18,3,2025,중개거래,경기 수원시 권선구,단독,1***,252.0,41117,개인,343.11,이의동,41117,202503,
2017.0,개인,,,"143,500",10,4,2025,중개거래,경기 수원시 권선구,다가구,2**,235.0,41111,개인,475.74,송죽동,41111,202504,
1987.0,개인,,,"47,500",21,4,2025,중개거래,경기 수원시 장안구,단독,2**,152.3,41111,개인,189.34,연무동,41111,202504,
2015.0,개인,,,"26,000",14,4,2025,중개거래,경기 수원시 장안구,다가구,1**,97.0,41111,개인,154.82,연무동,41111,202504,
1983.0,개인,,,"36,000",25,4,2025,중개거래,"경기 수원시 영통구, 경기 수원시 장안구",단독,2**,148.0,41111,개인,132.98,연무동,41111,202504,
1991.0,개인,,,"48,500",16,4,2025,중개거래,경기 수원시 장안구,단독,2**,166.8,41111,개인,259.2,연무동,41111,202504,
1986.0,개인,,,"51,370",29,4,2025,중개거래,경기 수원시 장안구,단독,4**,160.0,41111,개인,234.93,율전동,41111,202504,
2004.0,개인,,,"135,000",7,4,2025,중개거래,"경기 수원시 영통구, 경기 수원시 장안구",다가구,2**,187.0,41111,개인,427.03,율전동,41111,202504,
1988.0,개인,,,"46,000",7,4,2025,직거래,,다가구,4**,182.0,41111,개인,224.83,율전동,41111,202504,
1990.0,법인,,,"114,000",18,4,2025,중개거래,경기 수원시 장안구,단독,4*,154.9,41111,개인,329.25,정자동,41111,202504,
1996.0,개인,,,"33,000",23,4,2025,중개거래,경기 수원시 권선구,다가구,1**,98.6,41113,개인,173.34,세류동,41113,202504,
1993.0,개인,,,"59,400",8,4,2025,중개거래,경기 수원시 권선구,다가구,9*,182.0,41113,개인,299.58,세류동,41113,202504,
2020.0,개인,,,"75,600",24,4,2025,중개거래,경기 수원시 권선구,다가구,1***,121.6,41113,개인,200.57,세류동,41113,202504,
1988.0,개인,,,"48,500",4,4,2025,중개거래,경기 수원시 권선구,단독,1***,171.8,41113,개인,176.35,세류동,41113,202504,
1970.0,개인,,,"16,000",15,4,2025,중개거래,경기 수원시 권선구,단독,4*,79.0,41113,개인,68.42,평동,41113,202504,
1969.0,개인,25.06.13,O,"14,000",14,4,2025,중개거래,"경기 수원시 장안구, 경기 수원시 팔달구",단독,1*,116.0,41115,개인,48.4,매향동,41115,202504,
1988.0,개인,,,"50,000",24,4,2025,중개거래,경기 수원시 권선구,다가구,4**,165.4,41115,개인,254.65,우만동,41115,202504,
1989.0,법인,25.08.26,O,"82,500",8,4,2025,중개거래,경기 수원시 팔달구,단독,1***,182.3,41115,개인,251.16,인계동,41115,202504,
1971.0,개인,,,"12,000",19,4,2025,직거래,,단독,1**,102.0,41115,개인,46.28,지동,41115,202504,
1969.0,개인,,,"16,600",23,4,2025,중개거래,경기 수원시 팔달구,단독,1**,93.0,41115,개인,44.3,지동,41115,202504,
1972.0,개인,,,"17,500",15,4,2025,중개거래,경기 수원시 팔달구,단독,2**,106.0,41115,개인,41.39,지동,41115,202504,
1987.0,개인,,,"62,500",10,4,2025,중개거래,경기 수원시 영통구,다가구,1**,190.0,41117,개인,253.35,매탄동,41117,202504,
2019.0,개인,,,"127,500",10,4,2025,직거래,,다가구,8**,199.0,41117,개인,407.29,매탄동,41117,202504,
2017.0,개인,,,"166,096",30,4,2025,중개거래,경기 수원시 권선구,단독,1***,252.0,41117,개인,343.11,이의동,41117,202504,
2017.0,개인,25.07.30,O,"169,000",30,4,2025,중개거래,경기 수원시 권선구,단독,1***,290.7,41117,개인,343.11,이의동,41117,202504,
2017.0,개인,25.07.28,O,"169,000",30,4,2025,중개거래,경기 수원시 권선구,단독,1***,252.0,41117,개인,343.11,이의동,41117,202504,
1968.0,개인,,,"27,000",29,5,2025,직거래,,단독,1**,162.0,41111,개인,66.31,영화동,41111,202505,
2011.0,개인,,,"101,000",12,5,2025,중개거래,경기 수원시 장안구,다가구,1**,197.0,41111,개인,375.6,영화동,41111,202505,
1983.0,개인,,,"36,500",12,5,2025,중개거래,경기 수원시 장안구,단독,7**,144.9,41111,개인,150.07,조원동,41111,202505,
1978.0,개인,,,"26,500",19,5,2025,중개거래,경기 수원시 장안구,단독,5**,141.1,41111,개인,98.09,파장동,41111,202505,
1991.0,개인,,,"35,000",19,5,2025,중개거래,경기 수원시 권선구,단독,4*,133.0,41113,개인,176.57,고색동,41113,202505,
2004.0,개인,,,"74,000",2,5,2025,중개거래,경기 수원시 권선구,단독,9**,176.0,41113,개인,415.44,권선동,41113,202505,
1974.0,법인,25.09.13,O,"22,000",13,5,2025,중개거래,경기 수원시 권선구,단독,1**,136.0,41113,개인,57.69,서둔동,41113,202505,
1984.0,개인,,,"28,700",14,5,2025,중개거래,경기 수원시 권선구,다가구,2**,144.0,41113,개인,127.0,서둔동,41113,202505,
1986.0,개인,,,"58,000",26,5,2025,중개거래,경기 수원시 권선구,단독,1*,181.0,41113,개인,121.94,서둔동,41113,202505,
2002.0,개인,25.05.01,O,"40,000",1,5,2025,중개거래,경기 수원시 권선구,단독,3*,136.0,41113,개인,239.95,서둔동,41113,202505,
2002.0,개인,,,"90,000",14,5,2025,직거래,,단독,1***,219.0,41113,개인,328.98,세류동,41113,202505,
1980.0,개인,,,"34,000",14,5,2025,직거래,,단독,1***,133.0,41113,개인,128.91,세류동,41113,202505,
1980.0,개인,,,"32,000",14,5,2025,직거래,,단독,1***,119.0,41113,개인,75.67,세류동,41113,202505,
1978.0,개인,,,"17,500",26,5,2025,중개거래,경기 수원시 권선구,다가구,8**,128.0,41113,개인,136.59,세류동,41113,202505,
1987.0,개인,,,"63,200",22,5,2025,중개거래,경기 화성시,단독,1***,176.5,41113,개인,189.49,세류동,41113,202505,
2006.0,개인,,,"45,000",5,5,2025,중개거래,경기 수원시 권선구,다가구,8**,111.1,41113,개인,200.81,탑동,41113,202505,
1986.0,개인,,,"28,000",20,5,2025,중개거래,경기 수원시 권선구,단독,8**,106.0,41113,개인,93.93,탑동,41113,202505,
1971.0,개인,,,"25,000",12,5,2025,중개거래,경기 수원시 권선구,단독,4*,105.0,41113,개인,47.93,평동,41113,202505,
1978.0,개인,,,"79,000",9,5,2025,중개거래,경기 수원시 팔달구,단독,4*,266.0,41115,개인,191.41,고등동,41115,202505,
1965.0,개인,25.05.31,O,"13,700",3,5,2025,중개거래,서울 서초구,단독,1**,80.5,41115,개인,32.86,매산로3가,41115,202505,
2002.0,개인,,,"19,751",2,5,2025,중개거래,경기 수원시 팔달구,다가구,1**,104.0,41115,개인,157.06,매향동,41115,202505,
1969.0,개인,,,"25,000",26,5,2025,직거래,,단독,9*,241.0,41115,개인,82.02,북수동,41115,202505,
1974.0,개인,,,"47,000",26,5,2025,직거래,,단독,9*,241.0,41115,개인,153.37,북수동,41115,202505,
1993.0,개인,,,"46,000",3,5,2025,중개거래,"경기 수원시 팔달구, 경기 용인시 수지구",다가구,4**,154.0,41115,개인,199.52,우만동,41115,202505,
1986.0,개인,25.07.30,O,"50,000",27,5,2025,중개거래,경기 수원시 팔달구,다가구,4**,129.7,41115,개인,117.66,우만동,41115,202505,
1985.0,개인,,,"56,500",28,5,2025,중개거래,경기 수원시 팔달구,다가구,4**,168.5,41115,개인,174.42,우만동,41115,202505,
1988.0,개인,,,"68,500",20,5,2025,중개거래,경기 수원시 팔달구,단독,4**,165.3,41115,개인,245.82,우만동,41115,202505,
1985.0,개인,,,"40,000",17,5,2025,중개거래,경기 수원시 팔달구,단독,5**,121.9,41115,개인,125.46,우만동,41115,202505,
1975.0,개인,,,"47,000",21,5,2025,중개거래,경기 수원시 장안구,단독,2**,116.0,41115,개인,44.0,지동,41115,202505,
1974.0,개인,,,"22,200",10,5,2025,중개거래,경기 수원시 팔달구,단독,2**,136.0,41115,개인,58.68,지동,41115,202505,
1991.0,개인,,,"63,500",31,5,2025,중개거래,경기 수원시 영통구,단독,2**,186.7,41117,개인,297.81,매탄동,41117,202505,
1977.0,개인,,,"57,000",7,5,2025,중개거래,경기 수원시 영통구,다가구,1**,155.0,41117,개인,177.86,매탄동,41117,202505,
,개인,,,"115,000",12,5,2025,중개거래,경기 수원시 영통구,다가구,1***,184.3,41117,개인,474.38,매탄동,41117,202505,
2001.0,개인,,,"132,500",8,5,2025,중개거래,경기 수원시 영통구,다가구,1***,196.1,41117,개인,406.39,영통동,41117,202505,
1983.0,개인,,,"50,000",27,6,2025,중개거래,"경기 수원시 영통구, 경기 수원시 장안구",단독,2**,181.3,41111,개인,160.75,연무동,41111,202506,
1993.0,개인,,,"64,500",17,6,2025,중개거래,경기 수원시 장안구,다가구,2**,168.9,41111,개인,370.95,연무동,41111,202506,
2002.0,개인,,,"32,000",11,6,2025,중개거래,경기 수원시 장안구,단독,2**,95.9,41111,개인,102.92,연무동,41111,202506,
2004.0,개인,,,"122,000",25,6,2025,중개거래,경기 수원시 장안구,다가구,1**,210.0,41111,개인,418.75,영화동,41111,202506,
1989.0,개인,,,"70,000",18,6,2025,중개거래,경기 수원시 장안구,다가구,4**,224.7,41111,개인,220.47,영화동,41111,202506,
1980.0,개인,,,"62,500",29,6,2025,중개거래,경기 수원시 장안구,다가구,4**,223.7,41111,개인,189.98,영화동,41111,202506,
2023.0,개인,,,"175,000",12,6,2025,중개거래,경기 수원시 장안구,다가구,3**,218.3,41111,개인,427.66,영화동,41111,202506,
2003.0,개인,,,"110,500",25,6,2025,중개거래,경기 수원시 장안구,다가구,4**,159.0,41111,개인,329.02,율전동,41111,202506,
2004.0,개인,26.02.02,O,"64,700",2,6,2025,직거래,,다가구,2**,167.0,41111,개인,288.9,율전동,41111,202506,
1994.0,개인,,,"59,800",19,6,2025,중개거래,경기 수원시 장안구,다가구,3**,199.0,41111,개인,270.54,율전동,41111,202506,
2021.0,개인,,,"115,000",4,6,2025,중개거래,경기 수원시 장안구,다가구,2**,127.0,41111,개인,285.14,율전동,41111,202506,
1981.0,개인,,,"28,507",5,6,2025,중개거래,경기 수원시 장안구,단독,1**,139.0,41111,개인,83.54,율전동,41111,202506,
1985.0,개인,,,"68,800",13,6,2025,중개거래,"경기 수원시 장안구, 경기 수원시 팔달구",단독,5*,154.5,41111,개인,200.41,정자동,41111,202506,
1978.0,개인,,,"27,200",21,6,2025,중개거래,경기 수원시 장안구,단독,6**,99.0,41111,개인,66.99,조원동,41111,202506,
2016.0,개인,,,"146,000",18,6,2025,중개거래,경기 수원시 장안구,다가구,7**,243.4,41111,개인,553.15,조원동,41111,202506,
1989.0,개인,,,"48,000",27,6,2025,중개거래,"경기 수원시 장안구, 서울 성북구",단독,5**,126.0,41111,개인,216.3,파장동,41111,202506,
2003.0,개인,,,"70,000",9,6,2025,중개거래,경기 수원시 장안구,다가구,5**,188.5,41111,개인,366.42,파장동,41111,202506,
1988.0,법인,,,"69,000",8,6,2025,직거래,,다가구,9**,154.0,41113,개인,168.8,권선동,41113,202506,
1986.0,법인,,,"69,000",8,6,2025,직거래,,다가구,9**,151.2,41113,개인,168.81,권선동,41113,202506,
1970.0,개인,,,"17,000",12,6,2025,중개거래,경기 수원시 권선구,단독,1***,96.0,41113,개인,35.5,세류동,41113,202506,
1988.0,개인,,,"60,000",25,6,2025,중개거래,경기 수원시 권선구,단독,1***,205.5,41113,개인,276.3,세류동,41113,202506,
1984.0,개인,,,"49,500",27,6,2025,중개거래,경기 수원시 권선구,단독,9**,176.0,41113,개인,225.41,세류동,41113,202506,
1980.0,개인,,,"32,000",16,6,2025,중개거래,"경기 수원시 팔달구, 경기 화성시",단독,1***,122.8,41113,개인,105.83,세류동,41113,202506,
1972.0,개인,,,"219,700",26,6,2025,직거래,,단독,1*,572.0,41113,개인,71.4,평동,41113,202506,
2017.0,개인,,,"160,000",30,6,2025,중개거래,경기 수원시 권선구,단독,1***,269.9,41113,개인,479.28,호매실동,41113,202506,
2014.0,개인,25.07.01,O,"135,000",2,6,2025,중개거래,경기 수원시 권선구,단독,1***,303.9,41113,개인,483.24,호매실동,41113,202506,
1976.0,개인,,,"14,000",19,6,2025,중개거래,경기 수원시 팔달구,단독,7*,43.0,41115,개인,13.5,매산로3가,41115,202506,
1969.0,개인,,,"14,000",13,6,2025,중개거래,"경기 수원시 장안구, 경기 수원시 팔달구",단독,1*,116.0,41115,개인,48.4,매향동,41115,202506,
1988.0,개인,,,"57,800",21,6,2025,중개거래,경기 수원시 팔달구,다가구,5**,157.9,41115,개인,236.33,우만동,41115,202506,
1985.0,개인,,,"88,000",17,6,2025,중개거래,"경기 수원시 팔달구, 경기 용인시 수지구",단독,4**,167.4,41115,개인,214.46,우만동,41115,202506,
1991.0,개인,,,"70,500",6,6,2025,중개거래,경기 수원시 팔달구,다가구,5**,158.6,41115,개인,251.82,우만동,41115,202506,
1979.0,개인,,,"48,000",10,6,2025,중개거래,경기 수원시 팔달구,단독,5**,132.8,41115,개인,76.1,우만동,41115,202506,
1971.0,개인,25.07.22,O,"28,000",20,6,2025,중개거래,경기 수원시 장안구,단독,2**,126.0,41115,개인,49.59,지동,41115,202506,
1969.0,법인,,,"68,600",27,6,2025,중개거래,경기 수원시 장안구,단독,1**,162.0,41115,개인,57.52,지동,41115,202506,
1969.0,법인,,,"56,000",27,6,2025,중개거래,경기 수원시 장안구,단독,1**,132.0,41115,개인,56.86,지동,41115,202506,
1989.0,개인,,,"46,500",27,6,2025,중개거래,경기 수원시 팔달구,다가구,2**,126.0,41115,개인,191.28,화서동,41115,202506,
1987.0,개인,25.08.14,O,"63,000",23,6,2025,중개거래,경기 수원시 팔달구,다가구,1**,180.5,41115,개인,306.62,화서동,41115,202506,
2003.0,개인,,,"119,000",17,6,2025,중개거래,경기 수원시 권선구,다가구,3**,254.0,41117,개인,499.32,망포동,41117,202506,
1989.0,개인,,,"50,000",12,6,2025,직거래,,다가구,1**,194.5,41117,개인,222.68,매탄동,41117,202506,
1991.0,개인,,,"44,725",17,6,2025,중개거래,경기 수원시 영통구,다가구,1**,175.0,41117,개인,299.79,매탄동,41117,202506,
1991.0,개인,,,"59,000",3,6,2025,중개거래,경기 수원시 영통구,단독,1**,195.0,41117,개인,292.68,매탄동,41117,202506,
2003.0,개인,,,"183,000",27,6,2025,중개거래,경기 수원시 영통구,다가구,1**,358.0,41117,개인,652.98,원천동,41117,202506,
2011.0,개인,,,"170,000",10,7,2025,중개거래,경기 수원시 장안구,다가구,4**,320.8,41111,개인,481.14,영화동,41111,202507,
1996.0,개인,,,"55,000",19,7,2025,중개거래,경기 수원시 장안구,다가구,7**,203.7,41111,개인,348.04,조원동,41111,202507,
2001.0,개인,,,"101,000",24,7,2025,중개거래,경기 수원시 장안구,단독,5**,224.2,41111,개인,361.32,천천동,41111,202507,
2008.0,법인,,,"130,000",15,7,2025,직거래,,단독,3**,203.7,41111,개인,400.24,천천동,41111,202507,
1985.0,개인,,,"19,500",12,7,2025,중개거래,"경기 수원시 장안구, 경기 수원시 팔달구",단독,5**,158.3,41111,개인,114.53,파장동,41111,202507,
1984.0,개인,,,"24,000",18,7,2025,중개거래,"경기 수원시 팔달구, 경기 화성시",단독,8*,116.0,41113,개인,80.45,고색동,41113,202507,
1990.0,개인,,,"53,500",26,7,2025,중개거래,경기 수원시 권선구,단독,4**,198.0,41113,개인,273.51,구운동,41113,202507,
2002.0,개인,,,"111,500",17,7,2025,중개거래,경기 수원시 권선구,단독,9**,321.8,41113,개인,740.7,구운동,41113,202507,
1989.0,개인,,,"85,000",22,7,2025,중개거래,경기 수원시 권선구,단독,8**,171.0,41113,개인,372.3,세류동,41113,202507,
1983.0,개인,,,"27,000",23,7,2025,중개거래,경기 수원시 권선구,다가구,4**,133.6,41113,개인,124.19,세류동,41113,202507,
1987.0,개인,,,"12,500",24,7,2025,중개거래,경기 수원시 권선구,단독,1***,179.4,41113,개인,60.4,세류동,41113,202507,
1991.0,개인,,,"43,500",14,7,2025,중개거래,경기 수원시 권선구,단독,1***,144.0,41113,개인,247.68,세류동,41113,202507,
1994.0,개인,,,"46,000",8,7,2025,중개거래,경기 수원시 권선구,단독,1***,131.0,41113,개인,190.96,세류동,41113,202507,
1980.0,개인,,,"60,000",28,7,2025,중개거래,경기 수원시 권선구,단독,1*,203.0,41113,개인,127.43,평동,41113,202507,
1979.0,개인,,,"96,000",4,7,2025,중개거래,"경기 남양주시, 경기 수원시 권선구",단독,2*,225.0,41113,개인,86.32,평동,41113,202507,
1974.0,개인,,,"16,000",24,7,2025,직거래,,단독,1*,56.0,41115,개인,26.78,남수동,41115,202507,
1962.0,개인,,,"22,000",18,7,2025,중개거래,경기 수원시 팔달구,단독,8*,66.0,41115,개인,35.04,매산로2가,41115,202507,
1971.0,개인,,,"22,500",8,7,2025,중개거래,경기 수원시 팔달구,단독,1**,109.0,41115,개인,47.04,매향동,41115,202507,
1988.0,개인,,,"76,000",5,7,2025,중개거래,경기 수원시 팔달구,다가구,4**,172.0,41115,개인,249.03,우만동,41115,202507,
1997.0,개인,,,"52,000",8,7,2025,직거래,,다가구,5**,143.6,41115,개인,341.44,우만동,41115,202507,
1988.0,개인,,,"47,500",2,7,2025,중개거래,경기 수원시 팔달구,다가구,5**,119.0,41115,개인,208.49,우만동,41115,202507,
2007.0,개인,,,"129,250",5,7,2025,중개거래,경기 수원시 팔달구,단독,1***,265.8,41115,개인,549.26,인계동,41115,202507,
1989.0,개인,,,"135,000",25,7,2025,중개거래,경기 수원시 팔달구,단독,1**,124.0,41115,개인,213.53,장안동,41115,202507,
1971.0,개인,,,"28,000",31,7,2025,중개거래,경기 수원시 장안구,단독,2**,126.0,41115,개인,49.59,지동,41115,202507,
1992.0,법인,,,"71,400",24,7,2025,중개거래,경기 수원시 장안구,단독,1**,169.0,41115,개인,57.29,지동,41115,202507,
1991.0,개인,,,"52,500",7,7,2025,중개거래,경기 수원시 팔달구,단독,1**,85.0,41115,개인,245.06,화서동,41115,202507,
1994.0,개인,,,"70,000",5,7,2025,중개거래,"경기 수원시 영통구, 경기 수원시 팔달구",단독,1***,199.9,41117,개인,473.68,매탄동,41117,202507,
2000.0,개인,,,"118,500",7,7,2025,중개거래,경기 수원시 영통구,다가구,1***,222.7,41117,개인,465.26,영통동,41117,202507,
1986.0,개인,25.09.17,O,"50,000",19,8,2025,중개거래,경기 수원시 장안구,단독,2**,131.7,41111,개인,119.47,연무동,41111,202508,
1993.0,개인,,,"43,000",21,8,2025,중개거래,경기 수원시 장안구,단독,2**,145.7,41111,개인,158.66,연무동,41111,202508,
1996.0,개인,,,"40,000",1,8,2025,중개거래,경기 수원시 장안구,단독,4*,149.7,41111,개인,257.55,정자동,41111,202508,
1990.0,개인,,,"43,000",25,8,2025,중개거래,경기 수원시 영통구,단독,6**,162.0,41111,개인,272.91,조원동,41111,202508,
1984.0,개인,,,"31,000",12,8,2025,중개거래,경기 수원시 장안구,단독,5**,97.2,41111,개인,119.86,파장동,41111,202508,
1984.0,법인,,,"38,000",20,8,2025,중개거래,경기 수원시 권선구,단독,1**,119.0,41113,개인,71.1,고색동,41113,202508,
2025.0,개인,25.10.22,O,"32,000",13,8,2025,중개거래,경기 수원시 권선구,단독,8**,126.0,41113,개인,46.28,고색동,41113,202508,
1983.0,개인,,,"28,000",4,8,2025,직거래,,다가구,8*,146.0,41113,개인,139.41,고색동,41113,202508,
1989.0,개인,,,"49,500",29,8,2025,중개거래,경기 수원시 권선구,단독,5**,178.5,41113,개인,178.92,구운동,41113,202508,
2003.0,개인,,,"110,000",25,8,2025,중개거래,경기 수원시 팔달구,다가구,9**,407.0,41113,개인,250.44,세류동,41113,202508,
1986.0,개인,,,"50,000",18,8,2025,중개거래,"경기 수원시 권선구, 경기 수원시 팔달구",단독,1***,203.5,41113,개인,255.89,세류동,41113,202508,
1993.0,개인,,,"39,000",14,8,2025,중개거래,경기 수원시 팔달구,다가구,2**,109.0,41113,개인,164.14,세류동,41113,202508,
1982.0,개인,,,"30,000",12,8,2025,중개거래,경기 수원시 권선구,다가구,2**,120.8,41113,개인,161.32,세류동,41113,202508,
2007.0,개인,,,"55,380",8,8,2025,직거래,,다가구,*,317.0,41115,개인,363.96,교동,41115,202508,
1976.0,개인,,,"47,500",12,8,2025,중개거래,경기 수원시 팔달구,단독,1*,218.0,41115,개인,97.49,남창동,41115,202508,
1978.0,개인,,,"45,000",2,8,2025,중개거래,"경기 수원시 팔달구, 경기 화성시",다가구,5*,164.0,41115,개인,156.5,남창동,41115,202508,
2020.0,개인,,,"130,000",1,8,2025,직거래,,다가구,1**,192.0,41115,개인,300.08,매향동,41115,202508,
1998.0,개인,,,"72,000",16,8,2025,중개거래,경기 수원시 팔달구,다가구,5**,144.4,41115,개인,299.32,우만동,41115,202508,
1989.0,법인,25.09.25,O,"86,500",26,8,2025,중개거래,경기 수원시 팔달구,다가구,1***,182.3,41115,개인,251.16,인계동,41115,202508,
1976.0,법인,,,"83,000",25,8,2025,중개거래,서울 강남구,단독,1**,126.0,41115,개인,66.12,장안동,41115,202508,
1971.0,개인,,,"21,000",19,8,2025,직거래,,단독,1**,112.0,41115,개인,52.89,지동,41115,202508,
1968.0,개인,,,"25,000",28,8,2025,중개거래,경기 수원시 팔달구,단독,2**,136.0,41115,개인,58.51,지동,41115,202508,
1968.0,개인,,,"15,000",8,8,2025,중개거래,경기 수원시 팔달구,단독,2**,185.0,41115,개인,41.98,지동,41115,202508,
2003.0,개인,,,"60,500",11,8,2025,중개거래,경기 수원시 팔달구,다가구,1**,195.0,41115,개인,433.87,지동,41115,202508,
1977.0,개인,,,"52,000",12,8,2025,중개거래,경기 수원시 팔달구,다가구,1**,203.0,41115,개인,114.56,지동,41115,202508,
1975.0,개인,,,"49,500",1,8,2025,중개거래,경기 수원시 팔달구,다가구,1**,188.0,41115,개인,113.86,팔달로3가,41115,202508,
1987.0,개인,,,"63,000",15,8,2025,중개거래,경기 수원시 팔달구,다가구,1**,180.5,41115,개인,306.62,화서동,41115,202508,
1991.0,공공기관,,,"55,000",28,8,2025,중개거래,경기 수원시 영통구,단독,1***,169.9,41117,개인,271.14,매탄동,41117,202508,
1985.0,개인,,,"42,000",22,9,2025,직거래,,단독,5**,122.4,41111,개인,194.24,송죽동,41111,202509,
1989.0,개인,,,"25,000",5,9,2025,직거래,,단독,4**,160.0,41111,개인,263.99,송죽동,41111,202509,
1970.0,개인,,,"33,250",18,9,2025,중개거래,경기 수원시 장안구,단독,1**,71.0,41111,개인,23.37,연무동,41111,202509,
1986.0,개인,,,"50,000",17,9,2025,중개거래,경기 수원시 장안구,단독,2**,131.7,41111,개인,119.47,연무동,41111,202509,
1995.0,개인,,,"49,250",29,9,2025,중개거래,경기 수원시 장안구,다가구,1**,160.0,41111,개인,199.71,영화동,41111,202509,
2004.0,개인,,,"103,500",1,9,2025,중개거래,경기 수원시 장안구,다가구,4*,142.3,41111,개인,289.86,정자동,41111,202509,
1986.0,개인,,,"31,000",29,9,2025,중개거래,경기 수원시 장안구,단독,6**,115.0,41111,개인,100.97,조원동,41111,202509,
1988.0,개인,,,"38,000",11,9,2025,중개거래,경기 수원시 장안구,다가구,7**,198.7,41111,개인,221.06,조원동,41111,202509,
1987.0,개인,,,"35,000",8,9,2025,직거래,,다가구,5**,136.1,41111,개인,212.57,파장동,41111,202509,
1989.0,개인,25.10.03,O,"45,000",5,9,2025,중개거래,경기 수원시 장안구,다가구,5**,115.1,41111,개인,195.43,파장동,41111,202509,
1989.0,개인,,,"23,400",27,9,2025,직거래,,단독,5**,170.0,41113,개인,256.76,구운동,41113,202509,
1989.0,개인,,,"41,500",27,9,2025,중개거래,경기 수원시 권선구,단독,5**,182.8,41113,개인,254.0,구운동,41113,202509,
1985.0,개인,,,"22,500",25,9,2025,중개거래,경기 수원시 권선구,단독,1*,112.0,41113,개인,100.53,서둔동,41113,202509,
2001.0,개인,,,"71,500",18,9,2025,중개거래,경기 수원시 권선구,다가구,5**,183.2,41113,개인,299.52,세류동,41113,202509,
1996.0,개인,,,"61,000",28,9,2025,중개거래,경기 수원시 팔달구,다가구,3*,206.9,41115,개인,243.32,고등동,41115,202509,
2006.0,개인,,,"70,000",22,9,2025,중개거래,경기 수원시 팔달구,다가구,9*,137.0,41115,개인,152.84,고등동,41115,202509,
1968.0,개인,,,"127,530",13,9,2025,중개거래,경기 수원시 팔달구,단독,1**,360.0,41115,개인,57.32,매산로3가,41115,202509,
1965.0,개인,,,"28,500",23,9,2025,중개거래,경기 수원시 팔달구,단독,1**,161.0,41115,법인,32.86,매산로3가,41115,202509,
1965.0,개인,,,"27,000",23,9,2025,중개거래,경기 수원시 팔달구,단독,1**,175.0,41115,개인,44.1,매산로3가,41115,202509,
1964.0,법인,,,"28,000",29,9,2025,중개거래,경기 수원시 팔달구,단독,8*,95.0,41115,개인,33.19,북수동,41115,202509,
1995.0,개인,,,"28,800",23,9,2025,중개거래,경기 수원시 팔달구,단독,1**,76.0,41115,개인,88.2,신풍동,41115,202509,
1985.0,개인,,,"25,000",21,9,2025,중개거래,경기 수원시 팔달구,다가구,5**,122.4,41115,개인,134.05,우만동,41115,202509,
1985.0,개인,,,"42,000",6,9,2025,중개거래,경기 수원시 팔달구,다가구,4**,136.4,41115,개인,121.98,우만동,41115,202509,
1988.0,법인,,,"94,000",24,9,2025,직거래,,단독,9**,197.4,41115,개인,163.92,인계동,41115,202509,
1990.0,개인,,,"45,000",6,9,2025,중개거래,경기 수원시 팔달구,단독,8**,168.0,41115,개인,221.22,인계동,41115,202509,
1984.0,개인,,,"82,200",26,9,2025,중개거래,경기 화성시,단독,8*,181.0,41115,개인,86.41,장안동,41115,202509,
1979.0,법인,,,"50,400",20,9,2025,중개거래,경기 수원시 장안구,단독,1**,119.0,41115,개인,56.93,지동,41115,202509,
1979.0,법인,25.11.11,O,"50,400",22,9,2025,중개거래,경기 수원시 팔달구,단독,1**,119.0,41115,개인,56.93,지동,41115,202509,
1991.0,개인,,,"75,000",30,9,2025,중개거래,경기 수원시 영통구,단독,1***,187.7,41117,개인,289.32,매탄동,41117,202509,
1992.0,개인,,,"52,000",26,9,2025,중개거래,경기 수원시 영통구,단독,8**,181.3,41117,개인,194.4,매탄동,41117,202509,
1988.0,개인,25.12.15,O,"45,000",29,9,2025,직거래,,다가구,1**,163.6,41117,개인,261.74,매탄동,41117,202509,
1988.0,개인,,,"62,500",16,9,2025,중개거래,경기 수원시 영통구,다가구,1**,225.2,41117,개인,325.54,매탄동,41117,202509,
2020.0,개인,,,"120,000",1,9,2025,중개거래,"경기 수원시 권선구, 경기 수원시 영통구",다가구,8**,171.3,41117,개인,317.8,매탄동,41117,202509,
1992.0,개인,,,"84,000",12,9,2025,중개거래,경기 수원시 영통구,단독,2**,221.4,41117,개인,492.48,매탄동,41117,202509,
2008.0,개인,,,"138,000",6,9,2025,중개거래,경기 수원시 팔달구,다가구,2*,212.0,41117,개인,398.27,원천동,41117,202509,
1984.0,개인,,,"42,500",28,10,2025,중개거래,경기 수원시 장안구,단독,3**,134.8,41111,개인,154.37,송죽동,41111,202510,
1987.0,개인,,,"40,000",28,10,2025,중개거래,경기 수원시 장안구,단독,2**,132.8,41111,개인,156.0,연무동,41111,202510,
2002.0,개인,,,"29,500",25,10,2025,중개거래,경기 수원시 장안구,다가구,1**,72.0,41111,개인,124.38,영화동,41111,202510,
1995.0,개인,,,"44,000",4,10,2025,중개거래,"경기 수원시 장안구, 경기 수원시 팔달구",단독,2*,145.0,41111,개인,233.7,영화동,41111,202510,
1992.0,개인,,,"63,000",22,10,2025,중개거래,경기 수원시 장안구,다가구,3**,192.0,41111,개인,258.12,율전동,41111,202510,
1989.0,개인,,,"43,000",19,10,2025,중개거래,경기 수원시 장안구,단독,3*,121.1,41111,개인,162.9,정자동,41111,202510,
2010.0,개인,,,"81,500",15,10,2025,중개거래,경기 수원시 장안구,단독,8*,141.0,41111,개인,352.07,정자동,41111,202510,
2001.0,개인,,,"118,000",15,10,2025,중개거래,경기 수원시 장안구,다가구,3**,240.0,41111,개인,495.15,천천동,41111,202510,
1979.0,개인,25.11.10,O,"19,200",28,10,2025,중개거래,경기 수원시 권선구,단독,3**,119.0,41113,개인,65.56,고색동,41113,202510,
2006.0,개인,,,"77,500",16,10,2025,중개거래,경기 수원시 권선구,다가구,6**,173.6,41113,개인,401.05,곡반정동,41113,202510,
1989.0,개인,,,"62,900",16,10,2025,중개거래,경기 수원시 권선구,단독,1***,203.0,41113,개인,249.57,권선동,41113,202510,
1981.0,개인,,,"29,500",2,10,2025,중개거래,경기 수원시 권선구,단독,1**,98.0,41113,개인,57.22,세류동,41113,202510,
2015.0,개인,,,"120,500",15,10,2025,중개거래,경기 수원시 권선구,단독,1***,279.8,41113,개인,493.76,호매실동,41113,202510,
1974.0,개인,,,"49,500",17,10,2025,중개거래,경기 수원시 팔달구,단독,1*,202.3,41115,개인,83.96,고등동,41115,202510,
1971.0,개인,,,"21,600",23,10,2025,중개거래,경기 수원시 장안구,단독,1**,86.0,41115,개인,62.15,매향동,41115,202510,
1989.0,개인,,,"36,000",15,10,2025,직거래,,단독,5**,125.8,41115,개인,207.18,우만동,41115,202510,
1997.0,개인,,,"46,500",2,10,2025,중개거래,경기 수원시 팔달구,다가구,2**,141.0,41115,개인,152.98,지동,41115,202510,
1996.0,개인,,,"40,000",4,10,2025,중개거래,경기 수원시 팔달구,다가구,1**,146.0,41115,개인,149.58,지동,41115,202510,
1970.0,개인,,,"43,000",14,10,2025,중개거래,경기 수원시 팔달구,단독,1**,116.0,41115,개인,94.48,팔달로3가,41115,202510,
1997.0,개인,,,"18,000",31,10,2025,중개거래,경기 수원시 팔달구,다가구,1*,76.0,41115,개인,127.83,화서동,41115,202510,
1981.0,개인,,,"40,000",15,10,2025,중개거래,경기 수원시 팔달구,단독,1**,140.0,41115,개인,142.03,화서동,41115,202510,
1990.0,개인,,,"74,565",15,10,2025,직거래,,다가구,1**,254.9,41117,개인,467.04,매탄동,41117,202510,
1988.0,개인,,,"71,000",14,10,2025,중개거래,경기 수원시 영통구,다가구,1**,164.0,41117,개인,249.01,매탄동,41117,202510,
2012.0,개인,,,"168,000",15,10,2025,중개거래,경기 수원시 영통구,다가구,5**,269.0,41117,개인,479.6,원천동,41117,202510,
1994.0,개인,,,"79,000",14,10,2025,중개거래,경기 수원시 영통구,다가구,7*,197.0,41117,개인,448.98,원천동,41117,202510,
2010.0,개인,,,"77,500",27,11,2025,중개거래,"경기 수원시 장안구, 경기 수원시 팔달구",단독,2**,163.0,41111,개인,331.3,송죽동,41111,202511,
2014.0,개인,,,"127,000",27,11,2025,중개거래,경기 수원시 장안구,다가구,2**,218.6,41111,개인,518.87,연무동,41111,202511,
1985.0,개인,,,"41,000",24,11,2025,중개거래,경기 수원시 장안구,단독,2**,145.2,41111,개인,163.44,연무동,41111,202511,
1991.0,개인,,,"37,000",14,11,2025,중개거래,서울 강남구,다가구,3**,551.0,41111,개인,240.3,율전동,41111,202511,
1978.0,개인,,,"65,000",13,11,2025,중개거래,경기 수원시 장안구,단독,3*,182.0,41111,개인,107.51,정자동,41111,202511,
2015.0,법인,,,"160,000",21,11,2025,중개거래,경기 수원시 권선구,다가구,1***,251.4,41113,개인,492.54,금곡동,41113,202511,
2014.0,개인,,,"165,000",6,11,2025,중개거래,"경기 수원시 권선구, 경기 수원시 팔달구",다가구,1***,243.6,41113,개인,484.44,금곡동,41113,202511,
1997.0,개인,,,"40,000",30,11,2025,중개거래,경기 수원시 권선구,단독,1**,202.0,41113,개인,256.88,서둔동,41113,202511,
1979.0,개인,25.12.03,O,"28,000",14,11,2025,중개거래,경기 수원시 권선구,단독,3*,92.0,41113,개인,91.0,서둔동,41113,202511,
1978.0,개인,,,"34,000",26,11,2025,중개거래,경기 수원시 권선구,다가구,4**,202.4,41113,개인,176.95,세류동,41113,202511,
1981.0,개인,,,"41,000",26,11,2025,중개거래,경기 수원시 권선구,단독,1***,137.0,41113,개인,179.86,세류동,41113,202511,
1991.0,개인,,,"19,000",26,11,2025,중개거래,경기 수원시 권선구,단독,1***,85.9,41113,개인,142.53,세류동,41113,202511,
1995.0,법인,,,"148,000",4,11,2025,중개거래,경기 수원시 팔달구,단독,5**,384.0,41113,개인,204.31,세류동,41113,202511,
1988.0,개인,,,"66,000",13,11,2025,중개거래,경기 수원시 팔달구,단독,5**,173.5,41115,개인,165.38,우만동,41115,202511,
1986.0,개인,,,"49,000",26,11,2025,직거래,,다가구,4**,129.7,41115,개인,117.66,우만동,41115,202511,
1986.0,개인,,,"26,000",6,11,2025,중개거래,경기 수원시 팔달구,단독,1**,131.9,41115,개인,112.82,화서동,41115,202511,
2016.0,개인,,,"249,000",12,11,2025,중개거래,"경기 수원시 영통구, 경기 수원시 팔달구",다가구,9**,320.0,41117,개인,494.5,신동,41117,202511,
2001.0,개인,,,"104,000",17,11,2025,중개거래,경기 수원시 영통구,단독,1***,206.3,41117,개인,370.44,영통동,41117,202511,
1993.0,개인,,,"23,000",17,12,2025,중개거래,"경기 수원시 장안구, 경기 화성시",단독,5*,80.0,41111,개인,84.96,연무동,41111,202512,
1997.0,개인,,,"61,500",7,12,2025,중개거래,경기 수원시 장안구,다가구,4**,183.3,41111,개인,426.36,영화동,41111,202512,
1983.0,개인,,,"40,900",15,12,2025,중개거래,경기 수원시 장안구,단독,3**,189.0,41111,개인,138.58,율전동,41111,202512,
1983.0,개인,,,"35,500",26,12,2025,중개거래,"경기 수원시 장안구, 경기 수원시 팔달구",단독,7**,119.9,41111,개인,136.38,조원동,41111,202512,
1976.0,개인,,,"25,000",8,12,2025,중개거래,"경기 수원시 장안구, 경기 수원시 팔달구",단독,6**,116.0,41111,개인,61.88,조원동,41111,202512,
2001.0,법인,,,"64,214",25,12,2025,중개거래,경기 수원시 권선구,단독,9*,291.0,41113,개인,99.54,고색동,41113,202512,
1984.0,개인,,,"24,885",17,12,2025,직거래,,단독,4*,169.0,41113,개인,103.1,고색동,41113,202512,
1990.0,개인,,,"50,000",18,12,2025,직거래,,다가구,4**,183.9,41113,개인,286.31,구운동,41113,202512,
1990.0,개인,,,"62,500",16,12,2025,중개거래,경기 수원시 권선구,단독,1***,192.4,41113,개인,286.74,권선동,41113,202512,
1979.0,개인,,,"26,000",3,12,2025,중개거래,경기 수원시 권선구,단독,3*,92.0,41113,개인,119.07,서둔동,41113,202512,
1979.0,개인,,,"21,350",25,12,2025,직거래,,단독,1***,130.0,41113,개인,80.98,세류동,41113,202512,
1988.0,개인,,,"35,500",10,12,2025,중개거래,경기 수원시 권선구,단독,5**,200.0,41113,개인,255.82,세류동,41113,202512,
1978.0,개인,,,"30,000",26,12,2025,직거래,,단독,1*,136.0,41113,개인,139.05,평동,41113,202512,
1978.0,개인,25.12.30,O,"36,000",26,12,2025,직거래,,단독,1*,166.0,41113,개인,139.05,평동,41113,202512,
2015.0,개인,,,"165,000",19,12,2025,중개거래,경기 군포시,단독,1***,249.7,41113,법인,656.97,호매실동,41113,202512,
1993.0,개인,,,"53,500",5,12,2025,중개거래,경기 수원시 팔달구,다가구,3*,183.1,41115,개인,281.34,고등동,41115,202512,
1990.0,개인,,,"64,800",3,12,2025,중개거래,"경기 수원시 팔달구, 서울 서초구",단독,1**,142.0,41115,개인,437.95,북수동,41115,202512,
1988.0,개인,,,"69,500",12,12,2025,중개거래,경기 수원시 팔달구,다가구,5**,147.3,41115,개인,234.94,우만동,41115,202512,
1956.0,개인,,,"49,000",16,12,2025,중개거래,경기 수원시 팔달구,단독,3**,202.0,41115,개인,47.24,지동,41115,202512,
1998.0,개인,,,"9,900",13,12,2025,중개거래,경기 수원시 팔달구,단독,2**,86.0,41115,개인,50.9,지동,41115,202512,
1987.0,개인,,,"21,000",6,12,2025,중개거래,경기 수원시 장안구,단독,3*,152.0,41115,개인,114.8,화서동,41115,202512,
2017.0,개인,,,"240,000",4,12,2025,직거래,,다가구,4**,353.0,41117,개인,921.53,매탄동,41117,202512,
2015.0,개인,,,"181,000",9,12,2025,중개거래,경기 수원시 팔달구,단독,9**,250.0,41117,개인,449.49,신동,41117,202512,
2001.0,개인,,,"140,000",8,12,2025,중개거래,경기 수원시 영통구,다가구,1***,189.1,41117,개인,404.44,영통동,41117,202512,
2012.0,개인,,,"122,500",2,12,2025,중개거래,경기 수원시 영통구,단독,5**,121.25,41117,개인,547.6,원천동,41117,202512,
2013.0,개인,,,"150,000",6,12,2025,중개거래,경기 수원시 영통구,단독,1***,221.2,41117,개인,484.57,이의동,41117,202512,
2003.0,개인,,,"77,000",23,1,2026,중개거래,경기 수원시 장안구,다가구,2**,145.0,41111,개인,329.75,송죽동,41111,202601,
1996.0,개인,,,"43,000",31,1,2026,중개거래,경기 수원시 장안구,단독,2**,148.1,41111,개인,175.53,연무동,41111,202601,
2004.0,개인,,,"68,300",14,1,2026,직거래,,단독,2**,180.0,41111,개인,263.98,율전동,41111,202601,
1990.0,개인,,,"31,000",17,1,2026,중개거래,경기 수원시 권선구,다가구,7*,133.0,41113,개인,113.52,고색동,41113,202601,
1984.0,개인,,,"34,201",2,1,2026,직거래,,단독,1**,122.0,41113,개인,62.03,고색동,41113,202601,
2005.0,개인,,,"70,000",8,1,2026,직거래,,다가구,5**,214.1,41113,개인,491.71,곡반정동,41113,202601,
2004.0,개인,,,"80,000",7,1,2026,중개거래,경기 수원시 권선구,다가구,5**,195.8,41113,개인,416.14,곡반정동,41113,202601,
2002.0,개인,,,"80,500",7,1,2026,중개거래,경기 수원시 권선구,단독,9**,240.6,41113,개인,502.5,구운동,41113,202601,
1991.0,개인,,,"68,800",31,1,2026,중개거래,경기 수원시 권선구,단독,1***,195.5,41113,개인,100.98,권선동,41113,202601,
2002.0,개인,,,"31,800",29,1,2026,중개거래,경기 수원시 권선구,단독,2**,148.0,41113,개인,75.74,당수동,41113,202601,
1971.0,개인,,,"16,400",2,1,2026,직거래,,단독,1**,139.0,41113,개인,43.74,서둔동,41113,202601,
1978.0,개인,,,"30,000",26,1,2026,중개거래,경기 수원시 권선구,다가구,4**,144.1,41113,개인,136.41,세류동,41113,202601,
2004.0,개인,,,"52,800",24,1,2026,중개거래,경기 수원시 권선구,다가구,4**,155.3,41113,개인,190.68,세류동,41113,202601,
1985.0,개인,,,"29,500",17,1,2026,중개거래,경기 수원시 권선구,단독,5**,116.0,41113,개인,138.78,세류동,41113,202601,
1988.0,개인,,,"33,000",20,1,2026,중개거래,경기 수원시 팔달구,단독,4**,176.8,41115,개인,216.87,우만동,41115,202601,
2002.0,개인,,,"85,000",17,1,2026,직거래,,다가구,5**,225.5,41115,개인,524.88,우만동,41115,202601,
1995.0,개인,,,"69,000",6,1,2026,중개거래,경기 수원시 팔달구,단독,5**,141.1,41115,개인,273.68,우만동,41115,202601,
1970.0,개인,,,"27,000",23,1,2026,중개거래,경기 수원시 팔달구,단독,2**,156.0,41115,개인,66.12,지동,41115,202601,
1989.0,개인,,,"66,000",30,1,2026,중개거래,경기 수원시 팔달구,단독,2**,189.0,41115,개인,167.51,화서동,41115,202601,
1983.0,개인,,,"65,000",22,1,2026,중개거래,경기 수원시 팔달구,단독,1**,150.0,41115,개인,167.88,화서동,41115,202601,
1990.0,개인,,,"53,000",28,1,2026,중개거래,"경기 수원시 권선구, 경기 수원시 영통구",다가구,1**,199.9,41117,개인,261.25,매탄동,41117,202601,
2014.0,개인,,,"105,800",23,1,2026,중개거래,경기 수원시 영통구,다가구,1***,180.1,41117,개인,307.61,매탄동,41117,202601,
1993.0,개인,,,"100,000",22,1,2026,중개거래,경기 수원시 영통구,단독,1***,189.2,41117,개인,434.3,매탄동,41117,202601,
2017.0,개인,,,"132,200",23,1,2026,중개거래,경기 수원시 영통구,다가구,1**,199.7,41117,개인,399.99,매탄동,41117,202601,
2024.0,개인,,,"200,000",23,1,2026,중개거래,경기 수원시 영통구,다가구,1***,191.0,41117,법인,392.73,매탄동,41117,202601,
2004.0,개인,,,"64,700",8,2,2026,중개거래,경기 수원시 장안구,다가구,2**,167.0,41111,개인,288.9,율전동,41111,202602,
1984.0,개인,,,"38,500",26,2,2026,중개거래,경기 수원시 장안구,단독,3*,132.9,41111,개인,142.84,정자동,41111,202602,
1984.0,개인,,,"36,500",9,2,2026,중개거래,경기 수원시 장안구,단독,7**,155.0,41111,개인,180.13,조원동,41111,202602,
1982.0,개인,,,"32,000",3,2,2026,중개거래,경기 수원시 장안구,단독,7**,143.4,41111,개인,146.79,조원동,41111,202602,
2004.0,개인,,,"82,000",7,2,2026,중개거래,경기 수원시 권선구,다가구,5**,232.0,41113,개인,492.05,곡반정동,41113,202602,
1994.0,개인,,,"40,000",25,2,2026,중개거래,경기 수원시 권선구,단독,1***,132.0,41113,개인,199.84,세류동,41113,202602,
2010.0,개인,,,"73,500",23,2,2026,중개거래,경기 수원시 권선구,다가구,6**,327.0,41113,개인,609.04,세류동,41113,202602,
1994.0,개인,,,"43,500",4,2,2026,중개거래,경기 수원시 권선구,다가구,5**,173.0,41113,개인,199.7,세류동,41113,202602,
1991.0,개인,,,"37,000",28,2,2026,중개거래,경기 수원시 권선구,단독,4**,160.0,41113,개인,243.78,오목천동,41113,202602,
1974.0,개인,,,"35,500",27,2,2026,중개거래,경기 수원시 장안구,단독,1*,99.0,41115,개인,60.69,남수동,41115,202602,
1978.0,개인,,,"81,500",28,2,2026,중개거래,경기 수원시 팔달구,다가구,1**,204.57,41115,개인,162.18,남창동,41115,202602,
2001.0,개인,,,"79,305",12,2,2026,중개거래,경기 수원시 팔달구,다가구,1**,245.0,41115,개인,406.71,북수동,41115,202602,
1994.0,개인,,,"30,000",4,2,2026,중개거래,경기 수원시 팔달구,단독,1**,119.0,41115,개인,42.98,장안동,41115,202602,
1980.0,법인,,,"52,800",10,2,2026,직거래,,다가구,1**,182.0,41115,개인,324.0,지동,41115,202602,
2013.0,개인,,,"162,500",4,2,2026,중개거래,경기 수원시 영통구,단독,5**,252.8,41117,개인,453.98,원천동,41117,202602,
1984.0,개인,,,"27,000",23,3,2026,중개거래,경기 수원시 장안구,단독,3**,134.8,41111,개인,112.8,송죽동,41111,202603,
1984.0,개인,26.06.25,O,"27,000",27,3,2026,중개거래,경기 수원시 장안구,단독,3**,134.8,41111,개인,112.8,송죽동,41111,202603,
1979.0,개인,,,"37,000",20,3,2026,중개거래,경기 수원시 장안구,다가구,2**,159.0,41111,개인,165.73,송죽동,41111,202603,
1987.0,개인,,,"43,000",4,3,2026,중개거래,경기 수원시 장안구,단독,3**,118.8,41111,개인,127.36,송죽동,41111,202603,
1984.0,개인,,,"43,000",21,3,2026,중개거래,경기 수원시 장안구,단독,2**,196.9,41111,개인,142.17,연무동,41111,202603,
1987.0,개인,,,"49,500",30,3,2026,중개거래,경기 수원시 장안구,단독,2**,152.3,41111,개인,189.34,연무동,41111,202603,
1994.0,법인,,,"126,000",13,3,2026,직거래,,다가구,4*,173.7,41111,개인,247.09,정자동,41111,202603,
1987.0,개인,,,"17,000",9,3,2026,중개거래,경기 수원시 장안구,단독,7**,107.5,41111,개인,136.62,조원동,41111,202603,
1988.0,개인,,,"46,000",17,3,2026,직거래,,다가구,5**,155.5,41111,법인,249.38,파장동,41111,202603,
1972.0,개인,,,"30,000",30,3,2026,중개거래,경기 수원시 권선구,단독,2**,108.0,41113,개인,59.01,서둔동,41113,202603,
1984.0,개인,,,"17,000",31,3,2026,직거래,,단독,1***,89.6,41113,개인,133.26,세류동,41113,202603,
2002.0,개인,,,"38,000",7,3,2026,직거래,,다가구,1***,129.1,41113,개인,220.23,세류동,41113,202603,
1992.0,개인,,,"33,000",29,3,2026,중개거래,경기 수원시 권선구,단독,1***,128.0,41113,개인,201.87,세류동,41113,202603,
1987.0,개인,,,"28,000",7,3,2026,중개거래,경기 수원시 권선구,단독,4**,119.9,41113,개인,114.39,세류동,41113,202603,
1983.0,개인,,,"19,600",28,3,2026,중개거래,경기 수원시 권선구,단독,*,129.0,41113,개인,13.5,평동,41113,202603,
1983.0,개인,,,"20,400",28,3,2026,중개거래,경기 수원시 권선구,단독,1*,46.0,41113,개인,16.53,평동,41113,202603,
1971.0,개인,,,"25,000",25,3,2026,중개거래,경기 수원시 팔달구,단독,1**,109.0,41115,개인,46.61,매향동,41115,202603,
1960.0,개인,,,"35,000",12,3,2026,중개거래,경기 수원시 팔달구,단독,3**,111.0,41115,개인,59.8,지동,41115,202603,
1984.0,개인,,,"26,000",2,3,2026,중개거래,경기 수원시 팔달구,단독,2**,155.0,41115,개인,72.28,지동,41115,202603,
1990.0,개인,,,"70,000",1,3,2026,중개거래,경기 수원시 팔달구,단독,1**,148.8,41115,개인,241.84,화서동,41115,202603,
1987.0,개인,,,"22,000",30,4,2026,중개거래,충남 홍성군,단독,4**,157.9,41111,개인,124.42,송죽동,41111,202604,
1991.0,개인,,,"43,500",10,4,2026,중개거래,경기 수원시 장안구,단독,5**,176.1,41111,개인,288.9,송죽동,41111,202604,
1994.0,개인,,,"33,500",6,4,2026,중개거래,"경기 수원시 영통구, 경기 수원시 장안구",다가구,2**,118.6,41111,개인,187.2,연무동,41111,202604,
1993.0,개인,,,"24,000",24,4,2026,중개거래,경기 수원시 장안구,단독,6*,84.0,41111,개인,150.63,연무동,41111,202604,
1982.0,개인,,,"44,500",18,4,2026,중개거래,경기 수원시 장안구,다가구,2**,205.0,41111,개인,134.68,연무동,41111,202604,
1997.0,개인,,,"66,500",24,4,2026,직거래,,다가구,4**,256.2,41111,개인,386.49,영화동,41111,202604,
2019.0,개인,26.04.27,O,"115,000",6,4,2026,중개거래,경기 수원시 장안구,단독,2**,508.0,41111,개인,199.51,이목동,41111,202604,
2011.0,개인,,,"90,500",18,4,2026,중개거래,경기 수원시 장안구,단독,6*,149.7,41111,개인,329.91,정자동,41111,202604,
1978.0,법인,,,"25,000",15,4,2026,중개거래,경기 수원시 장안구,단독,4**,123.0,41111,개인,70.19,정자동,41111,202604,
2011.0,개인,,,"215,000",7,4,2026,중개거래,경기 수원시 권선구,단독,2**,989.0,41113,개인,319.24,서둔동,41113,202604,
2012.0,개인,,,"53,000",30,4,2026,중개거래,"경기 수원시 권선구, 경기 수원시 팔달구",단독,1***,154.0,41113,개인,442.22,세류동,41113,202604,
1994.0,개인,,,"58,000",25,4,2026,중개거래,경기 수원시 팔달구,다가구,7*,212.0,41115,개인,485.15,매교동,41115,202604,
1956.0,법인,,,"36,000",9,4,2026,중개거래,경기 화성시 동탄구,단독,3**,109.0,41115,개인,47.83,북수동,41115,202604,
1983.0,법인,,,"49,000",27,4,2026,중개거래,"경기 수원시 권선구, 경기 수원시 장안구, 경기 수원시 팔달구",단독,4*,136.0,41115,개인,78.08,신풍동,41115,202604,
1989.0,개인,,,"57,000",28,4,2026,중개거래,경기 수원시 팔달구,단독,5**,203.6,41115,개인,326.7,우만동,41115,202604,
1986.0,개인,26.05.27,O,"46,000",25,4,2026,중개거래,서울 관악구,단독,4**,142.6,41115,개인,201.06,우만동,41115,202604,
1970.0,개인,,,"47,000",27,4,2026,중개거래,경기 수원시 팔달구,단독,2**,132.0,41115,개인,61.95,지동,41115,202604,
1977.0,개인,,,"37,800",20,4,2026,중개거래,경기 수원시 팔달구,단독,2**,142.0,41115,개인,70.85,지동,41115,202604,
1970.0,개인,,,"16,000",21,4,2026,직거래,,단독,2**,102.0,41115,개인,42.98,지동,41115,202604,
1983.0,법인,,,"115,000",9,4,2026,중개거래,서울 강남구,단독,*,226.5,41115,개인,490.88,팔달로1가,41115,202604,
1987.0,개인,,,"35,400",30,4,2026,중개거래,경기 수원시 팔달구,다가구,3*,104.0,41115,개인,171.14,화서동,41115,202604,
1984.0,개인,,,"35,000",25,4,2026,중개거래,경기 수원시 팔달구,단독,8*,136.0,41115,개인,153.26,화서동,41115,202604,
1995.0,개인,26.04.07,O,"29,000",3,4,2026,직거래,,다가구,6*,109.0,41115,개인,162.24,화서동,41115,202604,
2001.0,개인,,,"132,000",18,4,2026,중개거래,경기 수원시 영통구,다가구,1***,198.2,41117,개인,405.72,영통동,41117,202604,
2002.0,개인,,,"81,000",20,4,2026,직거래,,다가구,3*,202.0,41117,개인,377.83,원천동,41117,202604,
1991.0,개인,,,"24,000",21,5,2026,직거래,,다가구,1**,128.0,41111,개인,196.73,송죽동,41111,202605,
2020.0,개인,,,"107,000",4,5,2026,중개거래,"경기 수원시 권선구, 경기 수원시 팔달구",다가구,2**,135.4,41111,개인,276.53,연무동,41111,202605,
1997.0,개인,,,"81,819",26,5,2026,중개거래,경기 수원시 팔달구,다가구,2**,292.9,41111,개인,589.53,연무동,41111,202605,
2018.0,개인,,,"164,000",4,5,2026,중개거래,경기 수원시 장안구,다가구,2**,196.8,41111,개인,486.47,연무동,41111,202605,
1997.0,개인,,,"102,500",18,5,2026,중개거래,경기 수원시 장안구,다가구,4**,202.0,41111,개인,326.72,영화동,41111,202605,
1993.0,개인,,,"34,000",21,5,2026,중개거래,경기 수원시 장안구,다가구,3**,128.5,41111,개인,197.43,영화동,41111,202605,
1979.0,개인,,,"54,000",15,5,2026,중개거래,경기 수원시 장안구,단독,3**,217.6,41111,개인,177.59,영화동,41111,202605,
1996.0,개인,,,"70,000",8,5,2026,직거래,,다가구,4**,239.0,41111,개인,347.4,영화동,41111,202605,
2002.0,개인,,,"86,000",2,5,2026,중개거래,경기 수원시 장안구,다가구,3**,198.3,41111,개인,414.3,영화동,41111,202605,
1995.0,개인,,,"105,000",9,5,2026,중개거래,경기 수원시 장안구,다가구,9*,189.0,41111,개인,290.04,율전동,41111,202605,
2018.0,개인,,,"129,500",28,5,2026,중개거래,경기 화성시 동탄구,단독,2**,528.0,41111,개인,301.05,이목동,41111,202605,
1983.0,개인,,,"44,000",27,5,2026,직거래,,단독,7*,133.4,41111,개인,154.26,정자동,41111,202605,
1995.0,개인,,,"63,000",9,5,2026,중개거래,경기 수원시 장안구,단독,3*,186.2,41111,개인,343.71,정자동,41111,202605,
2014.0,개인,,,"142,000",11,5,2026,중개거래,경기 수원시 권선구,다가구,9**,173.2,41113,개인,429.77,권선동,41113,202605,
1985.0,개인,,,"29,400",26,5,2026,중개거래,경기 수원시 권선구,단독,1*,84.0,41113,개인,110.45,서둔동,41113,202605,
1982.0,법인,,,"45,000",29,5,2026,직거래,,단독,4**,174.4,41113,개인,136.63,세류동,41113,202605,
1989.0,개인,,,"45,000",31,5,2026,중개거래,경기 수원시 권선구,다가구,4**,136.5,41113,개인,201.92,세류동,41113,202605,
1989.0,개인,,,"53,000",31,5,2026,중개거래,경기 수원시 권선구,다가구,4**,136.5,41113,개인,229.32,세류동,41113,202605,
2014.0,개인,,,"29,300",1,5,2026,중개거래,경기 수원시 권선구,다가구,6**,188.0,41113,개인,99.0,세류동,41113,202605,
2015.0,개인,,,"138,000",17,5,2026,중개거래,경기 수원시 권선구,단독,1***,268.8,41113,개인,494.09,호매실동,41113,202605,
1992.0,개인,,,"109,000",25,5,2026,중개거래,경기 수원시 권선구,다가구,2**,139.0,41115,개인,167.49,고등동,41115,202605,
1980.0,개인,,,"96,000",7,5,2026,중개거래,경기 수원시 팔달구,단독,8*,536.0,41115,개인,155.37,남수동,41115,202605,
2020.0,개인,,,"175,000",10,5,2026,중개거래,경기 수원시 권선구,다가구,1**,204.0,41115,개인,399.25,매교동,41115,202605,
1991.0,법인,,,"79,000",6,5,2026,중개거래,서울 강남구,다가구,8*,158.0,41115,개인,224.1,매산로2가,41115,202605,
1971.0,개인,,,"21,000",17,5,2026,직거래,,단독,*,106.0,41115,개인,34.78,매향동,41115,202605,
2016.0,개인,,,"92,000",9,5,2026,중개거래,경기 수원시 팔달구,다가구,1*,164.0,41115,개인,307.91,매향동,41115,202605,
2012.0,개인,,,"60,000",8,5,2026,직거래,,다가구,2**,199.0,41115,개인,321.13,지동,41115,202605,
1984.0,개인,,,"51,000",22,5,2026,중개거래,경기 수원시 팔달구,단독,3**,161.0,41115,개인,157.34,화서동,41115,202605,
1985.0,개인,,,"38,000",2,5,2026,중개거래,경기 수원시 팔달구,단독,7*,156.8,41115,개인,162.72,화서동,41115,202605,
2019.0,개인,,,"160,000",22,5,2026,직거래,,다가구,1**,216.9,41117,개인,443.64,매탄동,41117,202605,
1996.0,개인,,,"97,000",15,5,2026,중개거래,경기 수원시 영통구,단독,1**,235.0,41117,개인,412.62,매탄동,41117,202605,
1991.0,개인,,,"62,000",27,5,2026,중개거래,경기 수원시 영통구,단독,1***,179.5,41117,개인,287.7,매탄동,41117,202605,
1990.0,개인,,,"130,000",4,5,2026,중개거래,경기 수원시 영통구,단독,1**,271.0,41117,개인,494.46,매탄동,41117,202605,
2015.0,개인,,,"230,000",6,5,2026,중개거래,경기 수원시 권선구,다가구,9**,369.6,41117,개인,702.66,신동,41117,202605,
2008.0,개인,,,"122,000",1,5,2026,중개거래,경기 수원시 영통구,다가구,2*,209.0,41117,개인,359.8,원천동,41117,202605,
2014.0,개인,,,"193,000",20,5,2026,중개거래,경기 수원시 영통구,다가구,1***,288.2,41117,개인,494.64,이의동,41117,202605,
2010.0,개인,,,"93,000",13,6,2026,중개거래,경기 수원시 장안구,단독,4**,181.1,41111,개인,367.8,송죽동,41111,202606,
1985.0,개인,,,"25,000",22,6,2026,중개거래,"경기 수원시 영통구, 경기 수원시 장안구",단독,1**,94.0,41111,개인,111.6,송죽동,41111,202606,
1995.0,개인,,,"50,000",8,6,2026,중개거래,경기 수원시 장안구,다가구,6*,129.0,41111,개인,224.55,연무동,41111,202606,
1977.0,개인,,,"22,000",11,6,2026,중개거래,경기 화성시 동탄구,단독,1**,118.0,41111,개인,99.12,연무동,41111,202606,
1969.0,개인,,,"60,000",9,6,2026,중개거래,경기 수원시 장안구,단독,1**,122.0,41111,개인,263.64,영화동,41111,202606,
2019.0,개인,,,"172,000",18,6,2026,중개거래,"경기 수원시 장안구, 서울 서초구",다가구,4*,213.1,41111,개인,532.38,정자동,41111,202606,
1988.0,개인,,,"51,000",6,6,2026,중개거래,경기 수원시 장안구,단독,6**,194.0,41111,개인,323.05,조원동,41111,202606,
1985.0,개인,,,"48,000",10,6,2026,중개거래,경기 수원시 장안구,단독,5**,144.3,41111,개인,168.23,파장동,41111,202606,
1993.0,개인,,,"70,000",22,6,2026,중개거래,경기 수원시 권선구,단독,5**,190.1,41113,개인,347.75,구운동,41113,202606,
1990.0,개인,,,"47,700",20,6,2026,중개거래,경기 수원시 권선구,단독,4**,201.1,41113,개인,190.33,구운동,41113,202606,
1993.0,개인,,,"45,000",22,6,2026,중개거래,경기 수원시 권선구,다가구,8*,118.0,41113,개인,199.31,세류동,41113,202606,
2015.0,개인,,,"68,000",26,6,2026,중개거래,경기 수원시 권선구,단독,8**,228.0,41113,개인,221.04,호매실동,41113,202606,
2015.0,개인,,,"150,000",10,6,2026,중개거래,경기 수원시 권선구,단독,1***,262.6,41113,개인,494.17,호매실동,41113,202606,
2003.0,개인,,,"106,000",1,6,2026,중개거래,경기 수원시 팔달구,다가구,2**,205.0,41115,개인,516.65,북수동,41115,202606,
1993.0,개인,,,"30,600",16,6,2026,직거래,,다가구,4**,141.9,41115,개인,199.53,우만동,41115,202606,
1997.0,개인,,,"83,500",30,6,2026,중개거래,경기 수원시 팔달구,단독,2**,155.0,41115,개인,272.55,지동,41115,202606,
1990.0,개인,,,"41,000",30,6,2026,직거래,,다가구,3*,179.0,41115,개인,261.81,화서동,41115,202606,
2022.0,개인,,,"116,000",15,6,2026,직거래,,다가구,1**,201.6,41117,개인,375.0,매탄동,41117,202606,
2003.0,개인,,,"98,000",8,6,2026,중개거래,경기 수원시 영통구,다가구,1**,172.0,41117,개인,305.92,매탄동,41117,202606,
1993.0,개인,,,"34,000",16,7,2026,중개거래,경기 수원시 장안구,단독,6*,105.0,41111,개인,166.71,연무동,41111,202607,
2005.0,개인,,,"99,000",14,7,2026,중개거래,경기 수원시 권선구,단독,9**,226.8,41113,개인,865.97,구운동,41113,202607,
2005.0,개인,,,"171,000",14,7,2026,중개거래,경기 수원시 권선구,단독,9**,298.5,41113,개인,1135.44,구운동,41113,202607,
2011.0,개인,,,"215,000",15,7,2026,중개거래,경기 수원시 권선구,단독,2**,989.0,41113,개인,319.24,서둔동,41113,202607,
1980.0,개인,,,"39,500",17,7,2026,중개거래,경기 수원시 장안구,단독,2**,150.5,41113,개인,164.88,세류동,41113,202607,
1985.0,개인,,,"35,000",3,7,2026,직거래,,단독,1***,204.6,41113,개인,176.13,세류동,41113,202607,
2003.0,개인,,,"75,000",13,7,2026,중개거래,경기 수원시 팔달구,단독,5*,187.4,41115,개인,327.24,고등동,41115,202607,
2018.0,법인,,,"75,000",10,7,2026,중개거래,서울 강남구,단독,1*,89.0,41115,법인,139.09,구천동,41115,202607,
1989.0,개인,,,"79,500",14,7,2026,중개거래,경기 수원시 팔달구,단독,5**,219.0,41115,개인,181.91,우만동,41115,202607,
1986.0,개인,,,"39,000",6,7,2026,중개거래,경기 수원시 팔달구,단독,2**,178.0,41115,개인,107.37,지동,41115,202607,
